# Data for figure ndd_for_varying_td_intra_and_corr_dep_add_parameters.jpeg, panels A-C.
# Source: Data_corr_study/STDP+SP(corr-dep-add-..,corr_th=..,delta_corr=..,same_pop_delay=..)<trial>.dat,
# trials 1-10.
# ndd_intra_mean / ndd_intra_std = mean / standard deviation (numpy std, ddof=0) across the n_trials
# trials of the intra-pop node degree density of population 1 (column 3 of the raw file).
# time_h = iSPupdate (column 15) * Tw / 3.6e6 h, with Tw = 6000 ms; row with time_h = 0 is the end of
# the relaxation phase.
# corr_dep_add = ON: extended SP model (correlation-dependent addition with threshold corr_th and width
# delta_corr); OFF: original SP model (corr_th, delta_corr have no effect). same_pop_delay = intra-pop
# synaptic delay (ms).
corr_dep_add,corr_th,delta_corr,same_pop_delay,n_trials,time_h,ndd_intra_mean,ndd_intra_std
ON,0.5,0.6,1.0,10,0.0,0.09957505,0.0003250554268121059
ON,0.5,0.6,1.0,10,0.16666666666666666,0.1036559,0.00037149305511678107
ON,0.5,0.6,1.0,10,0.3333333333333333,0.1071666,0.0004516228957880678
ON,0.5,0.6,1.0,10,0.5,0.10986150000000001,0.0005563175801644247
ON,0.5,0.6,1.0,10,0.6666666666666666,0.11193139999999999,0.0006745297917809117
ON,0.5,0.6,1.0,10,0.8333333333333334,0.11359579999999998,0.000777056857636559
ON,0.5,0.6,1.0,10,1.0,0.1149683,0.0008280508498878539
ON,0.5,0.6,1.0,10,1.1666666666666667,0.11617390000000001,0.0008749179904425323
ON,0.5,0.6,1.0,10,1.3333333333333333,0.11722150000000002,0.0008450081952265303
ON,0.5,0.6,1.0,10,1.5,0.1182024,0.0008883033490874615
ON,0.5,0.6,1.0,10,1.6666666666666667,0.11909999999999998,0.0009211487393466939
ON,0.5,0.6,1.0,10,1.8333333333333333,0.1199735,0.000893829765671295
ON,0.5,0.6,1.0,10,2.0,0.12077339999999999,0.0008905651239522011
ON,0.5,0.6,1.0,10,2.1666666666666665,0.1214658,0.0009012339097038019
ON,0.5,0.6,1.0,10,2.3333333333333335,0.1221662,0.0008952043118752276
ON,0.5,0.6,1.0,10,2.5,0.1228049,0.0008924962128771188
ON,0.5,0.6,1.0,10,2.6666666666666665,0.12345310000000002,0.0009260651650936888
ON,0.5,0.6,1.0,10,2.8333333333333335,0.1240235,0.0008871558205862163
ON,0.5,0.6,1.0,10,3.0,0.12461930000000002,0.0008596862276435534
ON,0.5,0.6,1.0,10,3.1666666666666665,0.125174,0.000850704649099788
ON,0.5,0.6,1.0,10,3.3333333333333335,0.12570209999999998,0.0008334933053120473
ON,0.5,0.6,1.0,10,3.5,0.1262189,0.0008982178410608406
ON,0.5,0.6,1.0,10,3.6666666666666665,0.126689,0.0009331213211581897
ON,0.5,0.6,1.0,10,3.8333333333333335,0.12716430000000004,0.0009490311954830596
ON,0.5,0.6,1.0,10,4.0,0.12763460000000001,0.000961933386467067
ON,0.5,0.6,1.0,10,4.166666666666667,0.128071,0.000991526701607175
ON,0.5,0.6,1.0,10,4.333333333333333,0.1284617,0.0009976612701713956
ON,0.5,0.6,1.0,10,4.5,0.12885190000000002,0.0010332146388819707
ON,0.5,0.6,1.0,10,4.666666666666667,0.12919370000000002,0.0010207698124454893
ON,0.5,0.6,1.0,10,4.833333333333333,0.1295671,0.0010225081368869348
ON,0.5,0.6,1.0,10,5.0,0.1299423,0.0010449660329407856
ON,0.5,0.6,1.0,10,5.166666666666667,0.13031369999999998,0.0010589866901902036
ON,0.5,0.6,1.0,10,5.333333333333333,0.13066170000000005,0.0010399835623700945
ON,0.5,0.6,1.0,10,5.5,0.1309788,0.0010463723811339836
ON,0.5,0.6,1.0,10,5.666666666666667,0.13129090000000002,0.0010449229110321963
ON,0.5,0.6,1.0,10,5.833333333333333,0.1315777,0.0010290415006208437
ON,0.5,0.6,1.0,10,6.0,0.13187849999999998,0.0010472432620933887
ON,0.5,0.6,1.0,10,6.166666666666667,0.13214730000000002,0.0010811205344456237
ON,0.5,0.6,1.0,10,6.333333333333333,0.13240970000000002,0.0010995323596875218
ON,0.5,0.6,1.0,10,6.5,0.13266,0.0010928023609052095
ON,0.5,0.6,1.0,10,6.666666666666667,0.13289900000000002,0.0010997034145623116
ON,0.5,0.6,1.0,10,6.833333333333333,0.13316060000000002,0.001108742368632138
ON,0.5,0.6,1.0,10,7.0,0.13342639999999997,0.0011101530705267635
ON,0.5,0.6,1.0,10,7.166666666666667,0.13366090000000003,0.0011020581155274886
ON,0.5,0.6,1.0,10,7.333333333333333,0.1338677,0.0011073789821014319
ON,0.5,0.6,1.0,10,7.5,0.13408409999999998,0.0011417273273422214
ON,0.5,0.6,1.0,10,7.666666666666667,0.1342803,0.0011394275799716223
ON,0.5,0.6,1.0,10,7.833333333333333,0.1344785,0.0011599633830427557
ON,0.5,0.6,1.0,10,8.0,0.1346574,0.0011802273679253482
ON,0.5,0.6,1.0,10,8.166666666666666,0.13483509999999999,0.0011911195951708657
ON,0.5,0.6,1.0,10,8.333333333333334,0.13502940000000002,0.0011942894289074136
ON,0.5,0.6,1.0,10,8.5,0.1352164,0.001201329696627866
ON,0.5,0.6,1.0,10,8.666666666666666,0.1353777,0.0011785683730696351
ON,0.5,0.6,1.0,10,8.833333333333334,0.13557010000000003,0.001198432513744517
ON,0.5,0.6,1.0,10,9.0,0.1357484,0.0012162805761829789
ON,0.5,0.6,1.0,10,9.166666666666666,0.1358823,0.0012203600329411032
ON,0.5,0.6,1.0,10,9.333333333333334,0.13603890000000002,0.0012277431693965958
ON,0.5,0.6,1.0,10,9.5,0.1361848,0.001220186116951019
ON,0.5,0.6,1.0,10,9.666666666666666,0.13630970000000003,0.0012493886545026705
ON,0.5,0.6,1.0,10,9.833333333333334,0.1364546,0.00126226734093852
ON,0.5,0.6,1.0,10,10.0,0.1365651,0.001291607792636762
ON,0.5,0.6,1.0,10,10.166666666666666,0.1366694,0.0012846643296986198
ON,0.5,0.6,1.0,10,10.333333333333334,0.1367893,0.0012919465197909733
ON,0.5,0.6,1.0,10,10.5,0.1369019,0.001303081612946786
ON,0.5,0.6,1.0,10,10.666666666666666,0.13701420000000003,0.001294845998565079
ON,0.5,0.6,1.0,10,10.833333333333334,0.13712470000000002,0.001282009364240369
ON,0.5,0.6,1.0,10,11.0,0.13724240000000001,0.0012931277740424532
ON,0.5,0.6,1.0,10,11.166666666666666,0.13734929999999998,0.0012909390419380787
ON,0.5,0.6,1.0,10,11.333333333333334,0.1374406,0.0012870663696950481
ON,0.5,0.6,1.0,10,11.5,0.1375363,0.0012936280802456268
ON,0.5,0.6,1.0,10,11.666666666666666,0.1376288,0.0013103748929218714
ON,0.5,0.6,1.0,10,11.833333333333334,0.1377194,0.0013194756685896121
ON,0.5,0.6,1.0,10,12.0,0.13778450000000003,0.0013472445397922344
ON,0.5,0.6,1.0,10,12.166666666666666,0.137879,0.001336465338121419
ON,0.5,0.6,1.0,10,12.333333333333334,0.1379349,0.0013799690177681468
ON,0.5,0.6,1.0,10,12.5,0.13799580000000003,0.00136119695856257
ON,0.5,0.6,1.0,10,12.666666666666666,0.1380749,0.0013692853939190313
ON,0.5,0.6,1.0,10,12.833333333333334,0.1381459,0.0013405897545483477
ON,0.5,0.6,1.0,10,13.0,0.13821010000000003,0.001352200610116706
ON,0.5,0.6,1.0,10,13.166666666666666,0.1382721,0.0013282367597683763
ON,0.5,0.6,1.0,10,13.333333333333334,0.13831220000000002,0.0013189046819235997
ON,0.5,0.6,1.0,10,13.5,0.1383754,0.0013492903468119797
ON,0.5,0.6,1.0,10,13.666666666666666,0.13842710000000003,0.0013849949061278167
ON,0.5,0.6,1.0,10,13.833333333333334,0.1384918,0.0013624918935538667
ON,0.5,0.6,1.0,10,14.0,0.13855589999999998,0.0013704883399722882
ON,0.5,0.6,1.0,10,14.166666666666666,0.13860600000000003,0.0013453273207662162
ON,0.5,0.6,1.0,10,14.333333333333334,0.13866470000000003,0.0013544409953925622
ON,0.5,0.6,1.0,10,14.5,0.1387224,0.0013444726996112665
ON,0.5,0.6,1.0,10,14.666666666666666,0.13877840000000002,0.0013571299274572064
ON,0.5,0.6,1.0,10,14.833333333333334,0.138804,0.001364109599702311
ON,0.5,0.6,1.0,10,15.0,0.13885229999999998,0.001372323143432331
ON,0.5,0.6,1.0,10,15.166666666666666,0.13889829999999997,0.0013605587124413273
ON,0.5,0.6,1.0,10,15.333333333333334,0.13893339999999998,0.0013567832693543943
ON,0.5,0.6,1.0,10,15.5,0.1389611,0.0013591965604723979
ON,0.5,0.6,1.0,10,15.666666666666666,0.13901369999999996,0.0013271008288747313
ON,0.5,0.6,1.0,10,15.833333333333334,0.13906049999999998,0.001319782955640813
ON,0.5,0.6,1.0,10,16.0,0.1390999,0.0013408359668505277
ON,0.5,0.6,1.0,10,16.166666666666668,0.1391263,0.001309428199635246
ON,0.5,0.6,1.0,10,16.333333333333332,0.13916140000000002,0.001286518418057045
ON,0.5,0.6,1.0,10,16.5,0.1392012,0.0012660406628540806
ON,0.5,0.6,1.0,10,16.666666666666668,0.1392063,0.0012824461041306935
ON,0.5,0.6,1.0,10,16.833333333333332,0.1392156,0.0012701339456923466
ON,0.5,0.6,1.0,10,17.0,0.1392498,0.001215363632827643
ON,0.5,0.6,1.0,10,17.166666666666668,0.1392842,0.00120193808492784
ON,0.5,0.6,1.0,10,17.333333333333332,0.1393213,0.0012111020642373575
ON,0.5,0.6,1.0,10,17.5,0.1393469,0.0012146207185784357
ON,0.5,0.6,1.0,10,17.666666666666668,0.13937589999999997,0.0012104399572056448
ON,0.5,0.6,1.0,10,17.833333333333332,0.1393938,0.0012180241212718264
ON,0.5,0.6,1.0,10,18.0,0.1394443,0.0012228555147686074
ON,0.5,0.6,1.0,10,18.166666666666668,0.1394617,0.0012330498002919436
ON,0.5,0.6,1.0,10,18.333333333333332,0.13947729999999997,0.0012243418681071015
ON,0.5,0.6,1.0,10,18.5,0.1394944,0.0012139359291165254
ON,0.5,0.6,1.0,10,18.666666666666668,0.13949789999999998,0.0012374280948806704
ON,0.5,0.6,1.0,10,18.833333333333332,0.13950440000000003,0.0012200236227221163
ON,0.5,0.6,1.0,10,19.0,0.139549,0.0012447720273206678
ON,0.5,0.6,1.0,10,19.166666666666668,0.1395804,0.0012754820422099236
ON,0.5,0.6,1.0,10,19.333333333333332,0.1396159,0.0012929685572356342
ON,0.5,0.6,1.0,10,19.5,0.13966109999999998,0.0013013847586321214
ON,0.5,0.6,1.0,10,19.666666666666668,0.1396561,0.0013158685686648218
ON,0.5,0.6,1.0,10,19.833333333333332,0.1396694,0.0013403520582294778
ON,0.5,0.6,1.0,10,20.0,0.1396825,0.0013239604412519314
ON,0.5,0.6,1.0,10,20.166666666666668,0.13970159999999998,0.001311585849267979
ON,0.5,0.6,1.0,10,20.333333333333332,0.1397409,0.0012983014634513812
ON,0.5,0.6,1.0,10,20.5,0.13974299999999998,0.001308517023198401
ON,0.5,0.6,1.0,10,20.666666666666668,0.1397584,0.0013018066830370804
ON,0.5,0.6,1.0,10,20.833333333333332,0.13978039999999997,0.0013227517680955907
ON,0.5,0.6,1.0,10,21.0,0.1397934,0.001332945850363022
ON,0.5,0.6,1.0,10,21.166666666666668,0.13980949999999998,0.0013403120718698334
ON,0.5,0.6,1.0,10,21.333333333333332,0.1398312,0.001335131364323377
ON,0.5,0.6,1.0,10,21.5,0.1398284,0.0013385223345166834
ON,0.5,0.6,1.0,10,21.666666666666668,0.1398257,0.0013354184400404207
ON,0.5,0.6,1.0,10,21.833333333333332,0.13983790000000001,0.0013432660533192985
ON,0.5,0.6,1.0,10,22.0,0.13984990000000003,0.0013439021132508131
ON,0.5,0.6,1.0,10,22.166666666666668,0.1398651,0.0013069140331330128
ON,0.5,0.6,1.0,10,22.333333333333332,0.13984950000000002,0.0012948648771203876
ON,0.5,0.6,1.0,10,22.5,0.13985070000000002,0.0013036821736911203
ON,0.5,0.6,1.0,10,22.666666666666668,0.13984950000000002,0.0012952565962001518
ON,0.5,0.6,1.0,10,22.833333333333332,0.13986730000000003,0.0012761851785693151
ON,0.5,0.6,1.0,10,23.0,0.1398621,0.0012925875173465037
ON,0.5,0.6,1.0,10,23.166666666666668,0.1398878,0.0013189814858442868
ON,0.5,0.6,1.0,10,23.333333333333332,0.1398954,0.0013249681656553125
ON,0.5,0.6,1.0,10,23.5,0.1398854,0.0013319194570243355
ON,0.5,0.6,1.0,10,23.666666666666668,0.13988320000000004,0.001326694071743747
ON,0.5,0.6,1.0,10,23.833333333333332,0.13989259999999998,0.0013294295919679222
ON,0.5,0.6,1.0,10,24.0,0.13991320000000002,0.0013334836181970934
ON,0.5,0.6,1.0,10,24.166666666666668,0.1399187,0.0013245675558460547
ON,0.5,0.6,1.0,10,24.333333333333332,0.13995799999999997,0.0013058872079930917
ON,0.5,0.6,1.0,10,24.5,0.13995249999999998,0.0012876509037778859
ON,0.5,0.6,1.0,10,24.666666666666668,0.1399274,0.0012963422541906135
ON,0.5,0.6,1.0,10,24.833333333333332,0.13991789999999998,0.0013005945140588627
ON,0.5,0.6,1.0,10,25.0,0.13990419999999998,0.001302287510498355
ON,0.5,0.6,1.0,10,25.166666666666668,0.1399341,0.0012900484835850201
ON,0.5,0.6,1.0,10,25.333333333333332,0.1399235,0.0013065087255736151
ON,0.5,0.6,1.0,10,25.5,0.1399149,0.0012970429021431787
ON,0.5,0.6,1.0,10,25.666666666666668,0.1399125,0.0013261135886491783
ON,0.5,0.6,1.0,10,25.833333333333332,0.1398812,0.0013327500740949105
ON,0.5,0.6,1.0,10,26.0,0.13989970000000002,0.0013345346042722126
ON,0.5,0.6,1.0,10,26.166666666666668,0.1398855,0.0013337853837855605
ON,0.5,0.6,1.0,10,26.333333333333332,0.13990120000000003,0.0013297267990079787
ON,0.5,0.6,1.0,10,26.5,0.1398942,0.0013234451858690627
ON,0.5,0.6,1.0,10,26.666666666666668,0.1398579,0.0013222351114684553
ON,0.5,0.6,1.0,10,26.833333333333332,0.13983189999999998,0.001323139558020999
ON,0.5,0.6,1.0,10,27.0,0.13984480000000002,0.0012939257165695422
ON,0.5,0.6,1.0,10,27.166666666666668,0.1398425,0.001263982614595627
ON,0.5,0.6,1.0,10,27.333333333333332,0.1398006,0.0012512288519691342
ON,0.5,0.6,1.0,10,27.5,0.1397761,0.0012411106679100022
ON,0.5,0.6,1.0,10,27.666666666666668,0.1397816,0.0012217905057742074
ON,0.5,0.6,1.0,10,27.833333333333332,0.1398117,0.0012068095997298004
ON,0.5,0.6,1.0,10,28.0,0.13980800000000002,0.0012202456310104126
ON,0.5,0.6,1.0,10,28.166666666666668,0.1398068,0.0012293882055721874
ON,0.5,0.6,1.0,10,28.333333333333332,0.13980869999999998,0.0012181210161556232
ON,0.5,0.6,1.0,10,28.5,0.13978220000000002,0.001243950626029826
ON,0.5,0.6,1.0,10,28.666666666666668,0.13978059999999998,0.0012665750037009255
ON,0.5,0.6,1.0,10,28.833333333333332,0.1397829,0.0012624165279336269
ON,0.5,0.6,1.0,10,29.0,0.1397853,0.0012622759642803931
ON,0.5,0.6,1.0,10,29.166666666666668,0.13979409999999998,0.0013030605856981462
ON,0.5,0.6,1.0,10,29.333333333333332,0.1397864,0.0013164715112754964
ON,0.5,0.6,1.0,10,29.5,0.13978610000000002,0.001330314282415999
ON,0.5,0.6,1.0,10,29.666666666666668,0.1397909,0.0013481502475614466
ON,0.5,0.6,1.0,10,29.833333333333332,0.1397982,0.0013446617269782042
ON,0.5,0.6,1.0,10,30.0,0.1398068,0.001334127265293683
ON,0.5,0.6,1.0,10,30.166666666666668,0.1398006,0.0012966444539656962
ON,0.5,0.6,1.0,10,30.333333333333332,0.13980089999999998,0.0012885015677134458
ON,0.5,0.6,1.0,10,30.5,0.13980969999999998,0.0013056904725087
ON,0.5,0.6,1.0,10,30.666666666666668,0.1397953,0.0012989965396412728
ON,0.5,0.6,1.0,10,30.833333333333332,0.1397871,0.0013070975059267808
ON,0.5,0.6,1.0,10,31.0,0.13975700000000002,0.0012914346286204382
ON,0.5,0.6,1.0,10,31.166666666666668,0.1397779,0.0013139216453046212
ON,0.5,0.6,1.0,10,31.333333333333332,0.13979290000000003,0.0013324498076850752
ON,0.5,0.6,1.0,10,31.5,0.139799,0.0013302420832314677
ON,0.5,0.6,1.0,10,31.666666666666668,0.13976439999999996,0.0013396915465882476
ON,0.5,0.6,1.0,10,31.833333333333332,0.13976080000000002,0.0013273248132992888
ON,0.5,0.6,1.0,10,32.0,0.13974899999999998,0.0013342481778140121
ON,0.5,0.6,1.0,10,32.166666666666664,0.13976660000000002,0.0013211907659380622
ON,0.5,0.6,1.0,10,32.333333333333336,0.13975710000000002,0.0013184831777463056
ON,0.5,0.6,1.0,10,32.5,0.13977660000000003,0.0013454357063791603
ON,0.5,0.6,1.0,10,32.666666666666664,0.1397661,0.0013442005393541508
ON,0.5,0.6,1.0,10,32.833333333333336,0.1397876,0.001376208356318185
ON,0.5,0.6,1.0,10,33.0,0.1397792,0.0013883320784308113
ON,0.5,0.6,1.0,10,33.166666666666664,0.13978340000000003,0.0013829509897317423
ON,0.5,0.6,1.0,10,33.333333333333336,0.1398009,0.001361862654602146
ON,0.5,0.6,1.0,10,33.5,0.13980360000000003,0.0013569429022622912
ON,0.5,0.6,1.0,10,33.666666666666664,0.1397655,0.00136684521801117
ON,0.5,0.6,1.0,10,33.833333333333336,0.13976470000000002,0.0013905157352579677
ON,0.5,0.6,1.0,10,34.0,0.1397478,0.0013916896061981654
ON,0.5,0.6,1.0,10,34.166666666666664,0.1397692,0.0014121380102525393
ON,0.5,0.6,1.0,10,34.333333333333336,0.13979979999999997,0.0014304822124025182
ON,0.5,0.6,1.0,10,34.5,0.1397719,0.0014350684617815263
ON,0.5,0.6,1.0,10,34.666666666666664,0.1397677,0.0014110275723741128
ON,0.5,0.6,1.0,10,34.833333333333336,0.13973249999999998,0.0013913492192832088
ON,0.5,0.6,1.0,10,35.0,0.1397478,0.001407741652434852
ON,0.5,0.6,1.0,10,35.166666666666664,0.13972040000000002,0.0013962073771471013
ON,0.5,0.6,1.0,10,35.333333333333336,0.1396992,0.0013844726649522518
ON,0.5,0.6,1.0,10,35.5,0.13968239999999998,0.0013722579349378882
ON,0.5,0.6,1.0,10,35.666666666666664,0.1396583,0.001371477309327426
ON,0.5,0.6,1.0,10,35.833333333333336,0.13968509999999998,0.0013529340301729417
ON,0.5,0.6,1.0,10,36.0,0.13966340000000002,0.0013468180426471884
ON,0.5,0.6,1.0,10,36.166666666666664,0.13967369999999998,0.0013392703274544638
ON,0.5,0.6,1.0,10,36.333333333333336,0.13969389999999998,0.001349866397092688
ON,0.5,0.6,1.0,10,36.5,0.13969589999999998,0.0013373300602319519
ON,0.5,0.6,1.0,10,36.666666666666664,0.1396843,0.001331086702660651
ON,0.5,0.6,1.0,10,36.833333333333336,0.13969320000000002,0.0013482789622329635
ON,0.5,0.6,1.0,10,37.0,0.1396963,0.001376702585891375
ON,0.5,0.6,1.0,10,37.166666666666664,0.13971879999999998,0.0013931144820150253
ON,0.5,0.6,1.0,10,37.333333333333336,0.1397367,0.0013884643351559328
ON,0.5,0.6,1.0,10,37.5,0.13972,0.0014089847408684053
ON,0.5,0.6,1.0,10,37.666666666666664,0.1397225,0.001397949587789205
ON,0.5,0.6,1.0,10,37.833333333333336,0.13973059999999998,0.0014068159936537516
ON,0.5,0.6,1.0,10,38.0,0.13969929999999997,0.0013924087079589815
ON,0.5,0.6,1.0,10,38.166666666666664,0.139712,0.0013918539434868914
ON,0.5,0.6,1.0,10,38.333333333333336,0.1397105,0.0013980824904132093
ON,0.5,0.6,1.0,10,38.5,0.13970269999999999,0.001402286065679894
ON,0.5,0.6,1.0,10,38.666666666666664,0.1397311,0.001411563207936504
ON,0.5,0.6,1.0,10,38.833333333333336,0.1397546,0.0014096420254802295
ON,0.5,0.6,1.0,10,39.0,0.1397605,0.0014008399801547632
ON,0.5,0.6,1.0,10,39.166666666666664,0.13975500000000002,0.00138625091523865
ON,0.5,0.6,1.0,10,39.333333333333336,0.1397327,0.0013737157675443618
ON,0.5,0.6,1.0,10,39.5,0.1397137,0.0013622819862275201
ON,0.5,0.6,1.0,10,39.666666666666664,0.1396967,0.0013422563130788376
ON,0.5,0.6,1.0,10,39.833333333333336,0.13967069999999998,0.0013619392093628853
ON,0.5,0.6,1.0,10,40.0,0.13966689999999998,0.0013616363280993943
ON,0.5,0.6,1.0,10,40.166666666666664,0.139664,0.001326906251398347
ON,0.5,0.6,1.0,10,40.333333333333336,0.1396366,0.0012836502015736216
ON,0.5,0.6,1.0,10,40.5,0.1396,0.0012506466327464336
ON,0.5,0.6,1.0,10,40.666666666666664,0.1395893,0.001254232279125357
ON,0.5,0.6,1.0,10,40.833333333333336,0.1395758,0.001244029083261319
ON,0.5,0.6,1.0,10,41.0,0.1395866,0.001269482745058
ON,0.5,0.6,1.0,10,41.166666666666664,0.1396193,0.0012726039486030242
ON,0.5,0.6,1.0,10,41.333333333333336,0.13962009999999997,0.0012856475761265195
ON,0.5,0.6,1.0,10,41.5,0.13959339999999998,0.0013049784825812265
ON,0.5,0.6,1.0,10,41.666666666666664,0.13958829999999997,0.0013121240833091955
ON,0.5,0.6,1.0,10,41.833333333333336,0.1396053,0.001308486381281821
ON,0.5,0.6,1.0,10,42.0,0.1396183,0.0013047887223608247
ON,0.5,0.6,1.0,10,42.166666666666664,0.1395999,0.0012924881778956462
ON,0.5,0.6,1.0,10,42.333333333333336,0.1395922,0.0013067029348708152
ON,0.5,0.6,1.0,10,42.5,0.13957840000000002,0.0012894225219066099
ON,0.5,0.6,1.0,10,42.666666666666664,0.1395789,0.001285913329116698
ON,0.5,0.6,1.0,10,42.833333333333336,0.1395686,0.0012667194006566718
ON,0.5,0.6,1.0,10,43.0,0.1395802,0.0012797512883369173
ON,0.5,0.6,1.0,10,43.166666666666664,0.1395863,0.001275296910527112
ON,0.5,0.6,1.0,10,43.333333333333336,0.13958109999999996,0.001264745464510555
ON,0.5,0.6,1.0,10,43.5,0.1395348,0.0012548561511185287
ON,0.5,0.6,1.0,10,43.666666666666664,0.13953639999999998,0.0012725304082810754
ON,0.5,0.6,1.0,10,43.833333333333336,0.1395262,0.0012503205029111523
ON,0.5,0.6,1.0,10,44.0,0.1395128,0.0012474108224638785
ON,0.5,0.6,1.0,10,44.166666666666664,0.13950559999999998,0.0012473273988813027
ON,0.5,0.6,1.0,10,44.333333333333336,0.1394853,0.00125400781895489
ON,0.5,0.6,1.0,10,44.5,0.1394883,0.0012662342634757603
ON,0.5,0.6,1.0,10,44.666666666666664,0.1394998,0.0012672296398048776
ON,0.5,0.6,1.0,10,44.833333333333336,0.13950089999999998,0.0012832542577369483
ON,0.5,0.6,1.0,10,45.0,0.13952179999999997,0.0013031189354774984
ON,0.5,0.6,1.0,10,45.166666666666664,0.1395345,0.0013174965844358034
ON,0.5,0.6,1.0,10,45.333333333333336,0.1395234,0.0013191353380150204
ON,0.5,0.6,1.0,10,45.5,0.1395632,0.001315261707798106
ON,0.5,0.6,1.0,10,45.666666666666664,0.1395567,0.0013165545981842165
ON,0.5,0.6,1.0,10,45.833333333333336,0.1395384,0.00132765712441127
ON,0.5,0.6,1.0,10,46.0,0.13951360000000002,0.0013198485670712372
ON,0.5,0.6,1.0,10,46.166666666666664,0.139527,0.0013049006858761344
ON,0.5,0.6,1.0,10,46.333333333333336,0.13951019999999997,0.001285582031610587
ON,0.5,0.6,1.0,10,46.5,0.13952199999999998,0.001295181994933527
ON,0.5,0.6,1.0,10,46.666666666666664,0.1395365,0.0012595696288812295
ON,0.5,0.6,1.0,10,46.833333333333336,0.1395421,0.001265691941192644
ON,0.5,0.6,1.0,10,47.0,0.1395636,0.0012796732551710191
ON,0.5,0.6,1.0,10,47.166666666666664,0.1395999,0.0012704832505782962
ON,0.5,0.6,1.0,10,47.333333333333336,0.1396155,0.0012659809832694926
ON,0.5,0.6,1.0,10,47.5,0.1396358,0.0012804965286950186
ON,0.5,0.6,1.0,10,47.666666666666664,0.1396114,0.0012945988722380375
ON,0.5,0.6,1.0,10,47.833333333333336,0.1396286,0.001288190607014353
ON,0.5,0.6,1.0,10,48.0,0.13964369999999998,0.001286040749743182
ON,0.5,0.6,1.0,10,48.166666666666664,0.1396382,0.001271858231093388
ON,0.5,0.6,1.0,10,48.333333333333336,0.13960480000000003,0.0012721987894979327
ON,0.5,0.6,1.0,10,48.5,0.13957960000000003,0.001251886512428348
ON,0.5,0.6,1.0,10,48.666666666666664,0.1395966,0.0012586267278268028
ON,0.5,0.6,1.0,10,48.833333333333336,0.13955860000000003,0.0012737156040498205
ON,0.5,0.6,1.0,10,49.0,0.1395381,0.0012652151951348016
ON,0.5,0.6,1.0,10,49.166666666666664,0.13952799999999999,0.0012665137977929807
ON,0.5,0.6,1.0,10,49.333333333333336,0.1395219,0.0012790696970845586
ON,0.5,0.6,1.0,10,49.5,0.13949509999999998,0.001261865797143265
ON,0.5,0.6,1.0,10,49.666666666666664,0.1394676,0.0012585048430578277
ON,0.5,0.6,1.0,10,49.833333333333336,0.13946199999999997,0.001277267239069411
ON,0.5,0.6,1.0,10,50.0,0.13942439999999998,0.0012765201291009838
ON,0.5,0.6,1.0,10,50.166666666666664,0.13943809999999995,0.0012978131182878388
ON,0.5,0.6,1.0,10,50.333333333333336,0.1394374,0.001302873071331205
ON,0.5,0.6,1.0,10,50.5,0.1394244,0.0013019525490585277
ON,0.5,0.6,1.0,10,50.666666666666664,0.13945610000000003,0.0013072323779649874
ON,0.5,0.6,1.0,10,50.833333333333336,0.13945590000000002,0.0012775028336563428
ON,0.5,0.6,1.0,10,51.0,0.1394784,0.001271302418781621
ON,0.5,0.6,1.0,10,51.166666666666664,0.1394941,0.001307192139664251
ON,0.5,0.6,1.0,10,51.333333333333336,0.13948850000000004,0.0013082448738672718
ON,0.5,0.6,1.0,10,51.5,0.13950630000000003,0.0013216215835102005
ON,0.5,0.6,1.0,10,51.666666666666664,0.1395115,0.0013510507947519946
ON,0.5,0.6,1.0,10,51.833333333333336,0.139509,0.0013269755084401513
ON,0.5,0.6,1.0,10,52.0,0.1395051,0.001342379413578735
ON,0.5,0.6,1.0,10,52.166666666666664,0.1394975,0.0013395451653453133
ON,0.5,0.6,1.0,10,52.333333333333336,0.1394666,0.0013338789450321182
ON,0.5,0.6,1.0,10,52.5,0.1394803,0.001330815242623859
ON,0.5,0.6,1.0,10,52.666666666666664,0.13948789999999997,0.0013505530311690812
ON,0.5,0.6,1.0,10,52.833333333333336,0.13946830000000002,0.001330251408569072
ON,0.5,0.6,1.0,10,53.0,0.1394306,0.0013536297278059488
ON,0.5,0.6,1.0,10,53.166666666666664,0.139395,0.0013277654913425034
ON,0.5,0.6,1.0,10,53.333333333333336,0.1393717,0.0013160436200977549
ON,0.5,0.6,1.0,10,53.5,0.1393818,0.0013326854692687225
ON,0.5,0.6,1.0,10,53.666666666666664,0.1393889,0.001325102671493794
ON,0.5,0.6,1.0,10,53.833333333333336,0.1393884,0.0013253429895691167
ON,0.5,0.6,1.0,10,54.0,0.13938959999999997,0.0013405369968784928
ON,0.5,0.6,1.0,10,54.166666666666664,0.13938060000000002,0.001344557786039706
ON,0.5,0.6,1.0,10,54.333333333333336,0.13937899999999998,0.0013216218823854293
ON,0.5,0.6,1.0,10,54.5,0.1393618,0.0013543545916782662
ON,0.5,0.6,1.0,10,54.666666666666664,0.1393312,0.0013613163335536673
ON,0.5,0.6,1.0,10,54.833333333333336,0.1393369,0.0013744848089375142
ON,0.5,0.6,1.0,10,55.0,0.1393265,0.001356039545883528
ON,0.5,0.6,1.0,10,55.166666666666664,0.1393266,0.0013306164135467465
ON,0.5,0.6,1.0,10,55.333333333333336,0.13933810000000002,0.0013360680708706433
ON,0.5,0.6,1.0,10,55.5,0.13935219999999998,0.0013317814235076248
ON,0.5,0.6,1.0,10,55.666666666666664,0.1393692,0.0013416343615158342
ON,0.5,0.6,1.0,10,55.833333333333336,0.1393561,0.001359240188487668
ON,0.5,0.6,1.0,10,56.0,0.1393576,0.0013483994363689092
ON,0.5,0.6,1.0,10,56.166666666666664,0.1393546,0.0013726700404685804
ON,0.5,0.6,1.0,10,56.333333333333336,0.139382,0.001385766935671358
ON,0.5,0.6,1.0,10,56.5,0.13938869999999998,0.0013822774721451564
ON,0.5,0.6,1.0,10,56.666666666666664,0.139395,0.001357982915945558
ON,0.5,0.6,1.0,10,56.833333333333336,0.139411,0.0013402308010189861
ON,0.5,0.6,1.0,10,57.0,0.13940809999999998,0.0013607807648552345
ON,0.5,0.6,1.0,10,57.166666666666664,0.1394161,0.001344511543275099
ON,0.5,0.6,1.0,10,57.333333333333336,0.1393984,0.001344903951960889
ON,0.5,0.6,1.0,10,57.5,0.1393859,0.001325757477821644
ON,0.5,0.6,1.0,10,57.666666666666664,0.13936940000000003,0.0013072221846342673
ON,0.5,0.6,1.0,10,57.833333333333336,0.1393648,0.0013313501267510346
ON,0.5,0.6,1.0,10,58.0,0.1393605,0.001333288059648029
ON,0.5,0.6,1.0,10,58.166666666666664,0.1393294,0.0013206696937538935
ON,0.5,0.6,1.0,10,58.333333333333336,0.13931509999999997,0.0013055799822301183
ON,0.5,0.6,1.0,10,58.5,0.1393353,0.0013052015974553534
ON,0.5,0.6,1.0,10,58.666666666666664,0.13934069999999998,0.0013137897130058517
ON,0.5,0.6,1.0,10,58.833333333333336,0.1393208,0.0013297586096731977
ON,0.5,0.6,1.0,10,59.0,0.139327,0.0013348493547962633
ON,0.5,0.6,1.0,10,59.166666666666664,0.1393308,0.0013553803008749916
ON,0.5,0.6,1.0,10,59.333333333333336,0.1393411,0.0013495324708950112
ON,0.5,0.6,1.0,10,59.5,0.13933859999999998,0.0013451086350180065
ON,0.5,0.6,1.0,10,59.666666666666664,0.1393152,0.0013121630843763287
ON,0.5,0.6,1.0,10,59.833333333333336,0.1393248,0.001313933011991096
ON,0.5,0.6,1.0,10,60.0,0.1393217,0.0013054054580857238
ON,0.5,0.6,1.0,10,60.166666666666664,0.1393235,0.0013190709798945593
ON,0.5,0.6,1.0,10,60.333333333333336,0.1393303,0.0013347926468182288
ON,0.5,0.6,1.0,10,60.5,0.1393546,0.0013141797593936681
ON,0.5,0.6,1.0,10,60.666666666666664,0.1393388,0.0013196394052922208
ON,0.5,0.6,1.0,10,60.833333333333336,0.13934419999999997,0.0013330678752411689
ON,0.5,0.6,1.0,10,61.0,0.1393338,0.0013599194682039132
ON,0.5,0.6,1.0,10,61.166666666666664,0.1393507,0.0013649083522346847
ON,0.5,0.6,1.0,10,61.333333333333336,0.1393458,0.0013587473495834351
ON,0.5,0.6,1.0,10,61.5,0.1393377,0.0013438041561179943
ON,0.5,0.6,1.0,10,61.666666666666664,0.1393454,0.001317078524614236
ON,0.5,0.6,1.0,10,61.833333333333336,0.1393504,0.0013168746485523921
ON,0.5,0.6,1.0,10,62.0,0.1393609,0.0013311065659818504
ON,0.5,0.6,1.0,10,62.166666666666664,0.1393821,0.001317879998330648
ON,0.5,0.6,1.0,10,62.333333333333336,0.139389,0.001288670555262284
ON,0.5,0.6,1.0,10,62.5,0.1393862,0.0012798834946978561
ON,0.5,0.6,1.0,10,62.666666666666664,0.1393613,0.0012841336417990133
ON,0.5,0.6,1.0,10,62.833333333333336,0.1393649,0.0012667351301673116
ON,0.5,0.6,1.0,10,63.0,0.13936199999999999,0.0012457590457227296
ON,0.5,0.6,1.0,10,63.166666666666664,0.1393458,0.0012490983788317088
ON,0.5,0.6,1.0,10,63.333333333333336,0.1393492,0.001256955273667284
ON,0.5,0.6,1.0,10,63.5,0.1393542,0.0012422327318179958
ON,0.5,0.6,1.0,10,63.666666666666664,0.13934829999999998,0.0012601625331678436
ON,0.5,0.6,1.0,10,63.833333333333336,0.1393423,0.001255119838899854
ON,0.5,0.6,1.0,10,64.0,0.1393629,0.0012726327396385816
ON,0.5,0.6,1.0,10,64.16666666666667,0.13936600000000002,0.0012939436618338515
ON,0.5,0.6,1.0,10,64.33333333333333,0.1393631,0.001316157775496541
ON,0.5,0.6,1.0,10,64.5,0.13935479999999997,0.0013297483822137192
ON,0.5,0.6,1.0,10,64.66666666666667,0.1393477,0.0013227395851035807
ON,0.5,0.6,1.0,10,64.83333333333333,0.13936489999999999,0.0012986566482330925
ON,0.5,0.6,1.0,10,65.0,0.13935709999999998,0.0012967783503745017
ON,0.5,0.6,1.0,10,65.16666666666667,0.13935599999999998,0.0012915695103245502
ON,0.5,0.6,1.0,10,65.33333333333333,0.139353,0.0012946587967491673
ON,0.5,0.6,1.0,10,65.5,0.13931520000000003,0.001288780105370963
ON,0.5,0.6,1.0,10,65.66666666666667,0.1393113,0.0012726682246367279
ON,0.5,0.6,1.0,10,65.83333333333333,0.1393315,0.0012672733919719124
ON,0.5,0.6,1.0,10,66.0,0.1393741,0.001262308793441607
ON,0.5,0.6,1.0,10,66.16666666666667,0.1393825,0.0012260050774772523
ON,0.5,0.6,1.0,10,66.33333333333333,0.13938740000000002,0.001239054736482612
ON,0.5,0.6,1.0,10,66.5,0.13939430000000003,0.0012521325049690282
ON,0.5,0.6,1.0,10,66.66666666666667,0.1393836,0.001255379321161536
ON,0.5,0.6,1.0,10,66.83333333333333,0.1393932,0.001257948472712617
ON,0.5,0.6,1.0,10,67.0,0.1393921,0.001258041847475671
ON,0.5,0.6,1.0,10,67.16666666666667,0.1394007,0.0012766223443133032
ON,0.5,0.6,1.0,10,67.33333333333333,0.1393923,0.0012792031152244736
ON,0.5,0.6,1.0,10,67.5,0.1393831,0.0012975575863906743
ON,0.5,0.6,1.0,10,67.66666666666667,0.13938369999999997,0.001316376621639867
ON,0.5,0.6,1.0,10,67.83333333333333,0.1394066,0.0013251655141905867
ON,0.5,0.6,1.0,10,68.0,0.13938509999999998,0.0013169695858295315
ON,0.5,0.6,1.0,10,68.16666666666667,0.1393771,0.0013252584238555103
ON,0.5,0.6,1.0,10,68.33333333333333,0.13937439999999998,0.0013152798333434588
ON,0.5,0.6,1.0,10,68.5,0.1393647,0.0013480105377926379
ON,0.5,0.6,1.0,10,68.66666666666667,0.1393751,0.0013550459364907205
ON,0.5,0.6,1.0,10,68.83333333333333,0.13939150000000003,0.0013482885633275962
ON,0.5,0.6,1.0,10,69.0,0.1394209,0.0013366126177767436
ON,0.5,0.6,1.0,10,69.16666666666667,0.1394011,0.0013700840448673261
ON,0.5,0.6,1.0,10,69.33333333333333,0.1394139,0.0013632025124683464
ON,0.5,0.6,1.0,10,69.5,0.13942139999999997,0.0013539229077019126
ON,0.5,0.6,1.0,10,69.66666666666667,0.13938810000000001,0.001365332666422364
ON,0.5,0.6,1.0,10,69.83333333333333,0.13938830000000002,0.0013654460113823633
ON,0.5,0.6,1.0,10,70.0,0.1393847,0.0013657031192759281
ON,0.5,0.6,1.0,10,70.16666666666667,0.1393775,0.0013577594227255406
ON,0.5,0.6,1.0,10,70.33333333333333,0.13940580000000002,0.0013667607544848455
ON,0.5,0.6,1.0,10,70.5,0.13939490000000002,0.0013468730786529185
ON,0.5,0.6,1.0,10,70.66666666666667,0.1393839,0.0013576030679105001
ON,0.5,0.6,1.0,10,70.83333333333333,0.1393861,0.001337761895854414
ON,0.5,0.6,1.0,10,71.0,0.1394222,0.0013145405889511325
ON,0.5,0.6,1.0,10,71.16666666666667,0.1394144,0.0013331321164835833
ON,0.5,0.6,1.0,10,71.33333333333333,0.1394158,0.0013461316280364251
ON,0.5,0.6,1.0,10,71.5,0.1394345,0.0013400140484338217
ON,0.5,0.6,1.0,10,71.66666666666667,0.1394304,0.0013238221330677355
ON,0.5,0.6,1.0,10,71.83333333333333,0.13942859999999996,0.0013199194823927756
ON,0.5,0.6,1.0,10,72.0,0.1394339,0.0013420368437565375
ON,0.5,0.6,1.0,10,72.16666666666667,0.1394371,0.001349755122235144
ON,0.5,0.6,1.0,10,72.33333333333333,0.1394329,0.0013325936702536134
ON,0.5,0.6,1.0,10,72.5,0.13942130000000003,0.0013041771390420883
ON,0.5,0.6,1.0,10,72.66666666666667,0.13939870000000001,0.0013187499421800947
ON,0.5,0.6,1.0,10,72.83333333333333,0.13938840000000002,0.001325934930530149
ON,0.5,0.6,1.0,10,73.0,0.139402,0.001336611985581455
ON,0.5,0.6,1.0,10,73.16666666666667,0.1394321,0.0013183481672153232
ON,0.5,0.6,1.0,10,73.33333333333333,0.13943849999999997,0.0013092749329304328
ON,0.5,0.6,1.0,10,73.5,0.1394492,0.0012932301264662845
ON,0.5,0.6,1.0,10,73.66666666666667,0.1394321,0.0013122449047338692
ON,0.5,0.6,1.0,10,73.83333333333333,0.13944510000000002,0.001290699999999999
ON,0.5,0.6,1.0,10,74.0,0.1394401,0.001287352978013412
ON,0.5,0.6,1.0,10,74.16666666666667,0.13944150000000005,0.0012803448949404207
ON,0.5,0.6,1.0,10,74.33333333333333,0.13942130000000003,0.0012806977824607992
ON,0.5,0.6,1.0,10,74.5,0.13943650000000002,0.0012825760211387033
ON,0.5,0.6,1.0,10,74.66666666666667,0.13943740000000002,0.001261620164708857
ON,0.5,0.6,1.0,10,74.83333333333333,0.1394561,0.0012472137306813141
ON,0.5,0.6,1.0,10,75.0,0.13946390000000003,0.0012314175936699971
ON,0.5,0.6,1.0,10,75.16666666666667,0.1394397,0.0012547167847765488
ON,0.5,0.6,1.0,10,75.33333333333333,0.13942939999999998,0.001275230975157049
ON,0.5,0.6,1.0,10,75.5,0.139434,0.0012806352329996205
ON,0.5,0.6,1.0,10,75.66666666666667,0.1394085,0.0012697580281297678
ON,0.5,0.6,1.0,10,75.83333333333333,0.13938479999999998,0.001273928396731937
ON,0.5,0.6,1.0,10,76.0,0.1393774,0.0012561777899644598
ON,0.5,0.6,1.0,10,76.16666666666667,0.13937899999999998,0.001258653963565838
ON,0.5,0.6,1.0,10,76.33333333333333,0.13937280000000002,0.00126551624248763
ON,0.5,0.6,1.0,10,76.5,0.13936679999999999,0.0012824346221152905
ON,0.5,0.6,1.0,10,76.66666666666667,0.1393652,0.001278496366830975
ON,0.5,0.6,1.0,10,76.83333333333333,0.1393584,0.001284711500687995
ON,0.5,0.6,1.0,10,77.0,0.1393216,0.0012850241398510776
ON,0.5,0.6,1.0,10,77.16666666666667,0.1393117,0.001300762933819996
ON,0.5,0.6,1.0,10,77.33333333333333,0.1392935,0.0012798060204577877
ON,0.5,0.6,1.0,10,77.5,0.1392919,0.0012704421631857176
ON,0.5,0.6,1.0,10,77.66666666666667,0.1392841,0.0012858070967295238
ON,0.5,0.6,1.0,10,77.83333333333333,0.13927040000000002,0.001282859321983515
ON,0.5,0.6,1.0,10,78.0,0.1392724,0.0012663607858742303
ON,0.5,0.6,1.0,10,78.16666666666667,0.13928500000000002,0.0012826301103591772
ON,0.5,0.6,1.0,10,78.33333333333333,0.1392838,0.0012875315763118185
ON,0.5,0.6,1.0,10,78.5,0.13927119999999998,0.0012911928438463416
ON,0.5,0.6,1.0,10,78.66666666666667,0.1392548,0.0012642488520856975
ON,0.5,0.6,1.0,10,78.83333333333333,0.1392524,0.0012687406511970834
ON,0.5,0.6,1.0,10,79.0,0.1392723,0.0012677443788082807
ON,0.5,0.6,1.0,10,79.16666666666667,0.13926139999999998,0.0012480347911817207
ON,0.5,0.6,1.0,10,79.33333333333333,0.1392497,0.001254300127561187
ON,0.5,0.6,1.0,10,79.5,0.13925,0.0012228710479850278
ON,0.5,0.6,1.0,10,79.66666666666667,0.139272,0.0012391707711207568
ON,0.5,0.6,1.0,10,79.83333333333333,0.13924550000000002,0.001247436511410503
ON,0.5,0.6,1.0,10,80.0,0.1392337,0.0012698315675710662
ON,0.5,0.6,1.0,10,80.16666666666667,0.13924219999999998,0.0012734361232507867
ON,0.5,0.6,1.0,10,80.33333333333333,0.13923069999999999,0.001284883344899447
ON,0.5,0.6,1.0,10,80.5,0.1392194,0.001280033530810813
ON,0.5,0.6,1.0,10,80.66666666666667,0.13921930000000002,0.00126516038904164
ON,0.5,0.6,1.0,10,80.83333333333333,0.13922150000000003,0.0012508807497119778
ON,0.5,0.6,1.0,10,81.0,0.13922110000000001,0.0012151687495981795
ON,0.5,0.6,1.0,10,81.16666666666667,0.13922379999999998,0.0012244974316020425
ON,0.5,0.6,1.0,10,81.33333333333333,0.13921500000000003,0.0012367486405895102
ON,0.5,0.6,1.0,10,81.5,0.13921070000000002,0.0012652900892680709
ON,0.5,0.6,1.0,10,81.66666666666667,0.13921390000000003,0.0012651969372394181
ON,0.5,0.6,1.0,10,81.83333333333333,0.1392015,0.0012782787059166735
ON,0.5,0.6,1.0,10,82.0,0.1391916,0.0012914412259177753
ON,0.5,0.6,1.0,10,82.16666666666667,0.13917680000000002,0.0013195980297044986
ON,0.5,0.6,1.0,10,82.33333333333333,0.13914220000000002,0.0013372447644317029
ON,0.5,0.6,1.0,10,82.5,0.13911249999999997,0.0013214562610998494
ON,0.5,0.6,1.0,10,82.66666666666667,0.1390862,0.0012953024202864752
ON,0.5,0.6,1.0,10,82.83333333333333,0.1391096,0.0013117162955456456
ON,0.5,0.6,1.0,10,83.0,0.1391183,0.0013116665010588612
ON,0.5,0.6,1.0,10,83.16666666666667,0.13912680000000002,0.0012941564665835445
ON,0.5,0.6,1.0,10,83.33333333333333,0.1391076,0.0012684135130153766
ON,0.5,0.6,1.0,10,83.5,0.13910519999999998,0.0012568077657303055
ON,0.5,0.6,1.0,10,83.66666666666667,0.13909739999999998,0.0012711423366405543
ON,0.5,0.6,1.0,10,83.83333333333333,0.1391154,0.001269641697487917
ON,0.5,0.6,1.0,10,84.0,0.13909880000000002,0.001246742539580646
ON,0.5,0.6,1.0,10,84.16666666666667,0.1391014,0.001261243370646602
ON,0.5,0.6,1.0,10,84.33333333333333,0.13909149999999998,0.001246383508395388
ON,0.5,0.6,1.0,10,84.5,0.1390938,0.0012579543552927515
ON,0.5,0.6,1.0,10,84.66666666666667,0.1390643,0.0012702748560843048
ON,0.5,0.6,1.0,10,84.83333333333333,0.13905019999999998,0.0012659916903360786
ON,0.5,0.6,1.0,10,85.0,0.1390514,0.0012550359516762851
ON,0.5,0.6,1.0,10,85.16666666666667,0.13906870000000002,0.001261205459074767
ON,0.5,0.6,1.0,10,85.33333333333333,0.1390667,0.001280394474371085
ON,0.5,0.6,1.0,10,85.5,0.13909049999999998,0.001289572196505491
ON,0.5,0.6,1.0,10,85.66666666666667,0.13910450000000002,0.001288089069125271
ON,0.5,0.6,1.0,10,85.83333333333333,0.1391137,0.0012843027719350298
ON,0.5,0.6,1.0,10,86.0,0.1391229,0.0012730664122503552
ON,0.5,0.6,1.0,10,86.16666666666667,0.13910480000000003,0.0012905556012818655
ON,0.5,0.6,1.0,10,86.33333333333333,0.13909000000000002,0.0012723933354116543
ON,0.5,0.6,1.0,10,86.5,0.1390712,0.0012809917876395616
ON,0.5,0.6,1.0,10,86.66666666666667,0.13907730000000001,0.0012730044029774575
ON,0.5,0.6,1.0,10,86.83333333333333,0.1390601,0.0012908925942928052
ON,0.5,0.6,1.0,10,87.0,0.13906210000000002,0.0012982985365469681
ON,0.5,0.6,1.0,10,87.16666666666667,0.1390694,0.0013030948699154664
ON,0.5,0.6,1.0,10,87.33333333333333,0.1390724,0.0013246127887046825
ON,0.5,0.6,1.0,10,87.5,0.13908820000000002,0.0013455939060504068
ON,0.5,0.6,1.0,10,87.66666666666667,0.13909699999999997,0.00137295899428934
ON,0.5,0.6,1.0,10,87.83333333333333,0.1390866,0.001389441053085736
ON,0.5,0.6,1.0,10,88.0,0.1390857,0.0013917652855277014
ON,0.5,0.6,1.0,10,88.16666666666667,0.13908760000000003,0.001399643468887706
ON,0.5,0.6,1.0,10,88.33333333333333,0.13911050000000003,0.001369505476440307
ON,0.5,0.6,1.0,10,88.5,0.1390928,0.0013925712046426958
ON,0.5,0.6,1.0,10,88.66666666666667,0.139106,0.0013944549472822705
ON,0.5,0.6,1.0,10,88.83333333333333,0.13908069999999997,0.001379229208652429
ON,0.5,0.6,1.0,10,89.0,0.1390526,0.0013875775437790835
ON,0.5,0.6,1.0,10,89.16666666666667,0.1390739,0.0013864470743594943
ON,0.5,0.6,1.0,10,89.33333333333333,0.13908,0.0013844442206170685
ON,0.5,0.6,1.0,10,89.5,0.13905220000000001,0.001402179646122421
ON,0.5,0.6,1.0,10,89.66666666666667,0.1390307,0.0014072245769599144
ON,0.5,0.6,1.0,10,89.83333333333333,0.139009,0.0013989171526577237
ON,0.5,0.6,1.0,10,90.0,0.1390085,0.0014009433428943505
ON,0.5,0.6,1.0,10,90.16666666666667,0.13900819999999997,0.0013805011264030156
ON,0.5,0.6,1.0,10,90.33333333333333,0.1390084,0.0013743462591355958
ON,0.5,0.6,1.0,10,90.5,0.1389985,0.0013852804950622816
ON,0.5,0.6,1.0,10,90.66666666666667,0.13901170000000002,0.0013845704062993719
ON,0.5,0.6,1.0,10,90.83333333333333,0.13901310000000003,0.0014058998861938932
ON,0.5,0.6,1.0,10,91.0,0.1390284,0.0014225224216159113
ON,0.5,0.6,1.0,10,91.16666666666667,0.1390786,0.001429387015472015
ON,0.5,0.6,1.0,10,91.33333333333333,0.1390816,0.0014178039497758509
ON,0.5,0.6,1.0,10,91.5,0.1390802,0.001420991611516409
ON,0.5,0.6,1.0,10,91.66666666666667,0.1390669,0.0013916245506601277
ON,0.5,0.6,1.0,10,91.83333333333333,0.1390602,0.001398902841515449
ON,0.5,0.6,1.0,10,92.0,0.13906139999999997,0.001391833337724025
ON,0.5,0.6,1.0,10,92.16666666666667,0.1391062,0.0013963054680119233
ON,0.5,0.6,1.0,10,92.33333333333333,0.13911069999999998,0.0014104473793800296
ON,0.5,0.6,1.0,10,92.5,0.13910470000000003,0.001402363651126194
ON,0.5,0.6,1.0,10,92.66666666666667,0.13909470000000002,0.0013981797488162985
ON,0.5,0.6,1.0,10,92.83333333333333,0.1391014,0.0013755676791783107
ON,0.5,0.6,1.0,10,93.0,0.1390775,0.0013741388758054926
ON,0.5,0.6,1.0,10,93.16666666666667,0.1390731,0.0013659329741974916
ON,0.5,0.6,1.0,10,93.33333333333333,0.1390734,0.0013580709259828775
ON,0.5,0.6,1.0,10,93.5,0.13907470000000002,0.0013602188831213914
ON,0.5,0.6,1.0,10,93.66666666666667,0.13907790000000003,0.0013547249499437162
ON,0.5,0.6,1.0,10,93.83333333333333,0.13909030000000003,0.00135392230574727
ON,0.5,0.6,1.0,10,94.0,0.139067,0.001346191071133663
ON,0.5,0.6,1.0,10,94.16666666666667,0.13909500000000002,0.0013696623671547669
ON,0.5,0.6,1.0,10,94.33333333333333,0.1390785,0.0013642302774825048
ON,0.5,0.6,1.0,10,94.5,0.13909120000000003,0.0013692629258108182
ON,0.5,0.6,1.0,10,94.66666666666667,0.1390664,0.0013539246803275227
ON,0.5,0.6,1.0,10,94.83333333333333,0.1390874,0.0013602727814670127
ON,0.5,0.6,1.0,10,95.0,0.1390573,0.0013607495765202346
ON,0.5,0.6,1.0,10,95.16666666666667,0.139012,0.0013569171677003703
ON,0.5,0.6,1.0,10,95.33333333333333,0.1390127,0.001368951500236589
ON,0.5,0.6,1.0,10,95.5,0.13901509999999997,0.0013811722159093674
ON,0.5,0.6,1.0,10,95.66666666666667,0.13902160000000002,0.0013847660596649567
ON,0.5,0.6,1.0,10,95.83333333333333,0.13901529999999998,0.0014181729831018513
ON,0.5,0.6,1.0,10,96.0,0.1389839,0.0013846442467291018
ON,0.5,0.6,1.0,10,96.16666666666667,0.1389599,0.0014091392727477333
ON,0.5,0.6,1.0,10,96.33333333333333,0.1389651,0.0013951687675690036
ON,0.5,0.6,1.0,10,96.5,0.1389571,0.0013735379463269326
ON,0.5,0.6,1.0,10,96.66666666666667,0.1389348,0.001378685011161
ON,0.5,0.6,1.0,10,96.83333333333333,0.13894279999999998,0.0013926802073699477
ON,0.5,0.6,1.0,10,97.0,0.138954,0.0013668332743974332
ON,0.5,0.6,1.0,10,97.16666666666667,0.1389647,0.00135060868129892
ON,0.5,0.6,1.0,10,97.33333333333333,0.13895509999999997,0.0013288938595689235
ON,0.5,0.6,1.0,10,97.5,0.1389218,0.0012935727115241736
ON,0.5,0.6,1.0,10,97.66666666666667,0.1389164,0.001280416510359035
ON,0.5,0.6,1.0,10,97.83333333333333,0.1389423,0.0012782235367884605
ON,0.5,0.6,1.0,10,98.0,0.13892069999999998,0.0012608599486065059
ON,0.5,0.6,1.0,10,98.16666666666667,0.13893149999999999,0.001264727895636054
ON,0.5,0.6,1.0,10,98.33333333333333,0.13891609999999996,0.00125800083068335
ON,0.5,0.6,1.0,10,98.5,0.1388989,0.0012904508863184226
ON,0.5,0.6,1.0,10,98.66666666666667,0.13891369999999997,0.0013253277368258792
ON,0.5,0.6,1.0,10,98.83333333333333,0.1389215,0.0013152787727322283
ON,0.5,0.6,1.0,10,99.0,0.13889939999999998,0.0013127171210889298
ON,0.5,0.6,1.0,10,99.16666666666667,0.13890170000000002,0.0013192966345746521
ON,0.5,0.6,1.0,10,99.33333333333333,0.138881,0.00129896612734898
ON,0.5,0.6,1.0,10,99.5,0.138907,0.001295537185880826
ON,0.5,0.6,1.0,10,99.66666666666667,0.1388993,0.0013038350394125762
ON,0.5,0.6,1.0,10,99.83333333333333,0.13890420000000003,0.0013032941187621468
ON,0.5,0.6,1.0,10,100.0,0.13892500000000002,0.0013219869137022458
ON,0.5,0.6,1.0,10,100.16666666666667,0.1389278,0.0013262660969805423
ON,0.5,0.6,1.0,10,100.33333333333333,0.1389306,0.0013212143807876159
ON,0.5,0.6,1.0,10,100.5,0.13892229999999997,0.0013398105873592744
ON,0.5,0.6,1.0,10,100.66666666666667,0.13893250000000001,0.001340480454911596
ON,0.5,0.6,1.0,10,100.83333333333333,0.13893229999999998,0.0013529262396745844
ON,0.5,0.6,1.0,10,101.0,0.13892670000000001,0.0013395356695512048
ON,0.5,0.6,1.0,10,101.16666666666667,0.1389364,0.0013562469686602076
ON,0.5,0.6,1.0,10,101.33333333333333,0.13892739999999998,0.0013496717526865576
ON,0.5,0.6,1.0,10,101.5,0.13891689999999998,0.0013579495167347006
ON,0.5,0.6,1.0,10,101.66666666666667,0.1389287,0.0013739262025305478
ON,0.5,0.6,1.0,10,101.83333333333333,0.1389303,0.0013544312496394902
ON,0.5,0.6,1.0,10,102.0,0.13892979999999996,0.0013557627963622567
ON,0.5,0.6,1.0,10,102.16666666666667,0.13890929999999999,0.0013675308442590974
ON,0.5,0.6,1.0,10,102.33333333333333,0.1388829,0.0013718134311924513
ON,0.5,0.6,1.0,10,102.5,0.13888779999999998,0.001367995891806699
ON,0.5,0.6,1.0,10,102.66666666666667,0.13886779999999999,0.001368170223327493
ON,0.5,0.6,1.0,10,102.83333333333333,0.13883720000000002,0.0013652377668377043
ON,0.5,0.6,1.0,10,103.0,0.1388305,0.0013846108659114312
ON,0.5,0.6,1.0,10,103.16666666666667,0.13882750000000002,0.0013748523738932844
ON,0.5,0.6,1.0,10,103.33333333333333,0.1388118,0.0013957646506485306
ON,0.5,0.6,1.0,10,103.5,0.1388241,0.0013896138636326318
ON,0.5,0.6,1.0,10,103.66666666666667,0.1388134,0.001408901430193044
ON,0.5,0.6,1.0,10,103.83333333333333,0.1387929,0.0014108735910775244
ON,0.5,0.6,1.0,10,104.0,0.1387936,0.0014161853833449885
ON,0.5,0.6,1.0,10,104.16666666666667,0.138787,0.0014021408631089798
ON,0.5,0.6,1.0,10,104.33333333333333,0.1388007,0.0013792415343223993
ON,0.5,0.6,1.0,10,104.5,0.1388206,0.0013863939699811226
ON,0.5,0.6,1.0,10,104.66666666666667,0.13880989999999999,0.0013799514810311222
ON,0.5,0.6,1.0,10,104.83333333333333,0.1388179,0.0013632771141627823
ON,0.5,0.6,1.0,10,105.0,0.13881709999999997,0.001403023766726706
ON,0.5,0.6,1.0,10,105.16666666666667,0.13879260000000002,0.0014321866638116695
ON,0.5,0.6,1.0,10,105.33333333333333,0.1387953,0.0014285211269001237
ON,0.5,0.6,1.0,10,105.5,0.13879120000000003,0.0014254557727267482
ON,0.5,0.6,1.0,10,105.66666666666667,0.13881730000000003,0.0014055353464071977
ON,0.5,0.6,1.0,10,105.83333333333333,0.1388398,0.0014099508360223092
ON,0.5,0.6,1.0,10,106.0,0.1388122,0.001395392260262325
ON,0.5,0.6,1.0,10,106.16666666666667,0.1388057,0.0013996942559001944
ON,0.5,0.6,1.0,10,106.33333333333333,0.13877619999999996,0.0013922883178422493
ON,0.5,0.6,1.0,10,106.5,0.1387827,0.0013977883280382657
ON,0.5,0.6,1.0,10,106.66666666666667,0.1387712,0.001360313478577639
ON,0.5,0.6,1.0,10,106.83333333333333,0.1387832,0.0013720319092499268
ON,0.5,0.6,1.0,10,107.0,0.1387679,0.0013662547676037589
ON,0.5,0.6,1.0,10,107.16666666666667,0.1387835,0.0013731911192547096
ON,0.5,0.6,1.0,10,107.33333333333333,0.1387862,0.0013557994541966737
ON,0.5,0.6,1.0,10,107.5,0.1387911,0.0013877002882467127
ON,0.5,0.6,1.0,10,107.66666666666667,0.1387757,0.001414206141267957
ON,0.5,0.6,1.0,10,107.83333333333333,0.13876290000000002,0.0014123548031567692
ON,0.5,0.6,1.0,10,108.0,0.13874720000000001,0.0013851763642222582
ON,0.5,0.6,1.0,10,108.16666666666667,0.13876609999999998,0.0013691196039791371
ON,0.5,0.6,1.0,10,108.33333333333333,0.1387751,0.0013779855187918367
ON,0.5,0.6,1.0,10,108.5,0.13878970000000004,0.0013488193392741652
ON,0.5,0.6,1.0,10,108.66666666666667,0.1387698,0.0013638349460253594
ON,0.5,0.6,1.0,10,108.83333333333333,0.13879829999999999,0.0013505321950994006
ON,0.5,0.6,1.0,10,109.0,0.1387918,0.0013738159119765663
ON,0.5,0.6,1.0,10,109.16666666666667,0.13878620000000003,0.0014091884756837875
ON,0.5,0.6,1.0,10,109.33333333333333,0.13880570000000003,0.0013941175739513494
ON,0.5,0.6,1.0,10,109.5,0.1388162,0.001414851497507776
ON,0.5,0.6,1.0,10,109.66666666666667,0.13882129999999998,0.0014025904641056124
ON,0.5,0.6,1.0,10,109.83333333333333,0.1388492,0.0013879940057507417
ON,0.5,0.6,1.0,10,110.0,0.13883550000000003,0.0014072920272637116
ON,0.5,0.6,1.0,10,110.16666666666667,0.1388531,0.0013855580428116345
ON,0.5,0.6,1.0,10,110.33333333333333,0.1388697,0.0013955444851383295
ON,0.5,0.6,1.0,10,110.5,0.1388527,0.0013671558835772906
ON,0.5,0.6,1.0,10,110.66666666666667,0.13884459999999998,0.0013844538417729926
ON,0.5,0.6,1.0,10,110.83333333333333,0.13884229999999997,0.0014050943776131187
ON,0.5,0.6,1.0,10,111.0,0.1388405,0.0014175581998634146
ON,0.5,0.6,1.0,10,111.16666666666667,0.13884619999999998,0.0014080530387737497
ON,0.5,0.6,1.0,10,111.33333333333333,0.13884590000000002,0.0014028631045116308
ON,0.5,0.6,1.0,10,111.5,0.1388255,0.0013985557729314963
ON,0.5,0.6,1.0,10,111.66666666666667,0.1388413,0.0014030126906054746
ON,0.5,0.6,1.0,10,111.83333333333333,0.13883820000000002,0.0014258210827449548
ON,0.5,0.6,1.0,10,112.0,0.1387893,0.0014351002787261887
ON,0.5,0.6,1.0,10,112.16666666666667,0.1387757,0.0014372729768558203
ON,0.5,0.6,1.0,10,112.33333333333333,0.13877469999999997,0.0014767497452175178
ON,0.5,0.6,1.0,10,112.5,0.13873760000000002,0.001477515495688628
ON,0.5,0.6,1.0,10,112.66666666666667,0.1387315,0.0014792616570438095
ON,0.5,0.6,1.0,10,112.83333333333333,0.13870239999999998,0.0014801533163831381
ON,0.5,0.6,1.0,10,113.0,0.138696,0.0014836303447961672
ON,0.5,0.6,1.0,10,113.16666666666667,0.13872530000000002,0.0014837398053567177
ON,0.5,0.6,1.0,10,113.33333333333333,0.1387044,0.0014743387127793936
ON,0.5,0.6,1.0,10,113.5,0.13872800000000002,0.0014519998622589474
ON,0.5,0.6,1.0,10,113.66666666666667,0.13872710000000002,0.001446543497444857
ON,0.5,0.6,1.0,10,113.83333333333333,0.1387155,0.001453784595461098
ON,0.5,0.6,1.0,10,114.0,0.13868750000000002,0.0014609345125637886
ON,0.5,0.6,1.0,10,114.16666666666667,0.138694,0.0014303632405791174
ON,0.5,0.6,1.0,10,114.33333333333333,0.1386948,0.001417351600697584
ON,0.5,0.6,1.0,10,114.5,0.1386971,0.0014245407996965164
ON,0.5,0.6,1.0,10,114.66666666666667,0.13868940000000002,0.0014057625830843517
ON,0.5,0.6,1.0,10,114.83333333333333,0.13870949999999999,0.001390928628650661
ON,0.5,0.6,1.0,10,115.0,0.1387104,0.0013931076914582038
ON,0.5,0.6,1.0,10,115.16666666666667,0.1387196,0.0014131645480976395
ON,0.5,0.6,1.0,10,115.33333333333333,0.1386905,0.0014325982165282805
ON,0.5,0.6,1.0,10,115.5,0.1386872,0.0014427173527756583
ON,0.5,0.6,1.0,10,115.66666666666667,0.1386796,0.001446719267860908
ON,0.5,0.6,1.0,10,115.83333333333333,0.1386772,0.0014491015009308406
ON,0.5,0.6,1.0,10,116.0,0.1386989,0.001434116484111386
ON,0.5,0.6,1.0,10,116.16666666666667,0.13868719999999998,0.0014402724603351973
ON,0.5,0.6,1.0,10,116.33333333333333,0.1386983,0.001459437223727007
ON,0.5,0.6,1.0,10,116.5,0.13871550000000002,0.0014871215316846172
ON,0.5,0.6,1.0,10,116.66666666666667,0.13873980000000002,0.0014945338269841829
ON,0.5,0.6,1.0,10,116.83333333333333,0.13872109999999999,0.0014984076514753912
ON,0.5,0.6,1.0,10,117.0,0.13872610000000002,0.0014700038401310388
ON,0.5,0.6,1.0,10,117.16666666666667,0.13874070000000002,0.0014764511539499083
ON,0.5,0.6,1.0,10,117.33333333333333,0.1387648,0.0014919539403078152
ON,0.5,0.6,1.0,10,117.5,0.1387701,0.001482012715869875
ON,0.5,0.6,1.0,10,117.66666666666667,0.13878569999999998,0.0014698806107980354
ON,0.5,0.6,1.0,10,117.83333333333333,0.13878430000000003,0.0014791260291131404
ON,0.5,0.6,1.0,10,118.0,0.13877900000000004,0.0014627357245927946
ON,0.5,0.6,1.0,10,118.16666666666667,0.13879199999999997,0.0014787278316174372
ON,0.5,0.6,1.0,10,118.33333333333333,0.1387767,0.0014794216471310656
ON,0.5,0.6,1.0,10,118.5,0.1387538,0.0014451684192508492
ON,0.5,0.6,1.0,10,118.66666666666667,0.1387411,0.0014461268581974402
ON,0.5,0.6,1.0,10,118.83333333333333,0.1387483,0.0014373143741019192
ON,0.5,0.6,1.0,10,119.0,0.13877330000000002,0.0014475444069181399
ON,0.5,0.6,1.0,10,119.16666666666667,0.1387872,0.001433961073390764
ON,0.5,0.6,1.0,10,119.33333333333333,0.1387932,0.001404266555893143
ON,0.5,0.6,1.0,10,119.5,0.13883090000000003,0.0014201624167678875
ON,0.5,0.6,1.0,10,119.66666666666667,0.13882999999999998,0.0014339153392024253
ON,0.5,0.6,1.0,10,119.83333333333333,0.13883700000000002,0.001396157512603793
ON,0.5,0.6,1.0,10,120.0,0.1388428,0.0013770049963598527
ON,0.5,0.6,1.0,10,120.16666666666667,0.1388492,0.0013901891813706496
ON,0.5,0.6,1.0,10,120.33333333333333,0.13882690000000003,0.001387139535158594
ON,0.5,0.6,1.0,10,120.5,0.1388373,0.0013730152256985371
ON,0.5,0.6,1.0,10,120.66666666666667,0.1388563,0.0013753793694831961
ON,0.5,0.6,1.0,10,120.83333333333333,0.1388835,0.001389829935639608
ON,0.5,0.6,1.0,10,121.0,0.1388728,0.001413032540318867
ON,0.5,0.6,1.0,10,121.16666666666667,0.13889830000000003,0.0013988845592113723
ON,0.5,0.6,1.0,10,121.33333333333333,0.1388533,0.0013793922611063188
ON,0.5,0.6,1.0,10,121.5,0.13883389999999998,0.0013553925962613168
ON,0.5,0.6,1.0,10,121.66666666666667,0.1388306,0.0013562945255363946
ON,0.5,0.6,1.0,10,121.83333333333333,0.138833,0.001357800942701099
ON,0.5,0.6,1.0,10,122.0,0.1388645,0.001345592824743058
ON,0.5,0.6,1.0,10,122.16666666666667,0.1388841,0.0013649397385965408
ON,0.5,0.6,1.0,10,122.33333333333333,0.1388725,0.0013968191901602717
ON,0.5,0.6,1.0,10,122.5,0.1388472,0.0013981359590540534
ON,0.5,0.6,1.0,10,122.66666666666667,0.1388508,0.0014186484976906684
ON,0.5,0.6,1.0,10,122.83333333333333,0.13886110000000002,0.0014502625589871594
ON,0.5,0.6,1.0,10,123.0,0.13887710000000003,0.001459082687855624
ON,0.5,0.6,1.0,10,123.16666666666667,0.13887900000000003,0.0014638322991381207
ON,0.5,0.6,1.0,10,123.33333333333333,0.138869,0.0014548601994693485
ON,0.5,0.6,1.0,10,123.5,0.138889,0.0014659360149747334
ON,0.5,0.6,1.0,10,123.66666666666667,0.1389032,0.0014601634703005054
ON,0.5,0.6,1.0,10,123.83333333333333,0.1389116,0.0014685220597594022
ON,0.5,0.6,1.0,10,124.0,0.1388699,0.0014584133467573565
ON,0.5,0.6,1.0,10,124.16666666666667,0.13887829999999998,0.001506251044812911
ON,0.5,0.6,1.0,10,124.33333333333333,0.1388767,0.0014670649644784
ON,0.5,0.6,1.0,10,124.5,0.1388776,0.0014643070852795865
ON,0.5,0.6,1.0,10,124.66666666666667,0.1388749,0.0014551539746707198
ON,0.5,0.6,1.0,10,124.83333333333333,0.1388853,0.0014490365799385441
ON,0.5,0.6,1.0,10,125.0,0.1389016,0.0014497684780681364
ON,0.5,0.6,1.0,10,125.16666666666667,0.13891919999999996,0.0014598699805119597
ON,0.5,0.6,1.0,10,125.33333333333333,0.13892149999999998,0.001479956164891378
ON,0.5,0.6,1.0,10,125.5,0.1389004,0.001477074960860146
ON,0.5,0.6,1.0,10,125.66666666666667,0.1389166,0.0014960398524103545
ON,0.5,0.6,1.0,10,125.83333333333333,0.13890589999999997,0.0014945204883172396
ON,0.5,0.6,1.0,10,126.0,0.13891079999999997,0.0014908537688183873
ON,0.5,0.6,1.0,10,126.16666666666667,0.13890620000000004,0.0014493892368856636
ON,0.5,0.6,1.0,10,126.33333333333333,0.13890850000000002,0.0014496843966877772
ON,0.5,0.6,1.0,10,126.5,0.13893280000000002,0.0014379339901400225
ON,0.5,0.6,1.0,10,126.66666666666667,0.13891879999999998,0.001418244605136929
ON,0.5,0.6,1.0,10,126.83333333333333,0.13893360000000002,0.0014176096924047948
ON,0.5,0.6,1.0,10,127.0,0.13895819999999998,0.0014158164994094399
ON,0.5,0.6,1.0,10,127.16666666666667,0.1389586,0.0013932897186156221
ON,0.5,0.6,1.0,10,127.33333333333333,0.1389803,0.0013940801304085778
ON,0.5,0.6,1.0,10,127.5,0.1389868,0.0013939631128548607
ON,0.5,0.6,1.0,10,127.66666666666667,0.1389914,0.001377998417996188
ON,0.5,0.6,1.0,10,127.83333333333333,0.1389991,0.0013797092048689103
ON,0.5,0.6,1.0,10,128.0,0.13900280000000004,0.0014113475688149971
ON,0.5,0.6,1.0,10,128.16666666666666,0.13900020000000002,0.0014049215494112111
ON,0.5,0.6,1.0,10,128.33333333333334,0.1389853,0.0013956300405193315
ON,0.5,0.6,1.0,10,128.5,0.13896920000000001,0.0013685977349097117
ON,0.5,0.6,1.0,10,128.66666666666666,0.1389883,0.0013739241645738633
ON,0.5,0.6,1.0,10,128.83333333333334,0.1389874,0.0013560783310708855
ON,0.5,0.6,1.0,10,129.0,0.13897620000000002,0.0013439043715979219
ON,0.5,0.6,1.0,10,129.16666666666666,0.1389538,0.0013183733765515784
ON,0.5,0.6,1.0,10,129.33333333333334,0.13898229999999998,0.0013120791172791411
ON,0.5,0.6,1.0,10,129.5,0.138993,0.0013250408295595979
ON,0.5,0.6,1.0,10,129.66666666666666,0.13899100000000003,0.0013292734105517998
ON,0.5,0.6,1.0,10,129.83333333333334,0.1389717,0.0013354892025022125
ON,0.5,0.6,1.0,10,130.0,0.1389953,0.0013316040740400286
ON,0.5,0.6,1.0,10,130.16666666666666,0.1390045,0.0013590141463575701
ON,0.5,0.6,1.0,10,130.33333333333334,0.1390439,0.0013675769411627262
ON,0.5,0.6,1.0,10,130.5,0.13905679999999998,0.0013885233019290612
ON,0.5,0.6,1.0,10,130.66666666666666,0.1390561,0.0013733447090952787
ON,0.5,0.6,1.0,10,130.83333333333334,0.13904229999999998,0.0013746883319501926
ON,0.5,0.6,1.0,10,131.0,0.1390189,0.0013612136092472726
ON,0.5,0.6,1.0,10,131.16666666666666,0.13901429999999998,0.0013466052910931267
ON,0.5,0.6,1.0,10,131.33333333333334,0.1390277,0.0013514701661524015
ON,0.5,0.6,1.0,10,131.5,0.13903340000000003,0.001360669041317544
ON,0.5,0.6,1.0,10,131.66666666666666,0.1390468,0.0013741256711087264
ON,0.5,0.6,1.0,10,131.83333333333334,0.13904519999999998,0.0013645467232748008
ON,0.5,0.6,1.0,10,132.0,0.1390189,0.0013471361809408867
ON,0.5,0.6,1.0,10,132.16666666666666,0.1390533,0.0013095217485784639
ON,0.5,0.6,1.0,10,132.33333333333334,0.1390521,0.001308857704259709
ON,0.5,0.6,1.0,10,132.5,0.13904719999999998,0.0013189307639144658
ON,0.5,0.6,1.0,10,132.66666666666666,0.1390537,0.0013674157414627032
ON,0.5,0.6,1.0,10,132.83333333333334,0.13902340000000002,0.0013662860754615055
ON,0.5,0.6,1.0,10,133.0,0.1390007,0.0013747473258748277
ON,0.5,0.6,1.0,10,133.16666666666666,0.1389746,0.0013678527113691768
ON,0.5,0.6,1.0,10,133.33333333333334,0.13898190000000002,0.0013536710420187005
ON,0.5,0.6,1.0,10,133.5,0.138994,0.0013479100860220613
ON,0.5,0.6,1.0,10,133.66666666666666,0.13901429999999998,0.0013341885211618299
ON,0.5,0.6,1.0,10,133.83333333333334,0.13899260000000002,0.0013418782508111534
ON,0.5,0.6,1.0,10,134.0,0.1389729,0.0013576599316471015
ON,0.5,0.6,1.0,10,134.16666666666666,0.1389632,0.0013308951724309488
ON,0.5,0.6,1.0,10,134.33333333333334,0.13894669999999998,0.001322463387016815
ON,0.5,0.6,1.0,10,134.5,0.13897530000000002,0.0013101404543025177
ON,0.5,0.6,1.0,10,134.66666666666666,0.13898960000000002,0.001315864445906188
ON,0.5,0.6,1.0,10,134.83333333333334,0.1389991,0.0013456595000222028
ON,0.5,0.6,1.0,10,135.0,0.13900039999999997,0.0013068687156711633
ON,0.5,0.6,1.0,10,135.16666666666666,0.1390263,0.0012902729207419643
ON,0.5,0.6,1.0,10,135.33333333333334,0.1390326,0.0012900363715802746
ON,0.5,0.6,1.0,10,135.5,0.138998,0.0012945680360645414
ON,0.5,0.6,1.0,10,135.66666666666666,0.1389995,0.0012956218005266802
ON,0.5,0.6,1.0,10,135.83333333333334,0.13900069999999998,0.0012907579982320428
ON,0.5,0.6,1.0,10,136.0,0.1390189,0.001275563205019648
ON,0.5,0.6,1.0,10,136.16666666666666,0.1390407,0.0012876915042043273
ON,0.5,0.6,1.0,10,136.33333333333334,0.139042,0.0012944690031051313
ON,0.5,0.6,1.0,10,136.5,0.13904339999999998,0.0013002809850182406
ON,0.5,0.6,1.0,10,136.66666666666666,0.13900439999999997,0.0012827532264625206
ON,0.5,0.6,1.0,10,136.83333333333334,0.1390075,0.0012843589256901673
ON,0.5,0.6,1.0,10,137.0,0.1389888,0.0012768377187411073
ON,0.5,0.6,1.0,10,137.16666666666666,0.13898760000000002,0.0012843962939840608
ON,0.5,0.6,1.0,10,137.33333333333334,0.13897679999999998,0.0012889524273610735
ON,0.5,0.6,1.0,10,137.5,0.1389853,0.0013082177991450806
ON,0.5,0.6,1.0,10,137.66666666666666,0.1389516,0.0013173234378845576
ON,0.5,0.6,1.0,10,137.83333333333334,0.13895930000000004,0.0013238516570975752
ON,0.5,0.6,1.0,10,138.0,0.13896289999999997,0.0013378696087436915
ON,0.5,0.6,1.0,10,138.16666666666666,0.1389651,0.0013220618328958788
ON,0.5,0.6,1.0,10,138.33333333333334,0.13897620000000002,0.001346351722247947
ON,0.5,0.6,1.0,10,138.5,0.13896960000000003,0.0013540471335961675
ON,0.5,0.6,1.0,10,138.66666666666666,0.1389717,0.0013360263507880344
ON,0.5,0.6,1.0,10,138.83333333333334,0.13899259999999997,0.001349818891555454
ON,0.5,0.6,1.0,10,139.0,0.1390035,0.001380260138524616
ON,0.5,0.6,1.0,10,139.16666666666666,0.13898300000000002,0.001399537923744833
ON,0.5,0.6,1.0,10,139.33333333333334,0.13900169999999998,0.001395675538941626
ON,0.5,0.6,1.0,10,139.5,0.13899659999999997,0.0013949365720347313
ON,0.5,0.6,1.0,10,139.66666666666666,0.1389801,0.0013793404547101488
ON,0.5,0.6,1.0,10,139.83333333333334,0.13897869999999998,0.0013907370743602115
ON,0.5,0.6,1.0,10,140.0,0.13896849999999997,0.0013844273364824876
ON,0.5,0.6,1.0,10,140.16666666666666,0.1390014,0.0013811536627037538
ON,0.5,0.6,1.0,10,140.33333333333334,0.13901929999999998,0.0013612222485692757
ON,0.5,0.6,1.0,10,140.5,0.1390589,0.0013595156085900572
ON,0.5,0.6,1.0,10,140.66666666666666,0.1390607,0.001334840968055746
ON,0.5,0.6,1.0,10,140.83333333333334,0.139072,0.001341836279133934
ON,0.5,0.6,1.0,10,141.0,0.1390586,0.0013341973767025642
ON,0.5,0.6,1.0,10,141.16666666666666,0.139056,0.001351165422885004
ON,0.5,0.6,1.0,10,141.33333333333334,0.1390496,0.0013499800887420497
ON,0.5,0.6,1.0,10,141.5,0.13904460000000002,0.0013209887357581852
ON,0.5,0.6,1.0,10,141.66666666666666,0.1390152,0.0012840886885258395
ON,0.5,0.6,1.0,10,141.83333333333334,0.1390094,0.0012768126095868576
ON,0.5,0.6,1.0,10,142.0,0.1390391,0.0012606952407302884
ON,0.5,0.6,1.0,10,142.16666666666666,0.13902130000000001,0.0012322804916089546
ON,0.5,0.6,1.0,10,142.33333333333334,0.13900859999999998,0.0012496402042188016
ON,0.5,0.6,1.0,10,142.5,0.13901970000000002,0.001251578047905925
ON,0.5,0.6,1.0,10,142.66666666666666,0.1390537,0.0012356403238807036
ON,0.5,0.6,1.0,10,142.83333333333334,0.13904199999999997,0.0012485598103414992
ON,0.5,0.6,1.0,10,143.0,0.13901400000000003,0.0012507950271727192
ON,0.5,0.6,1.0,10,143.16666666666666,0.1389938,0.0012404074169400966
ON,0.5,0.6,1.0,10,143.33333333333334,0.13902280000000003,0.0012462371202945298
ON,0.5,0.6,1.0,10,143.5,0.1390011,0.0012462600410829208
ON,0.5,0.6,1.0,10,143.66666666666666,0.1389994,0.0012441730747769773
ON,0.5,0.6,1.0,10,143.83333333333334,0.13901360000000001,0.001232215987560627
ON,0.5,0.6,1.0,10,144.0,0.13902379999999998,0.0012362241544315554
ON,0.5,0.6,1.0,10,144.16666666666666,0.1390304,0.0012431134461504277
ON,0.5,0.6,1.0,10,144.33333333333334,0.13904,0.0012415650607197322
ON,0.5,0.6,1.0,10,144.5,0.1390417,0.0011963522098445746
ON,0.5,0.6,1.0,10,144.66666666666666,0.1390461,0.0011884677908971708
ON,0.5,0.6,1.0,10,144.83333333333334,0.13905550000000003,0.0011964887170383164
ON,0.5,0.6,1.0,10,145.0,0.13908520000000002,0.0011793636250113874
ON,0.5,0.6,1.0,10,145.16666666666666,0.1390723,0.0011556448459626386
ON,0.5,0.6,1.0,10,145.33333333333334,0.13908459999999997,0.0011596600536364077
ON,0.5,0.6,1.0,10,145.5,0.13909699999999997,0.0011329586929804622
ON,0.5,0.6,1.0,10,145.66666666666666,0.1390793,0.0011456842540595554
ON,0.5,0.6,1.0,10,145.83333333333334,0.1390868,0.001143638649224484
ON,0.5,0.6,1.0,10,146.0,0.13909719999999998,0.0011368078817460773
ON,0.5,0.6,1.0,10,146.16666666666666,0.1390995,0.0011202335693952412
ON,0.5,0.6,1.0,10,146.33333333333334,0.13908359999999997,0.001107666935500014
ON,0.5,0.6,1.0,10,146.5,0.13909159999999998,0.0010946023204799072
ON,0.5,0.6,1.0,10,146.66666666666666,0.13909810000000003,0.0011279856781005644
ON,0.5,0.6,1.0,10,146.83333333333334,0.1390857,0.0011179490194101022
ON,0.5,0.6,1.0,10,147.0,0.1390671,0.0011548035720415858
ON,0.5,0.6,1.0,10,147.16666666666666,0.1390805,0.0011591318518615543
ON,0.5,0.6,1.0,10,147.33333333333334,0.13907509999999998,0.001185194452400109
ON,0.5,0.6,1.0,10,147.5,0.1390633,0.001171803486084585
ON,0.5,0.6,1.0,10,147.66666666666666,0.1390442,0.0011803410354639054
ON,0.5,0.6,1.0,10,147.83333333333334,0.1390661,0.0011871806475848574
ON,0.5,0.6,1.0,10,148.0,0.13905360000000003,0.0011814265275504844
ON,0.5,0.6,1.0,10,148.16666666666666,0.139074,0.0011719965017012654
ON,0.5,0.6,1.0,10,148.33333333333334,0.1390676,0.0011495243538090034
ON,0.5,0.6,1.0,10,148.5,0.1390937,0.0011713472627705264
ON,0.5,0.6,1.0,10,148.66666666666666,0.139098,0.0011722319736297928
ON,0.5,0.6,1.0,10,148.83333333333334,0.13908510000000002,0.0011962210874248993
ON,0.5,0.6,1.0,10,149.0,0.1390669,0.0011903550268722318
ON,0.5,0.6,1.0,10,149.16666666666666,0.1390629,0.0011849456907386104
ON,0.5,0.6,1.0,10,149.33333333333334,0.1390804,0.001187166980672891
ON,0.5,0.6,1.0,10,149.5,0.13908669999999998,0.0011958316812996745
ON,0.5,0.6,1.0,10,149.66666666666666,0.13909349999999998,0.00118121058664406
ON,0.5,0.6,1.0,10,149.83333333333334,0.1390809,0.0011898358248094583
ON,0.5,0.6,1.0,10,150.0,0.1390866,0.001200367710328797
ON,0.5,0.6,1.0,10,150.16666666666666,0.1390787,0.0012174144774890745
ON,0.5,0.6,1.0,10,150.33333333333334,0.1390904,0.0012164981874215894
ON,0.5,0.6,1.0,10,150.5,0.1390919,0.0012067528703094102
ON,0.5,0.6,1.0,10,150.66666666666666,0.1390788,0.001192795187783721
ON,0.5,0.6,1.0,10,150.83333333333334,0.13909500000000002,0.0011777320578128087
ON,0.5,0.6,1.0,10,151.0,0.13908099999999998,0.0011467532428556739
ON,0.5,0.6,1.0,10,151.16666666666666,0.1390812,0.0011306678380497062
ON,0.5,0.6,1.0,10,151.33333333333334,0.1391061,0.0011298232118344888
ON,0.5,0.6,1.0,10,151.5,0.1391045,0.0011116968336736452
ON,0.5,0.6,1.0,10,151.66666666666666,0.13910830000000002,0.0010719807880741155
ON,0.5,0.6,1.0,10,151.83333333333334,0.1390973,0.0010745395339400031
ON,0.5,0.6,1.0,10,152.0,0.1390751,0.0010803732179205483
ON,0.5,0.6,1.0,10,152.16666666666666,0.1390562,0.001120852960918601
ON,0.5,0.6,1.0,10,152.33333333333334,0.1390362,0.0011138712492923086
ON,0.5,0.6,1.0,10,152.5,0.1390377,0.0011285076029872415
ON,0.5,0.6,1.0,10,152.66666666666666,0.1390269,0.0011439197043499158
ON,0.5,0.6,1.0,10,152.83333333333334,0.1390151,0.0011434590023258423
ON,0.5,0.6,1.0,10,153.0,0.13902580000000003,0.001145218215014066
ON,0.5,0.6,1.0,10,153.16666666666666,0.13903320000000002,0.001145651325665885
ON,0.5,0.6,1.0,10,153.33333333333334,0.1390246,0.0011668247683349908
ON,0.5,0.6,1.0,10,153.5,0.1390456,0.001142343048300292
ON,0.5,0.6,1.0,10,153.66666666666666,0.13906559999999998,0.001159214837724223
ON,0.5,0.6,1.0,10,153.83333333333334,0.13907470000000002,0.001165776140603331
ON,0.5,0.6,1.0,10,154.0,0.13907129999999998,0.0011516771292337069
ON,0.5,0.6,1.0,10,154.16666666666666,0.13907540000000002,0.0011775207174398294
ON,0.5,0.6,1.0,10,154.33333333333334,0.13907790000000003,0.001194395282140711
ON,0.5,0.6,1.0,10,154.5,0.13909180000000002,0.0011934496051363068
ON,0.5,0.6,1.0,10,154.66666666666666,0.1391125,0.0011878876419931278
ON,0.5,0.6,1.0,10,154.83333333333334,0.1391007,0.0011986349777976567
ON,0.5,0.6,1.0,10,155.0,0.1390758,0.0011886686502133406
ON,0.5,0.6,1.0,10,155.16666666666666,0.1390908,0.0011736816263365453
ON,0.5,0.6,1.0,10,155.33333333333334,0.13907090000000003,0.00117017318803671
ON,0.5,0.6,1.0,10,155.5,0.1390619,0.0011618855752611825
ON,0.5,0.6,1.0,10,155.66666666666666,0.13904,0.001193640984551048
ON,0.5,0.6,1.0,10,155.83333333333334,0.139045,0.0011957010495939149
ON,0.5,0.6,1.0,10,156.0,0.13905130000000002,0.0011700986325947071
ON,0.5,0.6,1.0,10,156.16666666666666,0.1390537,0.0011326930784638877
ON,0.5,0.6,1.0,10,156.33333333333334,0.1390814,0.0011399186111297579
ON,0.5,0.6,1.0,10,156.5,0.139093,0.0011408353956640722
ON,0.5,0.6,1.0,10,156.66666666666666,0.13909190000000002,0.0011347115448430063
ON,0.5,0.6,1.0,10,156.83333333333334,0.13907809999999998,0.0011315949319434053
ON,0.5,0.6,1.0,10,157.0,0.1390656,0.0011338711743403658
ON,0.5,0.6,1.0,10,157.16666666666666,0.13906320000000003,0.0011523363918578622
ON,0.5,0.6,1.0,10,157.33333333333334,0.1390484,0.0011595115523357206
ON,0.5,0.6,1.0,10,157.5,0.1390622,0.001182419790091491
ON,0.5,0.6,1.0,10,157.66666666666666,0.1390509,0.0011703505842267942
ON,0.5,0.6,1.0,10,157.83333333333334,0.13905779999999998,0.001185632725594228
ON,0.5,0.6,1.0,10,158.0,0.1390559,0.0011923762367642187
ON,0.5,0.6,1.0,10,158.16666666666666,0.13902509999999998,0.0011923403415132793
ON,0.5,0.6,1.0,10,158.33333333333334,0.1390195,0.0011866397304995287
ON,0.5,0.6,1.0,10,158.5,0.13901999999999998,0.0012088283583702032
ON,0.5,0.6,1.0,10,158.66666666666666,0.1390256,0.001234425793638487
ON,0.5,0.6,1.0,10,158.83333333333334,0.1390178,0.0012226340253730869
ON,0.5,0.6,1.0,10,159.0,0.1389944,0.0012011910922080603
ON,0.5,0.6,1.0,10,159.16666666666666,0.13899630000000002,0.0011884144100439017
ON,0.5,0.6,1.0,10,159.33333333333334,0.1389902,0.0011931087796173516
ON,0.5,0.6,1.0,10,159.5,0.1389815,0.0011790800015266147
ON,0.5,0.6,1.0,10,159.66666666666666,0.1389559,0.0011653060070213343
ON,0.5,0.6,1.0,10,159.83333333333334,0.1389348,0.0011508637451931524
ON,0.5,0.6,1.0,10,160.0,0.1389401,0.001156340473217126
ON,0.5,0.6,1.0,10,160.16666666666666,0.1389482,0.0011635231669373841
ON,0.5,0.6,1.0,10,160.33333333333334,0.138965,0.0011770686471060225
ON,0.5,0.6,1.0,10,160.5,0.1389952,0.0011788605345841377
ON,0.5,0.6,1.0,10,160.66666666666666,0.13899690000000003,0.0011870385377063422
ON,0.5,0.6,1.0,10,160.83333333333334,0.1389649,0.0011956504882280601
ON,0.5,0.6,1.0,10,161.0,0.13897510000000002,0.001190780790070113
ON,0.5,0.6,1.0,10,161.16666666666666,0.13894789999999999,0.0011856293223431991
ON,0.5,0.6,1.0,10,161.33333333333334,0.1389305,0.0011767235231778164
ON,0.5,0.6,1.0,10,161.5,0.1389207,0.0011433954740158805
ON,0.5,0.6,1.0,10,161.66666666666666,0.1389321,0.0011390381424693388
ON,0.5,0.6,1.0,10,161.83333333333334,0.13890349999999999,0.001165399866998451
ON,0.5,0.6,1.0,10,162.0,0.1388933,0.0011593346410765095
ON,0.5,0.6,1.0,10,162.16666666666666,0.138896,0.0011813653964798533
ON,0.5,0.6,1.0,10,162.33333333333334,0.1388817,0.0011722782988693441
ON,0.5,0.6,1.0,10,162.5,0.1388756,0.0011797499057003523
ON,0.5,0.6,1.0,10,162.66666666666666,0.1388466,0.001193980837367165
ON,0.5,0.6,1.0,10,162.83333333333334,0.138853,0.0011822071730454064
ON,0.5,0.6,1.0,10,163.0,0.1388634,0.0011840804195661697
ON,0.5,0.6,1.0,10,163.16666666666666,0.13887869999999997,0.0012034512079847663
ON,0.5,0.6,1.0,10,163.33333333333334,0.13885379999999997,0.0011921722862069859
ON,0.5,0.6,1.0,10,163.5,0.13882980000000003,0.0012031143586542382
ON,0.5,0.6,1.0,10,163.66666666666666,0.1388376,0.0011939203658536063
ON,0.5,0.6,1.0,10,163.83333333333334,0.1388247,0.0012068753912479935
ON,0.5,0.6,1.0,10,164.0,0.1388646,0.0012313911807382775
ON,0.5,0.6,1.0,10,164.16666666666666,0.13888269999999997,0.0012276206295105984
ON,0.5,0.6,1.0,10,164.33333333333334,0.1388687,0.0012432592690183317
ON,0.5,0.6,1.0,10,164.5,0.1388499,0.001230214326855283
ON,0.5,0.6,1.0,10,164.66666666666666,0.13884359999999998,0.0012253509864524532
ON,0.5,0.6,1.0,10,164.83333333333334,0.1388394,0.001231336282255993
ON,0.5,0.6,1.0,10,165.0,0.13884760000000002,0.001225931498901957
ON,0.5,0.6,1.0,10,165.16666666666666,0.1388508,0.0012211963642264933
ON,0.5,0.6,1.0,10,165.33333333333334,0.13881570000000001,0.0012569910142876941
ON,0.5,0.6,1.0,10,165.5,0.1387969,0.001210908043577214
ON,0.5,0.6,1.0,10,165.66666666666666,0.13882279999999997,0.0011833863105512096
ON,0.5,0.6,1.0,10,165.83333333333334,0.1388079,0.0011952767420141703
ON,0.5,0.6,1.0,10,166.0,0.13879409999999998,0.0011845919508421433
ON,0.5,0.6,1.0,10,166.16666666666666,0.1387873,0.0012160413685397369
ON,0.5,0.6,1.0,10,166.33333333333334,0.1387755,0.001233895315656884
ON,0.5,0.6,1.0,10,166.5,0.13879989999999998,0.0012267061139490574
ON,0.5,0.6,1.0,10,166.66666666666666,0.1387946,0.001217241241496528
ON,0.5,0.6,1.0,10,166.83333333333334,0.13880830000000002,0.0012127080481302978
ON,0.5,0.6,1.0,10,167.0,0.13882809999999998,0.001176378548767362
ON,0.5,0.6,1.0,10,167.16666666666666,0.1388489,0.0011875179535484964
ON,0.5,0.6,1.0,10,167.33333333333334,0.13885589999999998,0.0011623601378230434
ON,0.5,0.6,1.0,10,167.5,0.1388732,0.0011584921924639767
ON,0.5,0.6,1.0,10,167.66666666666666,0.1388623,0.0012037778075708206
ON,0.5,0.6,1.0,10,167.83333333333334,0.1388737,0.0011812059134630156
ON,0.5,0.6,1.0,10,168.0,0.1388687,0.0011768677113422744
ON,0.5,0.6,1.0,10,168.16666666666666,0.1388646,0.001182983955935158
ON,0.5,0.6,1.0,10,168.33333333333334,0.1388837,0.0011885046949844142
ON,0.5,0.6,1.0,10,168.5,0.13890260000000001,0.0012030670139273213
ON,0.5,0.6,1.0,10,168.66666666666666,0.13890419999999998,0.0012218711716052578
ON,0.5,0.6,1.0,10,168.83333333333334,0.1388906,0.0012116349450226372
ON,0.5,0.6,1.0,10,169.0,0.1389061,0.0011918946639699315
ON,0.5,0.6,1.0,10,169.16666666666666,0.1389062,0.0011819076782896404
ON,0.5,0.6,1.0,10,169.33333333333334,0.1389138,0.0011737116170507972
ON,0.5,0.6,1.0,10,169.5,0.1389359,0.001162106230083977
ON,0.5,0.6,1.0,10,169.66666666666666,0.13892529999999997,0.001162147155053954
ON,0.5,0.6,1.0,10,169.83333333333334,0.1389233,0.0011822688399852263
ON,0.5,0.6,1.0,10,170.0,0.1389227,0.0011956238580757771
ON,0.5,0.6,1.0,10,170.16666666666666,0.1388958,0.001207044804470818
ON,0.5,0.6,1.0,10,170.33333333333334,0.1388894,0.0012118377119070022
ON,0.5,0.6,1.0,10,170.5,0.13889279999999998,0.001205478726481724
ON,0.5,0.6,1.0,10,170.66666666666666,0.13888450000000002,0.0012148535096874833
ON,0.5,0.6,1.0,10,170.83333333333334,0.1388837,0.0012161671801195798
ON,0.5,0.6,1.0,10,171.0,0.1388866,0.0011679722770682518
ON,0.5,0.6,1.0,10,171.16666666666666,0.13886530000000002,0.0011991740532549917
ON,0.5,0.6,1.0,10,171.33333333333334,0.1388709,0.0012250357913138716
ON,0.5,0.6,1.0,10,171.5,0.1388815,0.0012577166016237518
ON,0.5,0.6,1.0,10,171.66666666666666,0.13889100000000001,0.001271641222987051
ON,0.5,0.6,1.0,10,171.83333333333334,0.1388919,0.001303787900695506
ON,0.5,0.6,1.0,10,172.0,0.1389086,0.0013171858031424425
ON,0.5,0.6,1.0,10,172.16666666666666,0.1388966,0.001315988313018015
ON,0.5,0.6,1.0,10,172.33333333333334,0.138901,0.0012832039588467653
ON,0.5,0.6,1.0,10,172.5,0.138873,0.0012686394286794027
ON,0.5,0.6,1.0,10,172.66666666666666,0.13887310000000003,0.001258392343428715
ON,0.5,0.6,1.0,10,172.83333333333334,0.13886179999999998,0.001278850953004297
ON,0.5,0.6,1.0,10,173.0,0.13887929999999998,0.0012743835411680449
ON,0.5,0.6,1.0,10,173.16666666666666,0.1388679,0.00129276049212528
ON,0.5,0.6,1.0,10,173.33333333333334,0.13885840000000002,0.0012899407893387947
ON,0.5,0.6,1.0,10,173.5,0.1388751,0.0012743785505100079
ON,0.5,0.6,1.0,10,173.66666666666666,0.1388801,0.0012823070966036202
ON,0.5,0.6,1.0,10,173.83333333333334,0.1388744,0.0012734202919696279
ON,0.5,0.6,1.0,10,174.0,0.1388855,0.0012747288535214026
ON,0.5,0.6,1.0,10,174.16666666666666,0.1388742,0.0012650868586780916
ON,0.5,0.6,1.0,10,174.33333333333334,0.1388701,0.001268030161313211
ON,0.5,0.6,1.0,10,174.5,0.1388371,0.0012868748540553548
ON,0.5,0.6,1.0,10,174.66666666666666,0.1388422,0.0012873057756415162
ON,0.5,0.6,1.0,10,174.83333333333334,0.1388423,0.0012632504937659832
ON,0.5,0.6,1.0,10,175.0,0.13881860000000001,0.0012757623759932682
ON,0.5,0.6,1.0,10,175.16666666666666,0.1388163,0.001268610740140569
ON,0.5,0.6,1.0,10,175.33333333333334,0.13882389999999997,0.0012734027995885686
ON,0.5,0.6,1.0,10,175.5,0.1388456,0.0012802047648716192
ON,0.5,0.6,1.0,10,175.66666666666666,0.13885640000000002,0.0012804596206050349
ON,0.5,0.6,1.0,10,175.83333333333334,0.13884080000000001,0.0012931501691605708
ON,0.5,0.6,1.0,10,176.0,0.13883300000000004,0.0013054642852257572
ON,0.5,0.6,1.0,10,176.16666666666666,0.1388447,0.0013169372080702958
ON,0.5,0.6,1.0,10,176.33333333333334,0.1388198,0.0013080023547379451
ON,0.5,0.6,1.0,10,176.5,0.1388163,0.0012961563987420575
ON,0.5,0.6,1.0,10,176.66666666666666,0.13883620000000002,0.001270364735026913
ON,0.5,0.6,1.0,10,176.83333333333334,0.13883079999999998,0.0012521588397643507
ON,0.5,0.6,1.0,10,177.0,0.1388394,0.0012719403445130564
ON,0.5,0.6,1.0,10,177.16666666666666,0.1388362,0.0012841912474394178
ON,0.5,0.6,1.0,10,177.33333333333334,0.13886030000000002,0.0012763418076675202
ON,0.5,0.6,1.0,10,177.5,0.13886289999999998,0.0012775226377641994
ON,0.5,0.6,1.0,10,177.66666666666666,0.1388709,0.0012772890393329176
ON,0.5,0.6,1.0,10,177.83333333333334,0.13886700000000002,0.0013002894293194906
ON,0.5,0.6,1.0,10,178.0,0.13888059999999997,0.0013445571910484153
ON,0.5,0.6,1.0,10,178.16666666666666,0.1389012,0.001341425719151089
ON,0.5,0.6,1.0,10,178.33333333333334,0.1389076,0.0013568275645784874
ON,0.5,0.6,1.0,10,178.5,0.1389226,0.0013694247113295484
ON,0.5,0.6,1.0,10,178.66666666666666,0.13892809999999997,0.00137095553903108
ON,0.5,0.6,1.0,10,178.83333333333334,0.138925,0.0013832561584898179
ON,0.5,0.6,1.0,10,179.0,0.13892419999999997,0.0013878878052638146
ON,0.5,0.6,1.0,10,179.16666666666666,0.1389395,0.0013987306567027138
ON,0.5,0.6,1.0,10,179.33333333333334,0.1389328,0.0013868058119289807
ON,0.5,0.6,1.0,10,179.5,0.1389529,0.0013705990259736801
ON,0.5,0.6,1.0,10,179.66666666666666,0.1389719,0.0013728246392019654
ON,0.5,0.6,1.0,10,179.83333333333334,0.1389723,0.001369380958681695
ON,0.5,0.6,1.0,10,180.0,0.13900640000000003,0.0013561435174788787
ON,0.5,0.6,1.0,10,180.16666666666666,0.1390231,0.001366572460574266
ON,0.5,0.6,1.0,10,180.33333333333334,0.1390301,0.0013622955956766481
ON,0.5,0.6,1.0,10,180.5,0.1390225,0.0013547607353329959
ON,0.5,0.6,1.0,10,180.66666666666666,0.1389791,0.001349701778171754
ON,0.5,0.6,1.0,10,180.83333333333334,0.13896000000000003,0.0013410478738658056
ON,0.5,0.6,1.0,10,181.0,0.1389699,0.0013519059471723595
ON,0.5,0.6,1.0,10,181.16666666666666,0.13895960000000002,0.0013136695322644905
ON,0.5,0.6,1.0,10,181.33333333333334,0.1389687,0.001324128547385033
ON,0.5,0.6,1.0,10,181.5,0.13895580000000002,0.001314377936515974
ON,0.5,0.6,1.0,10,181.66666666666666,0.1389376,0.0013334687997849785
ON,0.5,0.6,1.0,10,181.83333333333334,0.1389256,0.001330771746018077
ON,0.5,0.6,1.0,10,182.0,0.13892160000000003,0.0013428283732480485
ON,0.5,0.6,1.0,10,182.16666666666666,0.138947,0.0013562532211943358
ON,0.5,0.6,1.0,10,182.33333333333334,0.13894630000000002,0.0013505841736078505
ON,0.5,0.6,1.0,10,182.5,0.13893029999999998,0.0013637244626389915
ON,0.5,0.6,1.0,10,182.66666666666666,0.1389318,0.0013691488450858792
ON,0.5,0.6,1.0,10,182.83333333333334,0.1389235,0.0013699506742945117
ON,0.5,0.6,1.0,10,183.0,0.1389109,0.0013518855313967926
ON,0.5,0.6,1.0,10,183.16666666666666,0.1389088,0.0013466072775683339
ON,0.5,0.6,1.0,10,183.33333333333334,0.1388913,0.001363308626100486
ON,0.5,0.6,1.0,10,183.5,0.13889200000000002,0.0013745428330903312
ON,0.5,0.6,1.0,10,183.66666666666666,0.13887280000000002,0.0013265482124672288
ON,0.5,0.6,1.0,10,183.83333333333334,0.1388714,0.0013202310555353554
ON,0.5,0.6,1.0,10,184.0,0.1388714,0.001324103485381717
ON,0.5,0.6,1.0,10,184.16666666666666,0.138837,0.001350629408831305
ON,0.5,0.6,1.0,10,184.33333333333334,0.1388336,0.0013308075893982588
ON,0.5,0.6,1.0,10,184.5,0.1388256,0.0013528475302117368
ON,0.5,0.6,1.0,10,184.66666666666666,0.1388221,0.0013586626108051988
ON,0.5,0.6,1.0,10,184.83333333333334,0.13879760000000002,0.0013380857371633576
ON,0.5,0.6,1.0,10,185.0,0.13877849999999997,0.001354269046386275
ON,0.5,0.6,1.0,10,185.16666666666666,0.1387596,0.0013624094245123248
ON,0.5,0.6,1.0,10,185.33333333333334,0.13876439999999998,0.001363458264854481
ON,0.5,0.6,1.0,10,185.5,0.13875980000000002,0.001381499388345867
ON,0.5,0.6,1.0,10,185.66666666666666,0.1387561,0.001384163895642419
ON,0.5,0.6,1.0,10,185.83333333333334,0.13874430000000001,0.0013559014012825548
ON,0.5,0.6,1.0,10,186.0,0.1387349,0.0013663199808244043
ON,0.5,0.6,1.0,10,186.16666666666666,0.13872500000000001,0.0013710707494509508
ON,0.5,0.6,1.0,10,186.33333333333334,0.1387262,0.0013749182375690533
ON,0.5,0.6,1.0,10,186.5,0.1387239,0.001394379607567467
ON,0.5,0.6,1.0,10,186.66666666666666,0.13872410000000002,0.0013720698560933415
ON,0.5,0.6,1.0,10,186.83333333333334,0.13872020000000002,0.0013759789097220914
ON,0.5,0.6,1.0,10,187.0,0.13871640000000002,0.0013935195872322684
ON,0.5,0.6,1.0,10,187.16666666666666,0.13873649999999998,0.001389102677990364
ON,0.5,0.6,1.0,10,187.33333333333334,0.13873030000000003,0.0014098414130674424
ON,0.5,0.6,1.0,10,187.5,0.1387184,0.0013979064489442752
ON,0.5,0.6,1.0,10,187.66666666666666,0.13876009999999997,0.0013758742275368043
ON,0.5,0.6,1.0,10,187.83333333333334,0.13877740000000002,0.0013638481000463353
ON,0.5,0.6,1.0,10,188.0,0.1387799,0.0013657563801791285
ON,0.5,0.6,1.0,10,188.16666666666666,0.13879950000000002,0.0013573634185434678
ON,0.5,0.6,1.0,10,188.33333333333334,0.1387845,0.0013580511956476418
ON,0.5,0.6,1.0,10,188.5,0.1387615,0.001335338103253261
ON,0.5,0.6,1.0,10,188.66666666666666,0.13874079999999997,0.0013367943596529692
ON,0.5,0.6,1.0,10,188.83333333333334,0.13874309999999998,0.0013360355122525771
ON,0.5,0.6,1.0,10,189.0,0.1387296,0.0013339709292184785
ON,0.5,0.6,1.0,10,189.16666666666666,0.13873539999999998,0.0013453921510102555
ON,0.5,0.6,1.0,10,189.33333333333334,0.1387376,0.001337652062383938
ON,0.5,0.6,1.0,10,189.5,0.13875549999999998,0.001335502171469595
ON,0.5,0.6,1.0,10,189.66666666666666,0.13876750000000002,0.0013545665173774217
ON,0.5,0.6,1.0,10,189.83333333333334,0.1387876,0.0013473519362067197
ON,0.5,0.6,1.0,10,190.0,0.13880339999999997,0.001327013805504679
ON,0.5,0.6,1.0,10,190.16666666666666,0.1388067,0.0013486993030323734
ON,0.5,0.6,1.0,10,190.33333333333334,0.138815,0.0013285382945176995
ON,0.5,0.6,1.0,10,190.5,0.1388385,0.0013111316676825367
ON,0.5,0.6,1.0,10,190.66666666666666,0.1388366,0.001317828380328791
ON,0.5,0.6,1.0,10,190.83333333333334,0.13883929999999997,0.0013026133770232817
ON,0.5,0.6,1.0,10,191.0,0.13883660000000003,0.001294735664141527
ON,0.5,0.6,1.0,10,191.16666666666666,0.1388247,0.0012751926168230413
ON,0.5,0.6,1.0,10,191.33333333333334,0.1388392,0.001255308950019876
ON,0.5,0.6,1.0,10,191.5,0.1388239,0.001235828098887539
ON,0.5,0.6,1.0,10,191.66666666666666,0.13882129999999998,0.0012322538740048641
ON,0.5,0.6,1.0,10,191.83333333333334,0.1388343,0.0012399230661617724
ON,0.5,0.6,1.0,10,191.99833333333333,0.138824,0.0012315564136490035
ON,0.5,0.6,1.0,10,192.0,0.1388267,0.0012323088939060708
ON,0.5,0.6,3.0,10,0.0,0.09957505,0.0003250554268121059
ON,0.5,0.6,3.0,10,0.16666666666666666,0.1021928,0.00037845945621691086
ON,0.5,0.6,3.0,10,0.3333333333333333,0.1068424,0.0006384848001323136
ON,0.5,0.6,3.0,10,0.5,0.11074980000000001,0.0009045412981174496
ON,0.5,0.6,3.0,10,0.6666666666666666,0.11372719999999999,0.001018944237924726
ON,0.5,0.6,3.0,10,0.8333333333333334,0.1160293,0.0011965974302161942
ON,0.5,0.6,3.0,10,1.0,0.11776240000000002,0.0012790903173740314
ON,0.5,0.6,3.0,10,1.1666666666666667,0.1192059,0.0013154437616257114
ON,0.5,0.6,3.0,10,1.3333333333333333,0.1203317,0.0013963622774910535
ON,0.5,0.6,3.0,10,1.5,0.12138269999999998,0.001460725302717796
ON,0.5,0.6,3.0,10,1.6666666666666667,0.1222112,0.0015648708445108186
ON,0.5,0.6,3.0,10,1.8333333333333333,0.1229449,0.0015643834216712968
ON,0.5,0.6,3.0,10,2.0,0.12358589999999998,0.0016037096651202159
ON,0.5,0.6,3.0,10,2.1666666666666665,0.12414209999999999,0.0016232372254233196
ON,0.5,0.6,3.0,10,2.3333333333333335,0.124659,0.0016390093349337581
ON,0.5,0.6,3.0,10,2.5,0.1251725,0.0016582779773005503
ON,0.5,0.6,3.0,10,2.6666666666666665,0.12564099999999997,0.0016934431198006013
ON,0.5,0.6,3.0,10,2.8333333333333335,0.12607200000000002,0.00172840793795909
ON,0.5,0.6,3.0,10,3.0,0.12647219999999998,0.0017197509005667045
ON,0.5,0.6,3.0,10,3.1666666666666665,0.1268285,0.001725914380842804
ON,0.5,0.6,3.0,10,3.3333333333333335,0.12720379999999998,0.0017533912170419905
ON,0.5,0.6,3.0,10,3.5,0.12759949999999998,0.0017903230574396317
ON,0.5,0.6,3.0,10,3.6666666666666665,0.1279252,0.0018139536818783423
ON,0.5,0.6,3.0,10,3.8333333333333335,0.1282663,0.0018197491612856978
ON,0.5,0.6,3.0,10,4.0,0.12855690000000003,0.0018150089503911541
ON,0.5,0.6,3.0,10,4.166666666666667,0.1288516,0.001801869595725505
ON,0.5,0.6,3.0,10,4.333333333333333,0.12914250000000002,0.0017952394408546155
ON,0.5,0.6,3.0,10,4.5,0.1294513,0.0018272223756291921
ON,0.5,0.6,3.0,10,4.666666666666667,0.12969979999999998,0.0018048940578327545
ON,0.5,0.6,3.0,10,4.833333333333333,0.1299341,0.0017630339446533664
ON,0.5,0.6,3.0,10,5.0,0.1301557,0.001779935113985905
ON,0.5,0.6,3.0,10,5.166666666666667,0.13042009999999998,0.0018244589581571814
ON,0.5,0.6,3.0,10,5.333333333333333,0.130681,0.0017805369414870327
ON,0.5,0.6,3.0,10,5.5,0.1308921,0.0017943821471470309
ON,0.5,0.6,3.0,10,5.666666666666667,0.1311263,0.0017835751203692032
ON,0.5,0.6,3.0,10,5.833333333333333,0.13132349999999998,0.0018551664750097218
ON,0.5,0.6,3.0,10,6.0,0.1315512,0.0019070119978647215
ON,0.5,0.6,3.0,10,6.166666666666667,0.13178240000000002,0.0018846549392395405
ON,0.5,0.6,3.0,10,6.333333333333333,0.1319784,0.001877125579176842
ON,0.5,0.6,3.0,10,6.5,0.1321756,0.0019206385500660963
ON,0.5,0.6,3.0,10,6.666666666666667,0.13239099999999998,0.001965208029700673
ON,0.5,0.6,3.0,10,6.833333333333333,0.1325984,0.0019511213801298988
ON,0.5,0.6,3.0,10,7.0,0.1327877,0.0019413204295015301
ON,0.5,0.6,3.0,10,7.166666666666667,0.13300789999999998,0.001926419084726893
ON,0.5,0.6,3.0,10,7.333333333333333,0.1331824,0.0019271909713362637
ON,0.5,0.6,3.0,10,7.5,0.1333614,0.0019119755856181855
ON,0.5,0.6,3.0,10,7.666666666666667,0.1335055,0.0018953798695776024
ON,0.5,0.6,3.0,10,7.833333333333333,0.1336446,0.0018958539078737016
ON,0.5,0.6,3.0,10,8.0,0.13378649999999997,0.0018793236150274964
ON,0.5,0.6,3.0,10,8.166666666666666,0.133976,0.0018696991736640444
ON,0.5,0.6,3.0,10,8.333333333333334,0.1341316,0.0018663979854254033
ON,0.5,0.6,3.0,10,8.5,0.134307,0.0018802366340437016
ON,0.5,0.6,3.0,10,8.666666666666666,0.1344633,0.0018319301869885755
ON,0.5,0.6,3.0,10,8.833333333333334,0.13464099999999998,0.0018649507232095942
ON,0.5,0.6,3.0,10,9.0,0.1347994,0.0018698116589646189
ON,0.5,0.6,3.0,10,9.166666666666666,0.13488909999999998,0.0018593581392512867
ON,0.5,0.6,3.0,10,9.333333333333334,0.135045,0.0018335438909390731
ON,0.5,0.6,3.0,10,9.5,0.1351791,0.0017953556444337121
ON,0.5,0.6,3.0,10,9.666666666666666,0.13528,0.0017853945782375395
ON,0.5,0.6,3.0,10,9.833333333333334,0.1354222,0.0017901358495935416
ON,0.5,0.6,3.0,10,10.0,0.1355189,0.0017753907429070392
ON,0.5,0.6,3.0,10,10.166666666666666,0.13561090000000003,0.0017231553296206362
ON,0.5,0.6,3.0,10,10.333333333333334,0.1357441,0.0016929370602594752
ON,0.5,0.6,3.0,10,10.5,0.13587220000000003,0.0016960144339008428
ON,0.5,0.6,3.0,10,10.666666666666666,0.13599719999999998,0.0016857687148597786
ON,0.5,0.6,3.0,10,10.833333333333334,0.1361486,0.0017155578218177319
ON,0.5,0.6,3.0,10,11.0,0.1362775,0.001735405615410991
ON,0.5,0.6,3.0,10,11.166666666666666,0.1364363,0.0017187944059718144
ON,0.5,0.6,3.0,10,11.333333333333334,0.1365926,0.0017296179462528698
ON,0.5,0.6,3.0,10,11.5,0.1367177,0.0017281050922903997
ON,0.5,0.6,3.0,10,11.666666666666666,0.13679610000000003,0.0016967430830859495
ON,0.5,0.6,3.0,10,11.833333333333334,0.13689410000000002,0.0017164334213711904
ON,0.5,0.6,3.0,10,12.0,0.13699599999999998,0.0016967330373397023
ON,0.5,0.6,3.0,10,12.166666666666666,0.1371152,0.0017001549811708344
ON,0.5,0.6,3.0,10,12.333333333333334,0.1372015,0.0016862741325181947
ON,0.5,0.6,3.0,10,12.5,0.13731809999999997,0.0016944464258276252
ON,0.5,0.6,3.0,10,12.666666666666666,0.1374217,0.0017026260335141089
ON,0.5,0.6,3.0,10,12.833333333333334,0.1375108,0.0016824495118724948
ON,0.5,0.6,3.0,10,13.0,0.13762709999999997,0.0016851363416649702
ON,0.5,0.6,3.0,10,13.166666666666666,0.13769519999999996,0.0016856883341828043
ON,0.5,0.6,3.0,10,13.333333333333334,0.1377871,0.0016957871594041462
ON,0.5,0.6,3.0,10,13.5,0.13784079999999999,0.001665306686469493
ON,0.5,0.6,3.0,10,13.666666666666666,0.13794109999999998,0.0016068788037683509
ON,0.5,0.6,3.0,10,13.833333333333334,0.138032,0.0015941651106456947
ON,0.5,0.6,3.0,10,14.0,0.13813599999999998,0.0016040610337515195
ON,0.5,0.6,3.0,10,14.166666666666666,0.1382002,0.001601533065534397
ON,0.5,0.6,3.0,10,14.333333333333334,0.13828590000000002,0.0016018085684625391
ON,0.5,0.6,3.0,10,14.5,0.13836410000000002,0.0015906273259315012
ON,0.5,0.6,3.0,10,14.666666666666666,0.1383932,0.0015905981139181574
ON,0.5,0.6,3.0,10,14.833333333333334,0.1384581,0.0015901712769384327
ON,0.5,0.6,3.0,10,15.0,0.13853149999999997,0.0015950524912992658
ON,0.5,0.6,3.0,10,15.166666666666666,0.1386058,0.001594554282550459
ON,0.5,0.6,3.0,10,15.333333333333334,0.13870130000000003,0.001585033125836811
ON,0.5,0.6,3.0,10,15.5,0.1388084,0.0015746974439555068
ON,0.5,0.6,3.0,10,15.666666666666666,0.13885930000000002,0.0015968842819691124
ON,0.5,0.6,3.0,10,15.833333333333334,0.138901,0.0015730312775021366
ON,0.5,0.6,3.0,10,16.0,0.1389841,0.0015779076303763739
ON,0.5,0.6,3.0,10,16.166666666666668,0.1390594,0.001548135859671235
ON,0.5,0.6,3.0,10,16.333333333333332,0.1391232,0.0015232512465118834
ON,0.5,0.6,3.0,10,16.5,0.1391891,0.0015371509652600797
ON,0.5,0.6,3.0,10,16.666666666666668,0.1392214,0.0015177188277148044
ON,0.5,0.6,3.0,10,16.833333333333332,0.13929949999999997,0.0014927993334671627
ON,0.5,0.6,3.0,10,17.0,0.1393616,0.0014957814813668488
ON,0.5,0.6,3.0,10,17.166666666666668,0.1394069,0.0015024445713569567
ON,0.5,0.6,3.0,10,17.333333333333332,0.13946619999999998,0.001496304367433307
ON,0.5,0.6,3.0,10,17.5,0.1395349,0.001519308556548008
ON,0.5,0.6,3.0,10,17.666666666666668,0.1396011,0.0014841568279666405
ON,0.5,0.6,3.0,10,17.833333333333332,0.13967820000000003,0.0014811831622051346
ON,0.5,0.6,3.0,10,18.0,0.13973649999999999,0.0014680940875843123
ON,0.5,0.6,3.0,10,18.166666666666668,0.13976430000000004,0.0014641379750556251
ON,0.5,0.6,3.0,10,18.333333333333332,0.1398219,0.0014717286740428724
ON,0.5,0.6,3.0,10,18.5,0.13988799999999998,0.0014651735050839557
ON,0.5,0.6,3.0,10,18.666666666666668,0.1399436,0.00150892552500115
ON,0.5,0.6,3.0,10,18.833333333333332,0.1400145,0.001496058571714354
ON,0.5,0.6,3.0,10,19.0,0.1400688,0.0015176623998768624
ON,0.5,0.6,3.0,10,19.166666666666668,0.1401358,0.0015187102949542404
ON,0.5,0.6,3.0,10,19.333333333333332,0.140187,0.0015673073725341756
ON,0.5,0.6,3.0,10,19.5,0.14024890000000004,0.0015437136036195339
ON,0.5,0.6,3.0,10,19.666666666666668,0.1402963,0.0015286480988114988
ON,0.5,0.6,3.0,10,19.833333333333332,0.14031749999999998,0.0015111377998051683
ON,0.5,0.6,3.0,10,20.0,0.1403538,0.0015076866915907947
ON,0.5,0.6,3.0,10,20.166666666666668,0.1404102,0.0014843011689007041
ON,0.5,0.6,3.0,10,20.333333333333332,0.14046260000000002,0.001475656613172589
ON,0.5,0.6,3.0,10,20.5,0.14052409999999999,0.0014726904257175034
ON,0.5,0.6,3.0,10,20.666666666666668,0.1405353,0.0014617183757482176
ON,0.5,0.6,3.0,10,20.833333333333332,0.14058359999999998,0.0014513212049715293
ON,0.5,0.6,3.0,10,21.0,0.140638,0.0014527802311430304
ON,0.5,0.6,3.0,10,21.166666666666668,0.14066989999999996,0.0014546966316039936
ON,0.5,0.6,3.0,10,21.333333333333332,0.14074179999999997,0.001441018931173353
ON,0.5,0.6,3.0,10,21.5,0.1407855,0.00144237999500825
ON,0.5,0.6,3.0,10,21.666666666666668,0.1408188,0.001412767199505988
ON,0.5,0.6,3.0,10,21.833333333333332,0.14086579999999999,0.0014091341880743684
ON,0.5,0.6,3.0,10,22.0,0.1409014,0.0014061908974246722
ON,0.5,0.6,3.0,10,22.166666666666668,0.1409511,0.001403380593424321
ON,0.5,0.6,3.0,10,22.333333333333332,0.1410028,0.0014271745373289158
ON,0.5,0.6,3.0,10,22.5,0.1410359,0.001430082896198677
ON,0.5,0.6,3.0,10,22.666666666666668,0.141091,0.0014190404504452992
ON,0.5,0.6,3.0,10,22.833333333333332,0.14111140000000003,0.0014194559662067702
ON,0.5,0.6,3.0,10,23.0,0.14115319999999998,0.0014191733368408511
ON,0.5,0.6,3.0,10,23.166666666666668,0.141173,0.0014241866450714952
ON,0.5,0.6,3.0,10,23.333333333333332,0.14119949999999998,0.001435434794757319
ON,0.5,0.6,3.0,10,23.5,0.14122430000000002,0.0014504699962426002
ON,0.5,0.6,3.0,10,23.666666666666668,0.1412639,0.0014462869321127116
ON,0.5,0.6,3.0,10,23.833333333333332,0.1413115,0.0014018556452074528
ON,0.5,0.6,3.0,10,24.0,0.1413157,0.0014064160870809162
ON,0.5,0.6,3.0,10,24.166666666666668,0.141368,0.0014088508792629523
ON,0.5,0.6,3.0,10,24.333333333333332,0.1413852,0.001423288923585088
ON,0.5,0.6,3.0,10,24.5,0.1414082,0.0014407015513283768
ON,0.5,0.6,3.0,10,24.666666666666668,0.1414192,0.0014308441424557776
ON,0.5,0.6,3.0,10,24.833333333333332,0.14145900000000003,0.0014252154924782388
ON,0.5,0.6,3.0,10,25.0,0.1414587,0.0014541770215486132
ON,0.5,0.6,3.0,10,25.166666666666668,0.14147930000000003,0.0014560982144072572
ON,0.5,0.6,3.0,10,25.333333333333332,0.1415006,0.0014533282629880975
ON,0.5,0.6,3.0,10,25.5,0.1415224,0.0014569639803371911
ON,0.5,0.6,3.0,10,25.666666666666668,0.1415426,0.0014686527295450086
ON,0.5,0.6,3.0,10,25.833333333333332,0.1415465,0.0014650756465111315
ON,0.5,0.6,3.0,10,26.0,0.141564,0.0014448096760473286
ON,0.5,0.6,3.0,10,26.166666666666668,0.1416019,0.0014350921538354257
ON,0.5,0.6,3.0,10,26.333333333333332,0.14161399999999996,0.0014434413739393762
ON,0.5,0.6,3.0,10,26.5,0.14165419999999998,0.0014196645237520027
ON,0.5,0.6,3.0,10,26.666666666666668,0.14165439999999999,0.001425954711763315
ON,0.5,0.6,3.0,10,26.833333333333332,0.14166569999999998,0.0014654767858959727
ON,0.5,0.6,3.0,10,27.0,0.1416883,0.0014451156389714984
ON,0.5,0.6,3.0,10,27.166666666666668,0.1416869,0.0014421764420486163
ON,0.5,0.6,3.0,10,27.333333333333332,0.1417063,0.001435529174207198
ON,0.5,0.6,3.0,10,27.5,0.1417101,0.0014579575062394624
ON,0.5,0.6,3.0,10,27.666666666666668,0.1417212,0.00144778650359782
ON,0.5,0.6,3.0,10,27.833333333333332,0.14172970000000001,0.001433002166781334
ON,0.5,0.6,3.0,10,28.0,0.1417503,0.001446986319907692
ON,0.5,0.6,3.0,10,28.166666666666668,0.14178569999999996,0.0014480118127971199
ON,0.5,0.6,3.0,10,28.333333333333332,0.1417783,0.0014775834358844186
ON,0.5,0.6,3.0,10,28.5,0.14180489999999998,0.001473762358726808
ON,0.5,0.6,3.0,10,28.666666666666668,0.14182509999999998,0.0014790740650826078
ON,0.5,0.6,3.0,10,28.833333333333332,0.1418382,0.0014583037955103845
ON,0.5,0.6,3.0,10,29.0,0.141853,0.001464961979028805
ON,0.5,0.6,3.0,10,29.166666666666668,0.1418748,0.0014638958159650564
ON,0.5,0.6,3.0,10,29.333333333333332,0.141887,0.0014791556375175626
ON,0.5,0.6,3.0,10,29.5,0.1419017,0.0014678324870365852
ON,0.5,0.6,3.0,10,29.666666666666668,0.1419274,0.001479409760681599
ON,0.5,0.6,3.0,10,29.833333333333332,0.14194959999999998,0.0015037033750045239
ON,0.5,0.6,3.0,10,30.0,0.1419536,0.001506342338248516
ON,0.5,0.6,3.0,10,30.166666666666668,0.1419638,0.0015202118799693709
ON,0.5,0.6,3.0,10,30.333333333333332,0.14196799999999998,0.001526324736089929
ON,0.5,0.6,3.0,10,30.5,0.14200390000000002,0.0015233320353750883
ON,0.5,0.6,3.0,10,30.666666666666668,0.1420269,0.0015092373868944562
ON,0.5,0.6,3.0,10,30.833333333333332,0.1420557,0.0015127217225914338
ON,0.5,0.6,3.0,10,31.0,0.14208019999999996,0.001504907890869073
ON,0.5,0.6,3.0,10,31.166666666666668,0.14209259999999996,0.001467725260394463
ON,0.5,0.6,3.0,10,31.333333333333332,0.142119,0.0014952762286614418
ON,0.5,0.6,3.0,10,31.5,0.14213399999999998,0.0014971695962715814
ON,0.5,0.6,3.0,10,31.666666666666668,0.14212429999999998,0.0015061928196615463
ON,0.5,0.6,3.0,10,31.833333333333332,0.14214569999999999,0.001530375643428759
ON,0.5,0.6,3.0,10,32.0,0.1421745,0.0015124303785629266
ON,0.5,0.6,3.0,10,32.166666666666664,0.14219960000000004,0.0015056333019696363
ON,0.5,0.6,3.0,10,32.333333333333336,0.1422017,0.0015169197111251508
ON,0.5,0.6,3.0,10,32.5,0.1422316,0.0015275438586174882
ON,0.5,0.6,3.0,10,32.666666666666664,0.1422594,0.0015223138441201893
ON,0.5,0.6,3.0,10,32.833333333333336,0.1422601,0.0015069186739834345
ON,0.5,0.6,3.0,10,33.0,0.1422628,0.001500284759637314
ON,0.5,0.6,3.0,10,33.166666666666664,0.14228570000000001,0.0015283003009879993
ON,0.5,0.6,3.0,10,33.333333333333336,0.14229640000000002,0.0015282877477752672
ON,0.5,0.6,3.0,10,33.5,0.14234039999999998,0.0015277960073255895
ON,0.5,0.6,3.0,10,33.666666666666664,0.1423649,0.0015291253349545928
ON,0.5,0.6,3.0,10,33.833333333333336,0.1423763,0.0015216291302416621
ON,0.5,0.6,3.0,10,34.0,0.142395,0.0015249619667388476
ON,0.5,0.6,3.0,10,34.166666666666664,0.1423977,0.0015379271796804935
ON,0.5,0.6,3.0,10,34.333333333333336,0.1424045,0.0015280377776743601
ON,0.5,0.6,3.0,10,34.5,0.1424326,0.0014966618990272951
ON,0.5,0.6,3.0,10,34.666666666666664,0.14244969999999996,0.0014894388909921716
ON,0.5,0.6,3.0,10,34.833333333333336,0.14243859999999997,0.0014908654667675411
ON,0.5,0.6,3.0,10,35.0,0.14241959999999998,0.0014848125268868125
ON,0.5,0.6,3.0,10,35.166666666666664,0.14244410000000002,0.0015027861757415753
ON,0.5,0.6,3.0,10,35.333333333333336,0.1424386,0.0015024189961525356
ON,0.5,0.6,3.0,10,35.5,0.142419,0.0015083207881614606
ON,0.5,0.6,3.0,10,35.666666666666664,0.1424642,0.001517233126450909
ON,0.5,0.6,3.0,10,35.833333333333336,0.1425002,0.0015431277847281477
ON,0.5,0.6,3.0,10,36.0,0.1424904,0.001555542619152563
ON,0.5,0.6,3.0,10,36.166666666666664,0.1424814,0.0015310334548924746
ON,0.5,0.6,3.0,10,36.333333333333336,0.14246660000000003,0.0015186642947011026
ON,0.5,0.6,3.0,10,36.5,0.14247300000000002,0.001522916281349699
ON,0.5,0.6,3.0,10,36.666666666666664,0.14248029999999998,0.0015343439021288582
ON,0.5,0.6,3.0,10,36.833333333333336,0.14250500000000002,0.0015105138198639556
ON,0.5,0.6,3.0,10,37.0,0.142507,0.0014933249478931282
ON,0.5,0.6,3.0,10,37.166666666666664,0.142516,0.0015069132025435294
ON,0.5,0.6,3.0,10,37.333333333333336,0.1425416,0.0015471707856600683
ON,0.5,0.6,3.0,10,37.5,0.1425625,0.0015783295124909761
ON,0.5,0.6,3.0,10,37.666666666666664,0.14257720000000002,0.0016048657763190048
ON,0.5,0.6,3.0,10,37.833333333333336,0.1425842,0.001612977792779556
ON,0.5,0.6,3.0,10,38.0,0.14259349999999998,0.0016248219133185016
ON,0.5,0.6,3.0,10,38.166666666666664,0.14259460000000002,0.0016192718857560634
ON,0.5,0.6,3.0,10,38.333333333333336,0.14261400000000002,0.0016194935628152396
ON,0.5,0.6,3.0,10,38.5,0.1426403,0.0016073341936261995
ON,0.5,0.6,3.0,10,38.666666666666664,0.1426617,0.0016136794012442507
ON,0.5,0.6,3.0,10,38.833333333333336,0.1426478,0.0016201248593858443
ON,0.5,0.6,3.0,10,39.0,0.1426499,0.0016115523230723883
ON,0.5,0.6,3.0,10,39.166666666666664,0.1426748,0.0016090021628326033
ON,0.5,0.6,3.0,10,39.333333333333336,0.14266679999999998,0.0016285865528119791
ON,0.5,0.6,3.0,10,39.5,0.14265529999999998,0.0016358608773364518
ON,0.5,0.6,3.0,10,39.666666666666664,0.142654,0.0016165224403020212
ON,0.5,0.6,3.0,10,39.833333333333336,0.14266380000000004,0.0015954621148745632
ON,0.5,0.6,3.0,10,40.0,0.1426691,0.0015706812821193175
ON,0.5,0.6,3.0,10,40.166666666666664,0.1426732,0.0015829464804597826
ON,0.5,0.6,3.0,10,40.333333333333336,0.14266979999999999,0.0015819874715053848
ON,0.5,0.6,3.0,10,40.5,0.14268720000000001,0.0015823037508645426
ON,0.5,0.6,3.0,10,40.666666666666664,0.1426664,0.0015885616261259727
ON,0.5,0.6,3.0,10,40.833333333333336,0.1426497,0.0015623215450092248
ON,0.5,0.6,3.0,10,41.0,0.1426622,0.0015836436341551045
ON,0.5,0.6,3.0,10,41.166666666666664,0.1426464,0.001590218802555174
ON,0.5,0.6,3.0,10,41.333333333333336,0.1426533,0.0016133417523885008
ON,0.5,0.6,3.0,10,41.5,0.1426568,0.0016094851226401549
ON,0.5,0.6,3.0,10,41.666666666666664,0.14268650000000002,0.0015914234665858088
ON,0.5,0.6,3.0,10,41.833333333333336,0.14269880000000001,0.0015828535497638438
ON,0.5,0.6,3.0,10,42.0,0.1427028,0.001569666830891192
ON,0.5,0.6,3.0,10,42.166666666666664,0.14270120000000003,0.001576121746566553
ON,0.5,0.6,3.0,10,42.333333333333336,0.1426967,0.0016011473417521566
ON,0.5,0.6,3.0,10,42.5,0.1426973,0.0016162576558210033
ON,0.5,0.6,3.0,10,42.666666666666664,0.142676,0.0016105071251006668
ON,0.5,0.6,3.0,10,42.833333333333336,0.1426872,0.0015965612922778732
ON,0.5,0.6,3.0,10,43.0,0.1426924,0.001608443670135825
ON,0.5,0.6,3.0,10,43.166666666666664,0.1426717,0.0015931834200744142
ON,0.5,0.6,3.0,10,43.333333333333336,0.14266880000000004,0.0016081187020863875
ON,0.5,0.6,3.0,10,43.5,0.1426784,0.0015837148228137563
ON,0.5,0.6,3.0,10,43.666666666666664,0.14271779999999998,0.0016024825615275826
ON,0.5,0.6,3.0,10,43.833333333333336,0.1427005,0.0016076388431485447
ON,0.5,0.6,3.0,10,44.0,0.14270159999999998,0.0015845033417446633
ON,0.5,0.6,3.0,10,44.166666666666664,0.14270509999999997,0.0016083468811173758
ON,0.5,0.6,3.0,10,44.333333333333336,0.14270509999999997,0.0016166354227221413
ON,0.5,0.6,3.0,10,44.5,0.1426981,0.0016231742635958754
ON,0.5,0.6,3.0,10,44.666666666666664,0.14271249999999996,0.001624167432871375
ON,0.5,0.6,3.0,10,44.833333333333336,0.1427076,0.0015882599409416597
ON,0.5,0.6,3.0,10,45.0,0.14270089999999996,0.0015834366075091232
ON,0.5,0.6,3.0,10,45.166666666666664,0.14271570000000003,0.0015864988528202612
ON,0.5,0.6,3.0,10,45.333333333333336,0.1427352,0.001577487356526198
ON,0.5,0.6,3.0,10,45.5,0.1427409,0.0015901047418330598
ON,0.5,0.6,3.0,10,45.666666666666664,0.1427531,0.0015970261394228965
ON,0.5,0.6,3.0,10,45.833333333333336,0.14277429999999997,0.0016163193403532627
ON,0.5,0.6,3.0,10,46.0,0.14278,0.0015962570594988742
ON,0.5,0.6,3.0,10,46.166666666666664,0.1427932,0.0015878484058624743
ON,0.5,0.6,3.0,10,46.333333333333336,0.1427857,0.0016124057212748913
ON,0.5,0.6,3.0,10,46.5,0.1427758,0.0015944530598296068
ON,0.5,0.6,3.0,10,46.666666666666664,0.1427424,0.0016050291087703077
ON,0.5,0.6,3.0,10,46.833333333333336,0.1427634,0.0016176049703187716
ON,0.5,0.6,3.0,10,47.0,0.1427504,0.0016503124673830714
ON,0.5,0.6,3.0,10,47.166666666666664,0.1427341,0.001682727633932483
ON,0.5,0.6,3.0,10,47.333333333333336,0.1427424,0.0017039191412740213
ON,0.5,0.6,3.0,10,47.5,0.1427462,0.001706934726344269
ON,0.5,0.6,3.0,10,47.666666666666664,0.14272379999999998,0.0017270185175614111
ON,0.5,0.6,3.0,10,47.833333333333336,0.1427158,0.0017028369152681645
ON,0.5,0.6,3.0,10,48.0,0.1426986,0.0016979342272302553
ON,0.5,0.6,3.0,10,48.166666666666664,0.14269289999999998,0.0016942395019595104
ON,0.5,0.6,3.0,10,48.333333333333336,0.142689,0.0016723508005200343
ON,0.5,0.6,3.0,10,48.5,0.14269659999999998,0.001682771238166376
ON,0.5,0.6,3.0,10,48.666666666666664,0.14269650000000003,0.0016774279269166782
ON,0.5,0.6,3.0,10,48.833333333333336,0.14268469999999997,0.0016632461663866856
ON,0.5,0.6,3.0,10,49.0,0.1426691,0.0016486034362453597
ON,0.5,0.6,3.0,10,49.166666666666664,0.14266,0.0016817881555059222
ON,0.5,0.6,3.0,10,49.333333333333336,0.1426258,0.001681960867559056
ON,0.5,0.6,3.0,10,49.5,0.14262480000000002,0.001667540692157164
ON,0.5,0.6,3.0,10,49.666666666666664,0.1426291,0.0016712167094664852
ON,0.5,0.6,3.0,10,49.833333333333336,0.14262560000000002,0.0016697438246629345
ON,0.5,0.6,3.0,10,50.0,0.1426482,0.0016414004264651595
ON,0.5,0.6,3.0,10,50.166666666666664,0.1426361,0.0016472241165063125
ON,0.5,0.6,3.0,10,50.333333333333336,0.14264840000000004,0.0016532733107384294
ON,0.5,0.6,3.0,10,50.5,0.14264200000000002,0.001689508745168247
ON,0.5,0.6,3.0,10,50.666666666666664,0.14265809999999998,0.0017026298746351174
ON,0.5,0.6,3.0,10,50.833333333333336,0.14266530000000002,0.0016876208727080863
ON,0.5,0.6,3.0,10,51.0,0.1426652,0.0016857065462292042
ON,0.5,0.6,3.0,10,51.166666666666664,0.1426717,0.0016907409647843746
ON,0.5,0.6,3.0,10,51.333333333333336,0.14264320000000003,0.001697551519100378
ON,0.5,0.6,3.0,10,51.5,0.14265150000000001,0.0016952317983096033
ON,0.5,0.6,3.0,10,51.666666666666664,0.14266299999999998,0.0016797380748199992
ON,0.5,0.6,3.0,10,51.833333333333336,0.14265469999999997,0.0016780828376453867
ON,0.5,0.6,3.0,10,52.0,0.1426346,0.0016825822535614697
ON,0.5,0.6,3.0,10,52.166666666666664,0.14262800000000003,0.001720143947464862
ON,0.5,0.6,3.0,10,52.333333333333336,0.14263900000000002,0.0017257512566995275
ON,0.5,0.6,3.0,10,52.5,0.14262599999999998,0.00171232566995884
ON,0.5,0.6,3.0,10,52.666666666666664,0.1426253,0.0016848192811099992
ON,0.5,0.6,3.0,10,52.833333333333336,0.1425965,0.00166824969653826
ON,0.5,0.6,3.0,10,53.0,0.1426151,0.0016397862330194126
ON,0.5,0.6,3.0,10,53.166666666666664,0.14264390000000002,0.001635592213847939
ON,0.5,0.6,3.0,10,53.333333333333336,0.1426305,0.0016518441966480969
ON,0.5,0.6,3.0,10,53.5,0.14263399999999998,0.00165105663137277
ON,0.5,0.6,3.0,10,53.666666666666664,0.1426497,0.0016678376449762715
ON,0.5,0.6,3.0,10,53.833333333333336,0.14265080000000002,0.0016596451307433146
ON,0.5,0.6,3.0,10,54.0,0.14265109999999998,0.0016348706646092887
ON,0.5,0.6,3.0,10,54.166666666666664,0.1426363,0.0016344050936043988
ON,0.5,0.6,3.0,10,54.333333333333336,0.1426048,0.001663280301091793
ON,0.5,0.6,3.0,10,54.5,0.14261580000000001,0.001642914410430442
ON,0.5,0.6,3.0,10,54.666666666666664,0.1425899,0.001651768110238237
ON,0.5,0.6,3.0,10,54.833333333333336,0.1426055,0.001634116473816968
ON,0.5,0.6,3.0,10,55.0,0.1425981,0.0016106757246572
ON,0.5,0.6,3.0,10,55.166666666666664,0.14258470000000004,0.0016053451996377627
ON,0.5,0.6,3.0,10,55.333333333333336,0.1425824,0.0016106405682212274
ON,0.5,0.6,3.0,10,55.5,0.14256890000000003,0.0015832956420075192
ON,0.5,0.6,3.0,10,55.666666666666664,0.14258389999999999,0.0015924100885136355
ON,0.5,0.6,3.0,10,55.833333333333336,0.1426011,0.0016010648612720206
ON,0.5,0.6,3.0,10,56.0,0.14256450000000004,0.0016284421543303273
ON,0.5,0.6,3.0,10,56.166666666666664,0.14255,0.001634035495330503
ON,0.5,0.6,3.0,10,56.333333333333336,0.142551,0.0016228446013096878
ON,0.5,0.6,3.0,10,56.5,0.1425495,0.0016133790782082193
ON,0.5,0.6,3.0,10,56.666666666666664,0.14256459999999999,0.0016012089307769937
ON,0.5,0.6,3.0,10,56.833333333333336,0.14255560000000003,0.0016065171147547686
ON,0.5,0.6,3.0,10,57.0,0.14258010000000002,0.0015936804855428207
ON,0.5,0.6,3.0,10,57.166666666666664,0.14256169999999999,0.0015774144699475803
ON,0.5,0.6,3.0,10,57.333333333333336,0.1425767,0.0015799048104237186
ON,0.5,0.6,3.0,10,57.5,0.1425983,0.0015805519320794233
ON,0.5,0.6,3.0,10,57.666666666666664,0.142606,0.0015736512955543895
ON,0.5,0.6,3.0,10,57.833333333333336,0.1426127,0.001575277185132822
ON,0.5,0.6,3.0,10,58.0,0.1426175,0.001572098295272917
ON,0.5,0.6,3.0,10,58.166666666666664,0.142596,0.0015891525414509495
ON,0.5,0.6,3.0,10,58.333333333333336,0.14259309999999997,0.0015746686921381265
ON,0.5,0.6,3.0,10,58.5,0.1426046,0.0015854427898855223
ON,0.5,0.6,3.0,10,58.666666666666664,0.1425958,0.0015894344780455715
ON,0.5,0.6,3.0,10,58.833333333333336,0.1425712,0.001590604149372181
ON,0.5,0.6,3.0,10,59.0,0.1426021,0.0016021156918275263
ON,0.5,0.6,3.0,10,59.166666666666664,0.14260409999999998,0.0016060929269503623
ON,0.5,0.6,3.0,10,59.333333333333336,0.1426136,0.0016048358296099953
ON,0.5,0.6,3.0,10,59.5,0.1425862,0.001599959486987092
ON,0.5,0.6,3.0,10,59.666666666666664,0.14259300000000003,0.00160381233316121
ON,0.5,0.6,3.0,10,59.833333333333336,0.142546,0.001618442584709135
ON,0.5,0.6,3.0,10,60.0,0.1425602,0.0016326160479426892
ON,0.5,0.6,3.0,10,60.166666666666664,0.14255250000000003,0.0016165277139597695
ON,0.5,0.6,3.0,10,60.333333333333336,0.1425479,0.0015955185019297057
ON,0.5,0.6,3.0,10,60.5,0.1425415,0.0015793315199792615
ON,0.5,0.6,3.0,10,60.666666666666664,0.1424954,0.001603238672188268
ON,0.5,0.6,3.0,10,60.833333333333336,0.14250960000000001,0.0016090263639853828
ON,0.5,0.6,3.0,10,61.0,0.1425207,0.0015975758542241436
ON,0.5,0.6,3.0,10,61.166666666666664,0.14249779999999998,0.0016004627955688276
ON,0.5,0.6,3.0,10,61.333333333333336,0.1424975,0.0016018134254650268
ON,0.5,0.6,3.0,10,61.5,0.1424762,0.0016038845843763178
ON,0.5,0.6,3.0,10,61.666666666666664,0.14249050000000002,0.0016424039850170865
ON,0.5,0.6,3.0,10,61.833333333333336,0.1424811,0.0016614915858950338
ON,0.5,0.6,3.0,10,62.0,0.14247839999999998,0.001669071250725979
ON,0.5,0.6,3.0,10,62.166666666666664,0.1424523,0.0016518502383690834
ON,0.5,0.6,3.0,10,62.333333333333336,0.1424346,0.001651562181693443
ON,0.5,0.6,3.0,10,62.5,0.1424306,0.0016568963274749575
ON,0.5,0.6,3.0,10,62.666666666666664,0.1424451,0.0016530149091886596
ON,0.5,0.6,3.0,10,62.833333333333336,0.1424574,0.001674846810905399
ON,0.5,0.6,3.0,10,63.0,0.14246119999999998,0.0016797981307288092
ON,0.5,0.6,3.0,10,63.166666666666664,0.14245970000000002,0.0016793434461121976
ON,0.5,0.6,3.0,10,63.333333333333336,0.1424435,0.0016857139288740516
ON,0.5,0.6,3.0,10,63.5,0.1424321,0.0016825797128219475
ON,0.5,0.6,3.0,10,63.666666666666664,0.1424096,0.0016838588539423408
ON,0.5,0.6,3.0,10,63.833333333333336,0.14241600000000001,0.0017040024647869542
ON,0.5,0.6,3.0,10,64.0,0.1424226,0.001711515772641316
ON,0.5,0.6,3.0,10,64.16666666666667,0.14243909999999999,0.0017090090959383428
ON,0.5,0.6,3.0,10,64.33333333333333,0.14242710000000003,0.0017199429903342757
ON,0.5,0.6,3.0,10,64.5,0.14241910000000002,0.0016988844840070778
ON,0.5,0.6,3.0,10,64.66666666666667,0.1424408,0.0017118123027949003
ON,0.5,0.6,3.0,10,64.83333333333333,0.14243129999999998,0.00170758736526129
ON,0.5,0.6,3.0,10,65.0,0.1424138,0.0017308472376267067
ON,0.5,0.6,3.0,10,65.16666666666667,0.142389,0.0017193752353689426
ON,0.5,0.6,3.0,10,65.33333333333333,0.1423957,0.0017457467771701612
ON,0.5,0.6,3.0,10,65.5,0.1424041,0.001761058173371904
ON,0.5,0.6,3.0,10,65.66666666666667,0.1424036,0.0017370784783653297
ON,0.5,0.6,3.0,10,65.83333333333333,0.14238540000000002,0.001736831897450065
ON,0.5,0.6,3.0,10,66.0,0.142403,0.0017553751735740147
ON,0.5,0.6,3.0,10,66.16666666666667,0.14242370000000001,0.001757183772404013
ON,0.5,0.6,3.0,10,66.33333333333333,0.1424156,0.0017482919779030067
ON,0.5,0.6,3.0,10,66.5,0.1424125,0.0017424585647871254
ON,0.5,0.6,3.0,10,66.66666666666667,0.1424287,0.0017422182440785076
ON,0.5,0.6,3.0,10,66.83333333333333,0.1424544,0.0017653078598363512
ON,0.5,0.6,3.0,10,67.0,0.14246300000000003,0.0017417263849411034
ON,0.5,0.6,3.0,10,67.16666666666667,0.14245570000000002,0.0017452273233020405
ON,0.5,0.6,3.0,10,67.33333333333333,0.1424315,0.0017456641859189257
ON,0.5,0.6,3.0,10,67.5,0.1424248,0.0017543326822470177
ON,0.5,0.6,3.0,10,67.66666666666667,0.14243860000000003,0.0017565636453029528
ON,0.5,0.6,3.0,10,67.83333333333333,0.142426,0.0017872165509529034
ON,0.5,0.6,3.0,10,68.0,0.142395,0.0017888163684403155
ON,0.5,0.6,3.0,10,68.16666666666667,0.1424032,0.0017996948519123988
ON,0.5,0.6,3.0,10,68.33333333333333,0.14239049999999998,0.0018240035224746658
ON,0.5,0.6,3.0,10,68.5,0.1424026,0.0018046399751751004
ON,0.5,0.6,3.0,10,68.66666666666667,0.1424256,0.001811605928451328
ON,0.5,0.6,3.0,10,68.83333333333333,0.1424389,0.0018117553615209728
ON,0.5,0.6,3.0,10,69.0,0.1424261,0.0018139084017667474
ON,0.5,0.6,3.0,10,69.16666666666667,0.14240199999999997,0.0018160492834722298
ON,0.5,0.6,3.0,10,69.33333333333333,0.14240550000000002,0.0018058887147329998
ON,0.5,0.6,3.0,10,69.5,0.1423989,0.0018214796430374956
ON,0.5,0.6,3.0,10,69.66666666666667,0.1423647,0.0018320169786331143
ON,0.5,0.6,3.0,10,69.83333333333333,0.14234639999999998,0.0018327477295034355
ON,0.5,0.6,3.0,10,70.0,0.14234969999999997,0.001840320681294437
ON,0.5,0.6,3.0,10,70.16666666666667,0.14234229999999998,0.0018606224254265045
ON,0.5,0.6,3.0,10,70.33333333333333,0.1423274,0.0018599503864350797
ON,0.5,0.6,3.0,10,70.5,0.1423308,0.0018319960589477248
ON,0.5,0.6,3.0,10,70.66666666666667,0.1423079,0.001818315068958074
ON,0.5,0.6,3.0,10,70.83333333333333,0.14231700000000003,0.0018277334597801695
ON,0.5,0.6,3.0,10,71.0,0.14234009999999997,0.0018390326506073768
ON,0.5,0.6,3.0,10,71.16666666666667,0.1423386,0.0018346716436463482
ON,0.5,0.6,3.0,10,71.33333333333333,0.1423288,0.0017938916801189554
ON,0.5,0.6,3.0,10,71.5,0.14232130000000004,0.001789285614428285
ON,0.5,0.6,3.0,10,71.66666666666667,0.1423125,0.0017925020641550151
ON,0.5,0.6,3.0,10,71.83333333333333,0.1423044,0.001789843635628542
ON,0.5,0.6,3.0,10,72.0,0.14230250000000003,0.0017759675813482617
ON,0.5,0.6,3.0,10,72.16666666666667,0.14231860000000002,0.001771874273192089
ON,0.5,0.6,3.0,10,72.33333333333333,0.1423066,0.0017610956362446605
ON,0.5,0.6,3.0,10,72.5,0.14231909999999998,0.0017756764598315757
ON,0.5,0.6,3.0,10,72.66666666666667,0.14229280000000002,0.0017905887746771986
ON,0.5,0.6,3.0,10,72.83333333333333,0.14230589999999999,0.0017583940087477544
ON,0.5,0.6,3.0,10,73.0,0.1423158,0.0017652969042062001
ON,0.5,0.6,3.0,10,73.16666666666667,0.1422941,0.0017581783441960586
ON,0.5,0.6,3.0,10,73.33333333333333,0.1423003,0.0017705679343080888
ON,0.5,0.6,3.0,10,73.5,0.1422901,0.001783598915115171
ON,0.5,0.6,3.0,10,73.66666666666667,0.14229,0.0017756715349410755
ON,0.5,0.6,3.0,10,73.83333333333333,0.1422972,0.0017823567992969345
ON,0.5,0.6,3.0,10,74.0,0.14229589999999998,0.0017949849275133213
ON,0.5,0.6,3.0,10,74.16666666666667,0.14227810000000002,0.0018048722641782692
ON,0.5,0.6,3.0,10,74.33333333333333,0.14225959999999999,0.0018161990639794946
ON,0.5,0.6,3.0,10,74.5,0.14226389999999997,0.001828454125757606
ON,0.5,0.6,3.0,10,74.66666666666667,0.1422457,0.0017985445810432426
ON,0.5,0.6,3.0,10,74.83333333333333,0.1422291,0.001808964922269083
ON,0.5,0.6,3.0,10,75.0,0.14221609999999998,0.0018088467845563904
ON,0.5,0.6,3.0,10,75.16666666666667,0.1422174,0.0018027460275923507
ON,0.5,0.6,3.0,10,75.33333333333333,0.1422116,0.0018192241313263195
ON,0.5,0.6,3.0,10,75.5,0.14220539999999998,0.0018205230676923599
ON,0.5,0.6,3.0,10,75.66666666666667,0.14218479999999997,0.0018025394198186054
ON,0.5,0.6,3.0,10,75.83333333333333,0.1421699,0.001801640721675665
ON,0.5,0.6,3.0,10,76.0,0.1421465,0.0018123927416539736
ON,0.5,0.6,3.0,10,76.16666666666667,0.14213510000000001,0.001794252738607359
ON,0.5,0.6,3.0,10,76.33333333333333,0.14212950000000002,0.0018010950141511108
ON,0.5,0.6,3.0,10,76.5,0.14212470000000005,0.001810272468442247
ON,0.5,0.6,3.0,10,76.66666666666667,0.14209489999999997,0.0017959167825932262
ON,0.5,0.6,3.0,10,76.83333333333333,0.1420701,0.00179820006951396
ON,0.5,0.6,3.0,10,77.0,0.14205399999999999,0.0017867388729190436
ON,0.5,0.6,3.0,10,77.16666666666667,0.14206789999999997,0.001802811773314121
ON,0.5,0.6,3.0,10,77.33333333333333,0.1420752,0.0018039792570869546
ON,0.5,0.6,3.0,10,77.5,0.1420501,0.0017907878964299499
ON,0.5,0.6,3.0,10,77.66666666666667,0.14206599999999997,0.0017789016836239132
ON,0.5,0.6,3.0,10,77.83333333333333,0.1420742,0.0017799271782856763
ON,0.5,0.6,3.0,10,78.0,0.14208099999999999,0.0017966757637370198
ON,0.5,0.6,3.0,10,78.16666666666667,0.1420589,0.0017939219854832013
ON,0.5,0.6,3.0,10,78.33333333333333,0.1420499,0.0017998099038509581
ON,0.5,0.6,3.0,10,78.5,0.1420603,0.001814051435323707
ON,0.5,0.6,3.0,10,78.66666666666667,0.1420561,0.001841664543286861
ON,0.5,0.6,3.0,10,78.83333333333333,0.1420846,0.0018480147293785277
ON,0.5,0.6,3.0,10,79.0,0.1420602,0.001845600433463323
ON,0.5,0.6,3.0,10,79.16666666666667,0.1420575,0.0018559848733219802
ON,0.5,0.6,3.0,10,79.33333333333333,0.1420529,0.001858434419074288
ON,0.5,0.6,3.0,10,79.5,0.1420433,0.0018564041612752302
ON,0.5,0.6,3.0,10,79.66666666666667,0.1420419,0.0018614690139779394
ON,0.5,0.6,3.0,10,79.83333333333333,0.142036,0.001864679007228858
ON,0.5,0.6,3.0,10,80.0,0.14205589999999998,0.0018686600252587374
ON,0.5,0.6,3.0,10,80.16666666666667,0.14207550000000002,0.0018539786002001184
ON,0.5,0.6,3.0,10,80.33333333333333,0.1420514,0.0018642446298702308
ON,0.5,0.6,3.0,10,80.5,0.1420624,0.0018443088244651442
ON,0.5,0.6,3.0,10,80.66666666666667,0.14203970000000002,0.0018423170764013462
ON,0.5,0.6,3.0,10,80.83333333333333,0.142046,0.0018444457161976861
ON,0.5,0.6,3.0,10,81.0,0.142019,0.0018316080912684316
ON,0.5,0.6,3.0,10,81.16666666666667,0.1420187,0.0018261573891644733
ON,0.5,0.6,3.0,10,81.33333333333333,0.1420419,0.00183644844468882
ON,0.5,0.6,3.0,10,81.5,0.1419948,0.0018515133161821924
ON,0.5,0.6,3.0,10,81.66666666666667,0.1419949,0.0018448972030983212
ON,0.5,0.6,3.0,10,81.83333333333333,0.14196919999999996,0.0018480117315644938
ON,0.5,0.6,3.0,10,82.0,0.1419742,0.0018634000536653422
ON,0.5,0.6,3.0,10,82.16666666666667,0.1419949,0.0018498942915745225
ON,0.5,0.6,3.0,10,82.33333333333333,0.1419882,0.001854943061120747
ON,0.5,0.6,3.0,10,82.5,0.1419832,0.001867425650461087
ON,0.5,0.6,3.0,10,82.66666666666667,0.14197639999999997,0.0018374021987578024
ON,0.5,0.6,3.0,10,82.83333333333333,0.1419743,0.0018319074239709825
ON,0.5,0.6,3.0,10,83.0,0.14198090000000002,0.0018359662006692846
ON,0.5,0.6,3.0,10,83.16666666666667,0.14198439999999998,0.0018182550536159664
ON,0.5,0.6,3.0,10,83.33333333333333,0.1419663,0.0018199228033078739
ON,0.5,0.6,3.0,10,83.5,0.14194839999999997,0.0018218094960780026
ON,0.5,0.6,3.0,10,83.66666666666667,0.14194800000000002,0.0018349954768336599
ON,0.5,0.6,3.0,10,83.83333333333333,0.14196109999999998,0.0018376454200960538
ON,0.5,0.6,3.0,10,84.0,0.1419535,0.0018369276659683683
ON,0.5,0.6,3.0,10,84.16666666666667,0.1419514,0.001840136364512155
ON,0.5,0.6,3.0,10,84.33333333333333,0.1419666,0.0018343752178875488
ON,0.5,0.6,3.0,10,84.5,0.14194559999999998,0.0018330116311687727
ON,0.5,0.6,3.0,10,84.66666666666667,0.1419276,0.00185216496025597
ON,0.5,0.6,3.0,10,84.83333333333333,0.1419245,0.001833537905253122
ON,0.5,0.6,3.0,10,85.0,0.1419166,0.001837298081422826
ON,0.5,0.6,3.0,10,85.16666666666667,0.1419126,0.0018325420704584136
ON,0.5,0.6,3.0,10,85.33333333333333,0.14191410000000002,0.0018360947933045316
ON,0.5,0.6,3.0,10,85.5,0.141895,0.0018346852591112183
ON,0.5,0.6,3.0,10,85.66666666666667,0.141913,0.001840228301053972
ON,0.5,0.6,3.0,10,85.83333333333333,0.14193009999999998,0.0018571393297219284
ON,0.5,0.6,3.0,10,86.0,0.1419216,0.0018512971236406166
ON,0.5,0.6,3.0,10,86.16666666666667,0.14192750000000004,0.0018717168722859774
ON,0.5,0.6,3.0,10,86.33333333333333,0.1419105,0.0018837559422600434
ON,0.5,0.6,3.0,10,86.5,0.1419127,0.0018835647612970442
ON,0.5,0.6,3.0,10,86.66666666666667,0.14192350000000004,0.001878921246353873
ON,0.5,0.6,3.0,10,86.83333333333333,0.14192490000000002,0.001887620165711307
ON,0.5,0.6,3.0,10,87.0,0.1419052,0.0018796703859985688
ON,0.5,0.6,3.0,10,87.16666666666667,0.1418714,0.0018915975364754522
ON,0.5,0.6,3.0,10,87.33333333333333,0.14187940000000002,0.0018992294332175873
ON,0.5,0.6,3.0,10,87.5,0.1418847,0.0018873115826487145
ON,0.5,0.6,3.0,10,87.66666666666667,0.1418894,0.001890118737010986
ON,0.5,0.6,3.0,10,87.83333333333333,0.1418932,0.001869259361351442
ON,0.5,0.6,3.0,10,88.0,0.14188320000000001,0.00186581101936933
ON,0.5,0.6,3.0,10,88.16666666666667,0.14188439999999997,0.0018519139396851018
ON,0.5,0.6,3.0,10,88.33333333333333,0.1418837,0.0018575137173113916
ON,0.5,0.6,3.0,10,88.5,0.1418976,0.0018445731321907522
ON,0.5,0.6,3.0,10,88.66666666666667,0.1419003,0.0018337172110224633
ON,0.5,0.6,3.0,10,88.83333333333333,0.1418909,0.0018411202269270717
ON,0.5,0.6,3.0,10,89.0,0.1419088,0.0018327043296724117
ON,0.5,0.6,3.0,10,89.16666666666667,0.1418912,0.001833027157463849
ON,0.5,0.6,3.0,10,89.33333333333333,0.14189480000000002,0.0018249108909752282
ON,0.5,0.6,3.0,10,89.5,0.1418981,0.001850719073765653
ON,0.5,0.6,3.0,10,89.66666666666667,0.1418852,0.0018553446472286486
ON,0.5,0.6,3.0,10,89.83333333333333,0.1418831,0.0018806551757299872
ON,0.5,0.6,3.0,10,90.0,0.14188930000000002,0.0018735912601205254
ON,0.5,0.6,3.0,10,90.16666666666667,0.1419001,0.0018909030355890792
ON,0.5,0.6,3.0,10,90.33333333333333,0.1418805,0.0018511923860042208
ON,0.5,0.6,3.0,10,90.5,0.1418795,0.0018777734288246803
ON,0.5,0.6,3.0,10,90.66666666666667,0.1418565,0.001894040878650721
ON,0.5,0.6,3.0,10,90.83333333333333,0.1418331,0.001895924916762269
ON,0.5,0.6,3.0,10,91.0,0.14180500000000001,0.0018988582358880886
ON,0.5,0.6,3.0,10,91.16666666666667,0.1418293,0.0019198384333063054
ON,0.5,0.6,3.0,10,91.33333333333333,0.14184690000000003,0.0019073562567071772
ON,0.5,0.6,3.0,10,91.5,0.1418428,0.0019068093664548601
ON,0.5,0.6,3.0,10,91.66666666666667,0.14182530000000002,0.001897196091604658
ON,0.5,0.6,3.0,10,91.83333333333333,0.1418355,0.0019246766091995818
ON,0.5,0.6,3.0,10,92.0,0.14185160000000002,0.0019417617876557349
ON,0.5,0.6,3.0,10,92.16666666666667,0.1418334,0.0019183632711246303
ON,0.5,0.6,3.0,10,92.33333333333333,0.1418217,0.0019417824311698767
ON,0.5,0.6,3.0,10,92.5,0.1418325,0.0019604000739644966
ON,0.5,0.6,3.0,10,92.66666666666667,0.14181559999999999,0.0019547278173699784
ON,0.5,0.6,3.0,10,92.83333333333333,0.1418214,0.0019792383484562976
ON,0.5,0.6,3.0,10,93.0,0.1417997,0.0020121365286679713
ON,0.5,0.6,3.0,10,93.16666666666667,0.1417812,0.002008350158712369
ON,0.5,0.6,3.0,10,93.33333333333333,0.1417838,0.002001869316414036
ON,0.5,0.6,3.0,10,93.5,0.141785,0.0020068879390738306
ON,0.5,0.6,3.0,10,93.66666666666667,0.14178770000000002,0.0019821375355913084
ON,0.5,0.6,3.0,10,93.83333333333333,0.14180220000000002,0.0019856871757656103
ON,0.5,0.6,3.0,10,94.0,0.1418147,0.0019714298896993518
ON,0.5,0.6,3.0,10,94.16666666666667,0.14181660000000001,0.0019829725767140614
ON,0.5,0.6,3.0,10,94.33333333333333,0.14179789999999998,0.0019800737082240148
ON,0.5,0.6,3.0,10,94.5,0.14177469999999998,0.001990585343561031
ON,0.5,0.6,3.0,10,94.66666666666667,0.14177279999999998,0.0019903219237098328
ON,0.5,0.6,3.0,10,94.83333333333333,0.14174540000000002,0.002012501736645217
ON,0.5,0.6,3.0,10,95.0,0.1417542,0.0020240896620456286
ON,0.5,0.6,3.0,10,95.16666666666667,0.1417445,0.0020367156527114944
ON,0.5,0.6,3.0,10,95.33333333333333,0.14174420000000001,0.002052086391943573
ON,0.5,0.6,3.0,10,95.5,0.1417407,0.0020533986972821397
ON,0.5,0.6,3.0,10,95.66666666666667,0.14173790000000003,0.0020631125248032406
ON,0.5,0.6,3.0,10,95.83333333333333,0.1417292,0.0020584392048345764
ON,0.5,0.6,3.0,10,96.0,0.1417432,0.0020619446549313535
ON,0.5,0.6,3.0,10,96.16666666666667,0.1417506,0.0020600396209782025
ON,0.5,0.6,3.0,10,96.33333333333333,0.141743,0.0020456140398423133
ON,0.5,0.6,3.0,10,96.5,0.14174160000000002,0.002039279735592934
ON,0.5,0.6,3.0,10,96.66666666666667,0.1417512,0.0020141849865392223
ON,0.5,0.6,3.0,10,96.83333333333333,0.14174879999999998,0.0020378592591246323
ON,0.5,0.6,3.0,10,97.0,0.14173339999999998,0.002014901099309838
ON,0.5,0.6,3.0,10,97.16666666666667,0.14172769999999998,0.0020128024766479236
ON,0.5,0.6,3.0,10,97.33333333333333,0.14173210000000003,0.0019919524316609556
ON,0.5,0.6,3.0,10,97.5,0.141704,0.0019615806381589346
ON,0.5,0.6,3.0,10,97.66666666666667,0.14170509999999997,0.0019259612898498233
ON,0.5,0.6,3.0,10,97.83333333333333,0.1416846,0.0019382170260319137
ON,0.5,0.6,3.0,10,98.0,0.14167919999999998,0.0019472685382350289
ON,0.5,0.6,3.0,10,98.16666666666667,0.1416772,0.0019333718111113573
ON,0.5,0.6,3.0,10,98.33333333333333,0.1416719,0.0019511862263761504
ON,0.5,0.6,3.0,10,98.5,0.1416496,0.0019585969059507896
ON,0.5,0.6,3.0,10,98.66666666666667,0.1416579,0.0019704068843769324
ON,0.5,0.6,3.0,10,98.83333333333333,0.1416742,0.0019885790303631403
ON,0.5,0.6,3.0,10,99.0,0.1416635,0.0019905112534220957
ON,0.5,0.6,3.0,10,99.16666666666667,0.1416792,0.0019904991233356518
ON,0.5,0.6,3.0,10,99.33333333333333,0.1416524,0.0020048807046804534
ON,0.5,0.6,3.0,10,99.5,0.1416452,0.002004665448397814
ON,0.5,0.6,3.0,10,99.66666666666667,0.1416318,0.0020024834481213605
ON,0.5,0.6,3.0,10,99.83333333333333,0.1416413,0.002008093526208382
ON,0.5,0.6,3.0,10,100.0,0.14163989999999999,0.001995227829096219
ON,0.5,0.6,3.0,10,100.16666666666667,0.1416439,0.0019831349147246637
ON,0.5,0.6,3.0,10,100.33333333333333,0.1416476,0.001968520876191052
ON,0.5,0.6,3.0,10,100.5,0.1416474,0.001984651969489864
ON,0.5,0.6,3.0,10,100.66666666666667,0.14164400000000002,0.0019920775587310828
ON,0.5,0.6,3.0,10,100.83333333333333,0.14163509999999999,0.0019653101765370277
ON,0.5,0.6,3.0,10,101.0,0.14165509999999998,0.0019810935591233485
ON,0.5,0.6,3.0,10,101.16666666666667,0.1416555,0.001992997152531832
ON,0.5,0.6,3.0,10,101.33333333333333,0.1416555,0.0019478501610750278
ON,0.5,0.6,3.0,10,101.5,0.14164020000000002,0.001939043774647701
ON,0.5,0.6,3.0,10,101.66666666666667,0.14164859999999999,0.001929109597716007
ON,0.5,0.6,3.0,10,101.83333333333333,0.1416195,0.0019357421961614621
ON,0.5,0.6,3.0,10,102.0,0.14160869999999998,0.001956354827223323
ON,0.5,0.6,3.0,10,102.16666666666667,0.1416042,0.0019456336654159775
ON,0.5,0.6,3.0,10,102.33333333333333,0.14160299999999998,0.001951698029921638
ON,0.5,0.6,3.0,10,102.5,0.1415948,0.0019444080230239765
ON,0.5,0.6,3.0,10,102.66666666666667,0.14159400000000003,0.0019523243070760543
ON,0.5,0.6,3.0,10,102.83333333333333,0.1415711,0.0019365732854710101
ON,0.5,0.6,3.0,10,103.0,0.1415774,0.001926952215287136
ON,0.5,0.6,3.0,10,103.16666666666667,0.14158739999999997,0.0019044504824226862
ON,0.5,0.6,3.0,10,103.33333333333333,0.1416076,0.0019097810450415514
ON,0.5,0.6,3.0,10,103.5,0.14160309999999998,0.0019102225760366269
ON,0.5,0.6,3.0,10,103.66666666666667,0.1415889,0.0019299859300005258
ON,0.5,0.6,3.0,10,103.83333333333333,0.1415927,0.0019414023822999695
ON,0.5,0.6,3.0,10,104.0,0.14159470000000002,0.0019362433757149405
ON,0.5,0.6,3.0,10,104.16666666666667,0.1415822,0.0019291003499040719
ON,0.5,0.6,3.0,10,104.33333333333333,0.14158669999999998,0.0019145500280744834
ON,0.5,0.6,3.0,10,104.5,0.1415653,0.0019086728923521665
ON,0.5,0.6,3.0,10,104.66666666666667,0.141574,0.0019091770478402487
ON,0.5,0.6,3.0,10,104.83333333333333,0.1415691,0.001914431949691606
ON,0.5,0.6,3.0,10,105.0,0.1415553,0.001914739984958793
ON,0.5,0.6,3.0,10,105.16666666666667,0.14154540000000002,0.00191591905883312
ON,0.5,0.6,3.0,10,105.33333333333333,0.14155020000000001,0.0019242920672288828
ON,0.5,0.6,3.0,10,105.5,0.1415388,0.0019270709794919352
ON,0.5,0.6,3.0,10,105.66666666666667,0.1415191,0.001918909088518787
ON,0.5,0.6,3.0,10,105.83333333333333,0.1414944,0.0019327112148482
ON,0.5,0.6,3.0,10,106.0,0.1414938,0.0019240622547100719
ON,0.5,0.6,3.0,10,106.16666666666667,0.1414992,0.0019067668866434592
ON,0.5,0.6,3.0,10,106.33333333333333,0.1414823,0.00189993326461747
ON,0.5,0.6,3.0,10,106.5,0.1414747,0.0019063118868642651
ON,0.5,0.6,3.0,10,106.66666666666667,0.1414346,0.0019002307333584533
ON,0.5,0.6,3.0,10,106.83333333333333,0.1414521,0.0018893117503471994
ON,0.5,0.6,3.0,10,107.0,0.1414648,0.001903555189638591
ON,0.5,0.6,3.0,10,107.16666666666667,0.14146529999999996,0.0019004423195666837
ON,0.5,0.6,3.0,10,107.33333333333333,0.1414473,0.001899502937612892
ON,0.5,0.6,3.0,10,107.5,0.14144379999999998,0.001889213423623706
ON,0.5,0.6,3.0,10,107.66666666666667,0.1414539,0.0018840744385506675
ON,0.5,0.6,3.0,10,107.83333333333333,0.14145249999999998,0.0018846638559700823
ON,0.5,0.6,3.0,10,108.0,0.1414509,0.001891826442885282
ON,0.5,0.6,3.0,10,108.16666666666667,0.1414303,0.0018920098863378033
ON,0.5,0.6,3.0,10,108.33333333333333,0.1414047,0.0019071324049472814
ON,0.5,0.6,3.0,10,108.5,0.14141130000000002,0.0019219439664048472
ON,0.5,0.6,3.0,10,108.66666666666667,0.1414038,0.0019117159726277362
ON,0.5,0.6,3.0,10,108.83333333333333,0.1414043,0.0019400691766017007
ON,0.5,0.6,3.0,10,109.0,0.141387,0.001951337028808709
ON,0.5,0.6,3.0,10,109.16666666666667,0.14134660000000002,0.0019625829511131484
ON,0.5,0.6,3.0,10,109.33333333333333,0.1413566,0.0019467445749250213
ON,0.5,0.6,3.0,10,109.5,0.14134469999999996,0.0019461097117069214
ON,0.5,0.6,3.0,10,109.66666666666667,0.1413382,0.0019448952054031065
ON,0.5,0.6,3.0,10,109.83333333333333,0.141326,0.0019494480244417907
ON,0.5,0.6,3.0,10,110.0,0.14130689999999999,0.0019553379477727133
ON,0.5,0.6,3.0,10,110.16666666666667,0.14129350000000002,0.00196240817619577
ON,0.5,0.6,3.0,10,110.33333333333333,0.1412995,0.001949666086795377
ON,0.5,0.6,3.0,10,110.5,0.1412817,0.0019473844535684262
ON,0.5,0.6,3.0,10,110.66666666666667,0.1412624,0.001942310953477836
ON,0.5,0.6,3.0,10,110.83333333333333,0.1412343,0.001941100309103063
ON,0.5,0.6,3.0,10,111.0,0.14123230000000003,0.0019361084706183186
ON,0.5,0.6,3.0,10,111.16666666666667,0.1412174,0.001960451335789799
ON,0.5,0.6,3.0,10,111.33333333333333,0.141201,0.0019515986780073461
ON,0.5,0.6,3.0,10,111.5,0.14117619999999997,0.0019394908507131456
ON,0.5,0.6,3.0,10,111.66666666666667,0.14118040000000004,0.0019260520346034255
ON,0.5,0.6,3.0,10,111.83333333333333,0.14119759999999998,0.0019397615420458244
ON,0.5,0.6,3.0,10,112.0,0.1412136,0.0019421828544192287
ON,0.5,0.6,3.0,10,112.16666666666667,0.1412021,0.0019544098572203323
ON,0.5,0.6,3.0,10,112.33333333333333,0.141218,0.001940975424883067
ON,0.5,0.6,3.0,10,112.5,0.1411891,0.00195149360490882
ON,0.5,0.6,3.0,10,112.66666666666667,0.141191,0.0019725141824585234
ON,0.5,0.6,3.0,10,112.83333333333333,0.14118150000000002,0.0019739308625177318
ON,0.5,0.6,3.0,10,113.0,0.1411788,0.00196871307203462
ON,0.5,0.6,3.0,10,113.16666666666667,0.1411826,0.0019778061178993235
ON,0.5,0.6,3.0,10,113.33333333333333,0.1411988,0.001969898210568251
ON,0.5,0.6,3.0,10,113.5,0.14118440000000002,0.0019810417562484664
ON,0.5,0.6,3.0,10,113.66666666666667,0.14119189999999998,0.0019958116369036463
ON,0.5,0.6,3.0,10,113.83333333333333,0.1411807,0.002000993455761409
ON,0.5,0.6,3.0,10,114.0,0.1411632,0.0020179064299416898
ON,0.5,0.6,3.0,10,114.16666666666667,0.1411505,0.0020071112201370442
ON,0.5,0.6,3.0,10,114.33333333333333,0.14114759999999998,0.0020282884015839614
ON,0.5,0.6,3.0,10,114.5,0.1411429,0.0020290858261788718
ON,0.5,0.6,3.0,10,114.66666666666667,0.1411497,0.002059487268715202
ON,0.5,0.6,3.0,10,114.83333333333333,0.1411684,0.0020371780089133112
ON,0.5,0.6,3.0,10,115.0,0.1411352,0.0020436490794654523
ON,0.5,0.6,3.0,10,115.16666666666667,0.1411226,0.0020283437677080275
ON,0.5,0.6,3.0,10,115.33333333333333,0.14110969999999998,0.0020159056054289866
ON,0.5,0.6,3.0,10,115.5,0.14110419999999999,0.001985637771598842
ON,0.5,0.6,3.0,10,115.66666666666667,0.1411011,0.0020085087229086153
ON,0.5,0.6,3.0,10,115.83333333333333,0.14110620000000001,0.0020112031622886856
ON,0.5,0.6,3.0,10,116.0,0.141118,0.001976210869315317
ON,0.5,0.6,3.0,10,116.16666666666667,0.141091,0.0019573303757924937
ON,0.5,0.6,3.0,10,116.33333333333333,0.14106219999999997,0.0019520866169307153
ON,0.5,0.6,3.0,10,116.5,0.14104730000000001,0.0019464296057140115
ON,0.5,0.6,3.0,10,116.66666666666667,0.1410368,0.0019446878824119862
ON,0.5,0.6,3.0,10,116.83333333333333,0.1410084,0.0019620233535817084
ON,0.5,0.6,3.0,10,117.0,0.1409976,0.001961013268695553
ON,0.5,0.6,3.0,10,117.16666666666667,0.1409782,0.001973754432547273
ON,0.5,0.6,3.0,10,117.33333333333333,0.1409764,0.0019436001749331081
ON,0.5,0.6,3.0,10,117.5,0.14096809999999999,0.0019484301604112012
ON,0.5,0.6,3.0,10,117.66666666666667,0.1409675,0.0019541162836433255
ON,0.5,0.6,3.0,10,117.83333333333333,0.14095980000000002,0.001950362879056098
ON,0.5,0.6,3.0,10,118.0,0.1409381,0.0019381979491269702
ON,0.5,0.6,3.0,10,118.16666666666667,0.14093089999999997,0.001959967165541302
ON,0.5,0.6,3.0,10,118.33333333333333,0.14092929999999998,0.001952108964684091
ON,0.5,0.6,3.0,10,118.5,0.1409167,0.001963014826739731
ON,0.5,0.6,3.0,10,118.66666666666667,0.1408869,0.0019362418986273386
ON,0.5,0.6,3.0,10,118.83333333333333,0.1408837,0.001957133058838867
ON,0.5,0.6,3.0,10,119.0,0.1408884,0.001946386251492749
ON,0.5,0.6,3.0,10,119.16666666666667,0.1408718,0.001964411555657314
ON,0.5,0.6,3.0,10,119.33333333333333,0.14086420000000002,0.0019677863603552058
ON,0.5,0.6,3.0,10,119.5,0.1408713,0.0019655188653381057
ON,0.5,0.6,3.0,10,119.66666666666667,0.1408794,0.001950710444940507
ON,0.5,0.6,3.0,10,119.83333333333333,0.14086929999999998,0.001947984396754757
ON,0.5,0.6,3.0,10,120.0,0.1408792,0.0019786999671501456
ON,0.5,0.6,3.0,10,120.16666666666667,0.1408681,0.001993313394827816
ON,0.5,0.6,3.0,10,120.33333333333333,0.14089290000000002,0.0019940024799382783
ON,0.5,0.6,3.0,10,120.5,0.14086349999999997,0.0019973421464536344
ON,0.5,0.6,3.0,10,120.66666666666667,0.14085820000000002,0.001986008449126037
ON,0.5,0.6,3.0,10,120.83333333333333,0.1408532,0.001962596535205339
ON,0.5,0.6,3.0,10,121.0,0.14085240000000002,0.0019803081679375077
ON,0.5,0.6,3.0,10,121.16666666666667,0.1408306,0.0019645589937693393
ON,0.5,0.6,3.0,10,121.33333333333333,0.14081680000000002,0.001961737179134861
ON,0.5,0.6,3.0,10,121.5,0.1408173,0.001964616097358464
ON,0.5,0.6,3.0,10,121.66666666666667,0.1408264,0.001995090784901779
ON,0.5,0.6,3.0,10,121.83333333333333,0.1408367,0.0019777520597890888
ON,0.5,0.6,3.0,10,122.0,0.14083420000000002,0.001986140367647766
ON,0.5,0.6,3.0,10,122.16666666666667,0.14082100000000003,0.001994837988409083
ON,0.5,0.6,3.0,10,122.33333333333333,0.1408288,0.0019822826640012764
ON,0.5,0.6,3.0,10,122.5,0.1408468,0.0019921173559808198
ON,0.5,0.6,3.0,10,122.66666666666667,0.140851,0.0020146304375740992
ON,0.5,0.6,3.0,10,122.83333333333333,0.1408519,0.002011480124187161
ON,0.5,0.6,3.0,10,123.0,0.1408647,0.002004560353294458
ON,0.5,0.6,3.0,10,123.16666666666667,0.1408627,0.001974860352024918
ON,0.5,0.6,3.0,10,123.33333333333333,0.1408459,0.0019857066978786154
ON,0.5,0.6,3.0,10,123.5,0.14083130000000002,0.001975139086241778
ON,0.5,0.6,3.0,10,123.66666666666667,0.1408385,0.0019873306846118987
ON,0.5,0.6,3.0,10,123.83333333333333,0.140856,0.001992402369000796
ON,0.5,0.6,3.0,10,124.0,0.1408619,0.001990020927025647
ON,0.5,0.6,3.0,10,124.16666666666667,0.1408509,0.001986691996762457
ON,0.5,0.6,3.0,10,124.33333333333333,0.1408516,0.001991383147463087
ON,0.5,0.6,3.0,10,124.5,0.14086400000000002,0.0019945865235682305
ON,0.5,0.6,3.0,10,124.66666666666667,0.14088720000000002,0.001970357064087623
ON,0.5,0.6,3.0,10,124.83333333333333,0.1408811,0.0019672343251377067
ON,0.5,0.6,3.0,10,125.0,0.1408852,0.0019875088326847777
ON,0.5,0.6,3.0,10,125.16666666666667,0.1408744,0.002009403901658398
ON,0.5,0.6,3.0,10,125.33333333333333,0.1408577,0.001998508696503467
ON,0.5,0.6,3.0,10,125.5,0.1408417,0.0019884931003149114
ON,0.5,0.6,3.0,10,125.66666666666667,0.14082809999999998,0.0020110276203970955
ON,0.5,0.6,3.0,10,125.83333333333333,0.1408089,0.0020278103683530183
ON,0.5,0.6,3.0,10,126.0,0.1407985,0.002052823238859107
ON,0.5,0.6,3.0,10,126.16666666666667,0.14079619999999998,0.0020438371167977145
ON,0.5,0.6,3.0,10,126.33333333333333,0.14079999999999998,0.00202641402482316
ON,0.5,0.6,3.0,10,126.5,0.1407656,0.0020254922463440826
ON,0.5,0.6,3.0,10,126.66666666666667,0.14077440000000002,0.0020145973394204604
ON,0.5,0.6,3.0,10,126.83333333333333,0.140789,0.0019904106611450855
ON,0.5,0.6,3.0,10,127.0,0.1408003,0.0019759500525063874
ON,0.5,0.6,3.0,10,127.16666666666667,0.14080049999999997,0.0019934169282917204
ON,0.5,0.6,3.0,10,127.33333333333333,0.1407663,0.002005506272740126
ON,0.5,0.6,3.0,10,127.5,0.1407636,0.001997525879682158
ON,0.5,0.6,3.0,10,127.66666666666667,0.1407783,0.0019963176125055836
ON,0.5,0.6,3.0,10,127.83333333333333,0.1407672,0.0019821688525451116
ON,0.5,0.6,3.0,10,128.0,0.14076340000000004,0.0020060365500159743
ON,0.5,0.6,3.0,10,128.16666666666666,0.1407881,0.001999263987071242
ON,0.5,0.6,3.0,10,128.33333333333334,0.140768,0.0019877106932348113
ON,0.5,0.6,3.0,10,128.5,0.1407615,0.0019850667621014685
ON,0.5,0.6,3.0,10,128.66666666666666,0.14074240000000002,0.0019808055533040046
ON,0.5,0.6,3.0,10,128.83333333333334,0.14073,0.002008057867692061
ON,0.5,0.6,3.0,10,129.0,0.14069910000000002,0.001988491159145546
ON,0.5,0.6,3.0,10,129.16666666666666,0.1407236,0.0019970305555999887
ON,0.5,0.6,3.0,10,129.33333333333334,0.1407219,0.0019895699761506257
ON,0.5,0.6,3.0,10,129.5,0.1407447,0.0020074306488643647
ON,0.5,0.6,3.0,10,129.66666666666666,0.1407414,0.0020146263772719782
ON,0.5,0.6,3.0,10,129.83333333333334,0.14075310000000002,0.0020142187294333283
ON,0.5,0.6,3.0,10,130.0,0.1407717,0.0020213554388083233
ON,0.5,0.6,3.0,10,130.16666666666666,0.1407294,0.0020050959179051748
ON,0.5,0.6,3.0,10,130.33333333333334,0.140726,0.0019865198211948404
ON,0.5,0.6,3.0,10,130.5,0.1407336,0.0019690010259012123
ON,0.5,0.6,3.0,10,130.66666666666666,0.1407294,0.0019571701612276842
ON,0.5,0.6,3.0,10,130.83333333333334,0.1407078,0.001965251780307045
ON,0.5,0.6,3.0,10,131.0,0.1407025,0.0019700060025289274
ON,0.5,0.6,3.0,10,131.16666666666666,0.1406892,0.0019856300158891615
ON,0.5,0.6,3.0,10,131.33333333333334,0.1406962,0.0019566881100471804
ON,0.5,0.6,3.0,10,131.5,0.14068299999999997,0.0019586504027007995
ON,0.5,0.6,3.0,10,131.66666666666666,0.1406922,0.001952009877024188
ON,0.5,0.6,3.0,10,131.83333333333334,0.1406728,0.0019544953722124775
ON,0.5,0.6,3.0,10,132.0,0.1406641,0.0019684366106125922
ON,0.5,0.6,3.0,10,132.16666666666666,0.14065639999999996,0.0019682261150589407
ON,0.5,0.6,3.0,10,132.33333333333334,0.1406686,0.0019510620287423001
ON,0.5,0.6,3.0,10,132.5,0.1406395,0.0019335490296343689
ON,0.5,0.6,3.0,10,132.66666666666666,0.1406225,0.0019273410829430306
ON,0.5,0.6,3.0,10,132.83333333333334,0.1406167,0.0019093472732847733
ON,0.5,0.6,3.0,10,133.0,0.1406331,0.001898039380518748
ON,0.5,0.6,3.0,10,133.16666666666666,0.1406337,0.0018813165629420296
ON,0.5,0.6,3.0,10,133.33333333333334,0.140628,0.00190910879731879
ON,0.5,0.6,3.0,10,133.5,0.1406258,0.0018952434038930158
ON,0.5,0.6,3.0,10,133.66666666666666,0.1406022,0.0018705591570436894
ON,0.5,0.6,3.0,10,133.83333333333334,0.1405964,0.0018603211658205637
ON,0.5,0.6,3.0,10,134.0,0.140604,0.0018951872203030499
ON,0.5,0.6,3.0,10,134.16666666666666,0.14062210000000003,0.0019032817684200133
ON,0.5,0.6,3.0,10,134.33333333333334,0.1406331,0.0019321066973643022
ON,0.5,0.6,3.0,10,134.5,0.1406266,0.0019519532371447819
ON,0.5,0.6,3.0,10,134.66666666666666,0.1406244,0.001959147069517753
ON,0.5,0.6,3.0,10,134.83333333333334,0.1406327,0.001948246444883196
ON,0.5,0.6,3.0,10,135.0,0.14061359999999998,0.001961097050122714
ON,0.5,0.6,3.0,10,135.16666666666666,0.1406193,0.001987203665958779
ON,0.5,0.6,3.0,10,135.33333333333334,0.140615,0.002008942059891222
ON,0.5,0.6,3.0,10,135.5,0.1406039,0.0020550779766227833
ON,0.5,0.6,3.0,10,135.66666666666666,0.1406285,0.002021026583199736
ON,0.5,0.6,3.0,10,135.83333333333334,0.1406299,0.0020308134552439808
ON,0.5,0.6,3.0,10,136.0,0.1405922,0.002020542986427168
ON,0.5,0.6,3.0,10,136.16666666666666,0.14059709999999997,0.002006546907002179
ON,0.5,0.6,3.0,10,136.33333333333334,0.140601,0.0019929261401266203
ON,0.5,0.6,3.0,10,136.5,0.14061210000000002,0.0020037933750763804
ON,0.5,0.6,3.0,10,136.66666666666666,0.14060009999999998,0.0020013310795568002
ON,0.5,0.6,3.0,10,136.83333333333334,0.1406059,0.0019907172300454917
ON,0.5,0.6,3.0,10,137.0,0.1406093,0.0019934088416579225
ON,0.5,0.6,3.0,10,137.16666666666666,0.14059249999999998,0.0019905270784392744
ON,0.5,0.6,3.0,10,137.33333333333334,0.1405806,0.001982698827356289
ON,0.5,0.6,3.0,10,137.5,0.14056459999999998,0.001967446121244498
ON,0.5,0.6,3.0,10,137.66666666666666,0.14057599999999998,0.001975275879465957
ON,0.5,0.6,3.0,10,137.83333333333334,0.1405503,0.0019715439153110428
ON,0.5,0.6,3.0,10,138.0,0.1405562,0.002000276970821788
ON,0.5,0.6,3.0,10,138.16666666666666,0.1405263,0.0019846007684166628
ON,0.5,0.6,3.0,10,138.33333333333334,0.14052579999999998,0.0019996985672845794
ON,0.5,0.6,3.0,10,138.5,0.1405165,0.0019882385294526404
ON,0.5,0.6,3.0,10,138.66666666666666,0.1404961,0.0019498531457522639
ON,0.5,0.6,3.0,10,138.83333333333334,0.14047369999999998,0.001966767502782165
ON,0.5,0.6,3.0,10,139.0,0.1404582,0.0019559462058042435
ON,0.5,0.6,3.0,10,139.16666666666666,0.1404376,0.0019902441659253745
ON,0.5,0.6,3.0,10,139.33333333333334,0.1404595,0.0019860765972137093
ON,0.5,0.6,3.0,10,139.5,0.14046399999999998,0.0019837968141924226
ON,0.5,0.6,3.0,10,139.66666666666666,0.14045349999999998,0.001980851496200557
ON,0.5,0.6,3.0,10,139.83333333333334,0.14043999999999998,0.002007015595355454
ON,0.5,0.6,3.0,10,140.0,0.1404464,0.0020188812347436366
ON,0.5,0.6,3.0,10,140.16666666666666,0.1404668,0.0020285369013158198
ON,0.5,0.6,3.0,10,140.33333333333334,0.14049029999999998,0.0020411222917796957
ON,0.5,0.6,3.0,10,140.5,0.1404859,0.0020635956217243696
ON,0.5,0.6,3.0,10,140.66666666666666,0.1404783,0.0020407043416428546
ON,0.5,0.6,3.0,10,140.83333333333334,0.1404819,0.002050984517250191
ON,0.5,0.6,3.0,10,141.0,0.14047340000000003,0.002043084491644926
ON,0.5,0.6,3.0,10,141.16666666666666,0.14046640000000002,0.0020729367670047263
ON,0.5,0.6,3.0,10,141.33333333333334,0.140447,0.002057811070045063
ON,0.5,0.6,3.0,10,141.5,0.1404611,0.0020294285131533985
ON,0.5,0.6,3.0,10,141.66666666666666,0.140449,0.0020263007674084297
ON,0.5,0.6,3.0,10,141.83333333333334,0.14043659999999997,0.002037590105983046
ON,0.5,0.6,3.0,10,142.0,0.1404627,0.0020312599562832914
ON,0.5,0.6,3.0,10,142.16666666666666,0.1404573,0.0020350146952786323
ON,0.5,0.6,3.0,10,142.33333333333334,0.140444,0.0020248031015385184
ON,0.5,0.6,3.0,10,142.5,0.14043350000000002,0.0020138385362287593
ON,0.5,0.6,3.0,10,142.66666666666666,0.1404317,0.0020037835237370323
ON,0.5,0.6,3.0,10,142.83333333333334,0.1404396,0.0019966027747150925
ON,0.5,0.6,3.0,10,143.0,0.14043880000000003,0.0019554272576600695
ON,0.5,0.6,3.0,10,143.16666666666666,0.14046560000000002,0.0019612336525768634
ON,0.5,0.6,3.0,10,143.33333333333334,0.1404705,0.0019630828433869012
ON,0.5,0.6,3.0,10,143.5,0.14045359999999998,0.0019406021333596428
ON,0.5,0.6,3.0,10,143.66666666666666,0.14045760000000002,0.0019244236124096998
ON,0.5,0.6,3.0,10,143.83333333333334,0.1404546,0.0019171719901980642
ON,0.5,0.6,3.0,10,144.0,0.14046030000000004,0.00192503215817295
ON,0.5,0.6,3.0,10,144.16666666666666,0.1404743,0.0019068241686112546
ON,0.5,0.6,3.0,10,144.33333333333334,0.14046869999999997,0.0018686608065670983
ON,0.5,0.6,3.0,10,144.5,0.1404546,0.0018726345719333487
ON,0.5,0.6,3.0,10,144.66666666666666,0.14044609999999996,0.0018695072853562242
ON,0.5,0.6,3.0,10,144.83333333333334,0.1404453,0.0018330871801417413
ON,0.5,0.6,3.0,10,145.0,0.1404426,0.00180047044963254
ON,0.5,0.6,3.0,10,145.16666666666666,0.1404579,0.001823074406051491
ON,0.5,0.6,3.0,10,145.33333333333334,0.14045990000000003,0.001828301531476688
ON,0.5,0.6,3.0,10,145.5,0.14046109999999998,0.0018506537466527842
ON,0.5,0.6,3.0,10,145.66666666666666,0.1404703,0.0018753086705926617
ON,0.5,0.6,3.0,10,145.83333333333334,0.1404748,0.0018514456405738693
ON,0.5,0.6,3.0,10,146.0,0.14043540000000002,0.0018514046127197593
ON,0.5,0.6,3.0,10,146.16666666666666,0.14039909999999997,0.0018609681055837574
ON,0.5,0.6,3.0,10,146.33333333333334,0.1404067,0.0018529945520697041
ON,0.5,0.6,3.0,10,146.5,0.1404057,0.0018510293919870673
ON,0.5,0.6,3.0,10,146.66666666666666,0.1404047,0.0018489449450970717
ON,0.5,0.6,3.0,10,146.83333333333334,0.1403888,0.0018245826262463434
ON,0.5,0.6,3.0,10,147.0,0.14040329999999998,0.0018189358454876836
ON,0.5,0.6,3.0,10,147.16666666666666,0.14039390000000002,0.0018144524490876074
ON,0.5,0.6,3.0,10,147.33333333333334,0.14039419999999997,0.001810727301390246
ON,0.5,0.6,3.0,10,147.5,0.14039959999999999,0.0018214954405652503
ON,0.5,0.6,3.0,10,147.66666666666666,0.1403961,0.0018285126988894572
ON,0.5,0.6,3.0,10,147.83333333333334,0.1403991,0.0018290396633206185
ON,0.5,0.6,3.0,10,148.0,0.1404108,0.0018320447483617848
ON,0.5,0.6,3.0,10,148.16666666666666,0.14042970000000002,0.0018319413227502667
ON,0.5,0.6,3.0,10,148.33333333333334,0.1404262,0.0018437067445773465
ON,0.5,0.6,3.0,10,148.5,0.1404271,0.0018484212425743177
ON,0.5,0.6,3.0,10,148.66666666666666,0.1404214,0.001849071183053804
ON,0.5,0.6,3.0,10,148.83333333333334,0.1404232,0.0018347731085886347
ON,0.5,0.6,3.0,10,149.0,0.1404148,0.0018430919022121466
ON,0.5,0.6,3.0,10,149.16666666666666,0.1404075,0.0018442671308679741
ON,0.5,0.6,3.0,10,149.33333333333334,0.1403881,0.001855713525843894
ON,0.5,0.6,3.0,10,149.5,0.14039569999999996,0.0018520805625026145
ON,0.5,0.6,3.0,10,149.66666666666666,0.1404103,0.0018433934495923504
ON,0.5,0.6,3.0,10,149.83333333333334,0.1403933,0.0018552941572699488
ON,0.5,0.6,3.0,10,150.0,0.14037990000000003,0.001869165345816144
ON,0.5,0.6,3.0,10,150.16666666666666,0.14037090000000002,0.0018701554186751454
ON,0.5,0.6,3.0,10,150.33333333333334,0.14032830000000002,0.0019022117153461116
ON,0.5,0.6,3.0,10,150.5,0.1403318,0.0018966445528880774
ON,0.5,0.6,3.0,10,150.66666666666666,0.14032609999999998,0.00188656224122079
ON,0.5,0.6,3.0,10,150.83333333333334,0.1403479,0.0019045299918877636
ON,0.5,0.6,3.0,10,151.0,0.14034790000000003,0.0018887071477600751
ON,0.5,0.6,3.0,10,151.16666666666666,0.14034109999999997,0.001875922730285019
ON,0.5,0.6,3.0,10,151.33333333333334,0.1403138,0.0018793589758212745
ON,0.5,0.6,3.0,10,151.5,0.1402952,0.0018919712894227593
ON,0.5,0.6,3.0,10,151.66666666666666,0.1403063,0.0018914901559352558
ON,0.5,0.6,3.0,10,151.83333333333334,0.1402771,0.0018854625135493902
ON,0.5,0.6,3.0,10,152.0,0.1402681,0.0019068538197774894
ON,0.5,0.6,3.0,10,152.16666666666666,0.14026309999999997,0.0019189312363917539
ON,0.5,0.6,3.0,10,152.33333333333334,0.1402872,0.0019525632281695794
ON,0.5,0.6,3.0,10,152.5,0.1402572,0.0019560421161110017
ON,0.5,0.6,3.0,10,152.66666666666666,0.14024769999999998,0.0019649815291752763
ON,0.5,0.6,3.0,10,152.83333333333334,0.1402464,0.0019628963395961594
ON,0.5,0.6,3.0,10,153.0,0.14023209999999997,0.001962020002446459
ON,0.5,0.6,3.0,10,153.16666666666666,0.1402173,0.0019549279807706418
ON,0.5,0.6,3.0,10,153.33333333333334,0.14021109999999998,0.0019351732971493833
ON,0.5,0.6,3.0,10,153.5,0.14023239999999998,0.001953971504398154
ON,0.5,0.6,3.0,10,153.66666666666666,0.1402372,0.001954063857707824
ON,0.5,0.6,3.0,10,153.83333333333334,0.1402348,0.0019662668587961296
ON,0.5,0.6,3.0,10,154.0,0.1402248,0.001958970842049469
ON,0.5,0.6,3.0,10,154.16666666666666,0.1401958,0.001968755281897681
ON,0.5,0.6,3.0,10,154.33333333333334,0.1401942,0.001983262907433104
ON,0.5,0.6,3.0,10,154.5,0.14018579999999997,0.0019794700704986686
ON,0.5,0.6,3.0,10,154.66666666666666,0.1401655,0.001994866825128936
ON,0.5,0.6,3.0,10,154.83333333333334,0.1401539,0.002016860007536471
ON,0.5,0.6,3.0,10,155.0,0.1401461,0.001995452151769117
ON,0.5,0.6,3.0,10,155.16666666666666,0.1401743,0.0019740846005174167
ON,0.5,0.6,3.0,10,155.33333333333334,0.14017090000000001,0.0019733606588761246
ON,0.5,0.6,3.0,10,155.5,0.14016749999999997,0.001959740811944271
ON,0.5,0.6,3.0,10,155.66666666666666,0.1401669,0.0019549078469329466
ON,0.5,0.6,3.0,10,155.83333333333334,0.14015589999999997,0.0019376011173613684
ON,0.5,0.6,3.0,10,156.0,0.1401808,0.0019400088041037346
ON,0.5,0.6,3.0,10,156.16666666666666,0.1401778,0.00194363179640589
ON,0.5,0.6,3.0,10,156.33333333333334,0.140183,0.0019500110256098575
ON,0.5,0.6,3.0,10,156.5,0.14019240000000002,0.0019640910467694753
ON,0.5,0.6,3.0,10,156.66666666666666,0.14017510000000002,0.0019621779965130616
ON,0.5,0.6,3.0,10,156.83333333333334,0.1401632,0.001948854011977296
ON,0.5,0.6,3.0,10,157.0,0.1401781,0.0019743814449087625
ON,0.5,0.6,3.0,10,157.16666666666666,0.14018579999999997,0.001967299051999974
ON,0.5,0.6,3.0,10,157.33333333333334,0.14016620000000002,0.001989157851956449
ON,0.5,0.6,3.0,10,157.5,0.1401942,0.0019774206330470012
ON,0.5,0.6,3.0,10,157.66666666666666,0.1401785,0.0019601995434138874
ON,0.5,0.6,3.0,10,157.83333333333334,0.1401697,0.00196953867948817
ON,0.5,0.6,3.0,10,158.0,0.1401706,0.002004037434780101
ON,0.5,0.6,3.0,10,158.16666666666666,0.1401581,0.0020055667253921065
ON,0.5,0.6,3.0,10,158.33333333333334,0.14015719999999998,0.0020240015217385613
ON,0.5,0.6,3.0,10,158.5,0.1401418,0.0020516375313392953
ON,0.5,0.6,3.0,10,158.66666666666666,0.14014400000000002,0.002050242375915588
ON,0.5,0.6,3.0,10,158.83333333333334,0.1401347,0.0020692670224018907
ON,0.5,0.6,3.0,10,159.0,0.1401136,0.0020999588662638123
ON,0.5,0.6,3.0,10,159.16666666666666,0.1401037,0.0021131945982327356
ON,0.5,0.6,3.0,10,159.33333333333334,0.14008199999999998,0.002133318260363416
ON,0.5,0.6,3.0,10,159.5,0.1400851,0.002124313933956088
ON,0.5,0.6,3.0,10,159.66666666666666,0.1400914,0.002146834749113214
ON,0.5,0.6,3.0,10,159.83333333333334,0.14006739999999998,0.002147463210394996
ON,0.5,0.6,3.0,10,160.0,0.14005099999999998,0.0021531984116657716
ON,0.5,0.6,3.0,10,160.16666666666666,0.14002450000000002,0.0021540471327248186
ON,0.5,0.6,3.0,10,160.33333333333334,0.1400211,0.0021428153653546517
ON,0.5,0.6,3.0,10,160.5,0.14002309999999998,0.0021326560177393817
ON,0.5,0.6,3.0,10,160.66666666666666,0.14000010000000002,0.002126213792166725
ON,0.5,0.6,3.0,10,160.83333333333334,0.13995849999999999,0.0021314000211128826
ON,0.5,0.6,3.0,10,161.0,0.1399802,0.002149678757396089
ON,0.5,0.6,3.0,10,161.16666666666666,0.1399587,0.002156670723592267
ON,0.5,0.6,3.0,10,161.33333333333334,0.13995839999999998,0.002153052307771461
ON,0.5,0.6,3.0,10,161.5,0.1399711,0.0021405384112414385
ON,0.5,0.6,3.0,10,161.66666666666666,0.1399899,0.002150972684624335
ON,0.5,0.6,3.0,10,161.83333333333334,0.14000039999999997,0.002150601274062673
ON,0.5,0.6,3.0,10,162.0,0.1400089,0.0021514198776621885
ON,0.5,0.6,3.0,10,162.16666666666666,0.14002499999999998,0.0021597142403568114
ON,0.5,0.6,3.0,10,162.33333333333334,0.14002,0.002176849007166091
ON,0.5,0.6,3.0,10,162.5,0.1400235,0.0021729361817596016
ON,0.5,0.6,3.0,10,162.66666666666666,0.14001000000000002,0.0021833457353337324
ON,0.5,0.6,3.0,10,162.83333333333334,0.14001139999999998,0.002176743402424822
ON,0.5,0.6,3.0,10,163.0,0.140025,0.0021877788279439925
ON,0.5,0.6,3.0,10,163.16666666666666,0.1400322,0.002214695094138245
ON,0.5,0.6,3.0,10,163.33333333333334,0.1400346,0.0022134147464946503
ON,0.5,0.6,3.0,10,163.5,0.1400402,0.002227568934960263
ON,0.5,0.6,3.0,10,163.66666666666666,0.1400344,0.002236654653718362
ON,0.5,0.6,3.0,10,163.83333333333334,0.140058,0.0022541581577165356
ON,0.5,0.6,3.0,10,164.0,0.14004580000000003,0.0022545641618725333
ON,0.5,0.6,3.0,10,164.16666666666666,0.1400367,0.002249391431031964
ON,0.5,0.6,3.0,10,164.33333333333334,0.1400444,0.0022131549968314483
ON,0.5,0.6,3.0,10,164.5,0.14002799999999999,0.0022037861057734288
ON,0.5,0.6,3.0,10,164.66666666666666,0.14002379999999998,0.002176157843539844
ON,0.5,0.6,3.0,10,164.83333333333334,0.14000829999999997,0.0021921374979685946
ON,0.5,0.6,3.0,10,165.0,0.1399943,0.0021852771014221565
ON,0.5,0.6,3.0,10,165.16666666666666,0.14001919999999998,0.0021894146615020218
ON,0.5,0.6,3.0,10,165.33333333333334,0.1400131,0.0021936006678518285
ON,0.5,0.6,3.0,10,165.5,0.14001800000000003,0.00219301600541355
ON,0.5,0.6,3.0,10,165.66666666666666,0.1399875,0.0022050146598152132
ON,0.5,0.6,3.0,10,165.83333333333334,0.139992,0.0022213218587138566
ON,0.5,0.6,3.0,10,166.0,0.1399875,0.0022322831473628115
ON,0.5,0.6,3.0,10,166.16666666666666,0.1399709,0.002222293385221673
ON,0.5,0.6,3.0,10,166.33333333333334,0.13998130000000003,0.0022201751304795738
ON,0.5,0.6,3.0,10,166.5,0.1399745,0.0022295422063733214
ON,0.5,0.6,3.0,10,166.66666666666666,0.1399901,0.0022327717953252602
ON,0.5,0.6,3.0,10,166.83333333333334,0.1399985,0.002223094791051431
ON,0.5,0.6,3.0,10,167.0,0.139986,0.002217654301283226
ON,0.5,0.6,3.0,10,167.16666666666666,0.1399637,0.002224050271464205
ON,0.5,0.6,3.0,10,167.33333333333334,0.13997790000000002,0.002247925997447424
ON,0.5,0.6,3.0,10,167.5,0.1399457,0.0022321489220031884
ON,0.5,0.6,3.0,10,167.66666666666666,0.1399415,0.0022102331664328985
ON,0.5,0.6,3.0,10,167.83333333333334,0.139944,0.0022001439952875797
ON,0.5,0.6,3.0,10,168.0,0.1399356,0.0021921416560067453
ON,0.5,0.6,3.0,10,168.16666666666666,0.1399282,0.0021967338391348217
ON,0.5,0.6,3.0,10,168.33333333333334,0.1399046,0.002187479974765482
ON,0.5,0.6,3.0,10,168.5,0.139901,0.0021769085878832863
ON,0.5,0.6,3.0,10,168.66666666666666,0.1399091,0.002191324414594973
ON,0.5,0.6,3.0,10,168.83333333333334,0.1399019,0.002204428336326678
ON,0.5,0.6,3.0,10,169.0,0.13990450000000001,0.0022009528050369524
ON,0.5,0.6,3.0,10,169.16666666666666,0.1399133,0.0021875973601190885
ON,0.5,0.6,3.0,10,169.33333333333334,0.1399263,0.0021542137800134925
ON,0.5,0.6,3.0,10,169.5,0.13992480000000002,0.0021444746582788064
ON,0.5,0.6,3.0,10,169.66666666666666,0.1399086,0.002128962949419274
ON,0.5,0.6,3.0,10,169.83333333333334,0.1399057,0.00213317894467389
ON,0.5,0.6,3.0,10,170.0,0.1399336,0.0021322066128778394
ON,0.5,0.6,3.0,10,170.16666666666666,0.1399348,0.0021290935536044412
ON,0.5,0.6,3.0,10,170.33333333333334,0.13992109999999996,0.002129913211846904
ON,0.5,0.6,3.0,10,170.5,0.1398907,0.0021512431777927824
ON,0.5,0.6,3.0,10,170.66666666666666,0.1398904,0.0021679575733856
ON,0.5,0.6,3.0,10,170.83333333333334,0.1398721,0.0021468646184610706
ON,0.5,0.6,3.0,10,171.0,0.1398699,0.002172289227980473
ON,0.5,0.6,3.0,10,171.16666666666666,0.1398809,0.0021380521251831122
ON,0.5,0.6,3.0,10,171.33333333333334,0.1398698,0.002133037777443245
ON,0.5,0.6,3.0,10,171.5,0.1398533,0.0021473569358632454
ON,0.5,0.6,3.0,10,171.66666666666666,0.1398381,0.0021610928924967574
ON,0.5,0.6,3.0,10,171.83333333333334,0.1398358,0.002173029765097575
ON,0.5,0.6,3.0,10,172.0,0.1398374,0.0021755687624159304
ON,0.5,0.6,3.0,10,172.16666666666666,0.1398096,0.002200445782108707
ON,0.5,0.6,3.0,10,172.33333333333334,0.13980920000000002,0.0021930290376554512
ON,0.5,0.6,3.0,10,172.5,0.1398188,0.002220474129549818
ON,0.5,0.6,3.0,10,172.66666666666666,0.1398029,0.0022251386226480366
ON,0.5,0.6,3.0,10,172.83333333333334,0.139804,0.002239690782228655
ON,0.5,0.6,3.0,10,173.0,0.13977330000000002,0.0022314763296974534
ON,0.5,0.6,3.0,10,173.16666666666666,0.13977309999999998,0.0022469250299019753
ON,0.5,0.6,3.0,10,173.33333333333334,0.13977409999999998,0.0022472255538774914
ON,0.5,0.6,3.0,10,173.5,0.1397485,0.0022581446919982787
ON,0.5,0.6,3.0,10,173.66666666666666,0.13974699999999998,0.0022496314809319342
ON,0.5,0.6,3.0,10,173.83333333333334,0.1397414,0.002243564048562017
ON,0.5,0.6,3.0,10,174.0,0.13974129999999998,0.0022531734531544647
ON,0.5,0.6,3.0,10,174.16666666666666,0.1397527,0.002255185670848409
ON,0.5,0.6,3.0,10,174.33333333333334,0.13976689999999997,0.002254290640090576
ON,0.5,0.6,3.0,10,174.5,0.1397466,0.0022427377555122173
ON,0.5,0.6,3.0,10,174.66666666666666,0.1397359,0.0022299058926331422
ON,0.5,0.6,3.0,10,174.83333333333334,0.13972869999999998,0.002261734823094871
ON,0.5,0.6,3.0,10,175.0,0.1397402,0.0022594165530065535
ON,0.5,0.6,3.0,10,175.16666666666666,0.13972020000000002,0.0022656648825455173
ON,0.5,0.6,3.0,10,175.33333333333334,0.1397223,0.002257994510622205
ON,0.5,0.6,3.0,10,175.5,0.1397237,0.002245575696786901
ON,0.5,0.6,3.0,10,175.66666666666666,0.1397389,0.0022249046923407717
ON,0.5,0.6,3.0,10,175.83333333333334,0.13974159999999997,0.002228770746398113
ON,0.5,0.6,3.0,10,176.0,0.1397526,0.0022480914661107574
ON,0.5,0.6,3.0,10,176.16666666666666,0.1397534,0.0022571206082086107
ON,0.5,0.6,3.0,10,176.33333333333334,0.1397578,0.002271879081289322
ON,0.5,0.6,3.0,10,176.5,0.1397489,0.0022667503369361184
ON,0.5,0.6,3.0,10,176.66666666666666,0.1397366,0.002255663813603435
ON,0.5,0.6,3.0,10,176.83333333333334,0.1397219,0.0022723490686952174
ON,0.5,0.6,3.0,10,177.0,0.1397083,0.0022981980789305374
ON,0.5,0.6,3.0,10,177.16666666666666,0.13973059999999998,0.00228858944330345
ON,0.5,0.6,3.0,10,177.33333333333334,0.1397324,0.0022874310131673903
ON,0.5,0.6,3.0,10,177.5,0.13972289999999998,0.002286209152724219
ON,0.5,0.6,3.0,10,177.66666666666666,0.1397245,0.00229392263383053
ON,0.5,0.6,3.0,10,177.83333333333334,0.1397294,0.0022785756164762283
ON,0.5,0.6,3.0,10,178.0,0.1397219,0.002297885917533765
ON,0.5,0.6,3.0,10,178.16666666666666,0.1396957,0.0022832065193494904
ON,0.5,0.6,3.0,10,178.33333333333334,0.1397228,0.002301100249880477
ON,0.5,0.6,3.0,10,178.5,0.13972630000000003,0.002322686980632563
ON,0.5,0.6,3.0,10,178.66666666666666,0.1396926,0.002338250209023834
ON,0.5,0.6,3.0,10,178.83333333333334,0.13967410000000002,0.002321766458970414
ON,0.5,0.6,3.0,10,179.0,0.13970290000000002,0.0023199054916095184
ON,0.5,0.6,3.0,10,179.16666666666666,0.13970449999999998,0.0023277188941107116
ON,0.5,0.6,3.0,10,179.33333333333334,0.1396962,0.0023396526152401334
ON,0.5,0.6,3.0,10,179.5,0.13969910000000002,0.0023543500780470175
ON,0.5,0.6,3.0,10,179.66666666666666,0.13969550000000003,0.002341798251344466
ON,0.5,0.6,3.0,10,179.83333333333334,0.13970960000000004,0.002348864329841133
ON,0.5,0.6,3.0,10,180.0,0.1397203,0.002350630385662534
ON,0.5,0.6,3.0,10,180.16666666666666,0.1397213,0.002373051708244051
ON,0.5,0.6,3.0,10,180.33333333333334,0.139716,0.002369872021861093
ON,0.5,0.6,3.0,10,180.5,0.1397069,0.0023624706749502747
ON,0.5,0.6,3.0,10,180.66666666666666,0.1396856,0.00232845447453885
ON,0.5,0.6,3.0,10,180.83333333333334,0.1396661,0.002314951034039378
ON,0.5,0.6,3.0,10,181.0,0.13966870000000003,0.0023425567250335675
ON,0.5,0.6,3.0,10,181.16666666666666,0.1396588,0.0023482258749958516
ON,0.5,0.6,3.0,10,181.33333333333334,0.1396646,0.0023297225242504774
ON,0.5,0.6,3.0,10,181.5,0.139671,0.002327949398075483
ON,0.5,0.6,3.0,10,181.66666666666666,0.1396602,0.0023285434417248912
ON,0.5,0.6,3.0,10,181.83333333333334,0.1396688,0.002340840481536489
ON,0.5,0.6,3.0,10,182.0,0.13965160000000001,0.002334459474910622
ON,0.5,0.6,3.0,10,182.16666666666666,0.13967559999999998,0.0023351071581407153
ON,0.5,0.6,3.0,10,182.33333333333334,0.1396779,0.0023403295686719003
ON,0.5,0.6,3.0,10,182.5,0.13968129999999998,0.0023514754963639296
ON,0.5,0.6,3.0,10,182.66666666666666,0.1396932,0.002350490025505321
ON,0.5,0.6,3.0,10,182.83333333333334,0.1396749,0.002324444469115149
ON,0.5,0.6,3.0,10,183.0,0.13969320000000002,0.0023135661996147847
ON,0.5,0.6,3.0,10,183.16666666666666,0.1396993,0.0022789659957972155
ON,0.5,0.6,3.0,10,183.33333333333334,0.1396966,0.002300211216388616
ON,0.5,0.6,3.0,10,183.5,0.1396912,0.00230517464848111
ON,0.5,0.6,3.0,10,183.66666666666666,0.1396676,0.002297646543748629
ON,0.5,0.6,3.0,10,183.83333333333334,0.13966610000000002,0.002297685681288895
ON,0.5,0.6,3.0,10,184.0,0.1396649,0.002298263668511514
ON,0.5,0.6,3.0,10,184.16666666666666,0.13966760000000003,0.0022994305468963428
ON,0.5,0.6,3.0,10,184.33333333333334,0.1396749,0.0022982563151224
ON,0.5,0.6,3.0,10,184.5,0.1396623,0.002299835735438512
ON,0.5,0.6,3.0,10,184.66666666666666,0.1396565,0.00230211629810485
ON,0.5,0.6,3.0,10,184.83333333333334,0.13965880000000003,0.0023029536165541835
ON,0.5,0.6,3.0,10,185.0,0.1396478,0.002325712269391892
ON,0.5,0.6,3.0,10,185.16666666666666,0.1396366,0.0023459172704935684
ON,0.5,0.6,3.0,10,185.33333333333334,0.1396412,0.0023435796892787727
ON,0.5,0.6,3.0,10,185.5,0.13963730000000002,0.0023507134682899927
ON,0.5,0.6,3.0,10,185.66666666666666,0.1396552,0.002328402748666988
ON,0.5,0.6,3.0,10,185.83333333333334,0.1396522,0.002325291413995246
ON,0.5,0.6,3.0,10,186.0,0.1396533,0.002311872230466032
ON,0.5,0.6,3.0,10,186.16666666666666,0.13963580000000003,0.0023049710974326785
ON,0.5,0.6,3.0,10,186.33333333333334,0.1396682,0.0022913384210980292
ON,0.5,0.6,3.0,10,186.5,0.13969020000000001,0.00229867273877775
ON,0.5,0.6,3.0,10,186.66666666666666,0.13969930000000003,0.0022924674937717204
ON,0.5,0.6,3.0,10,186.83333333333334,0.1397065,0.002289355684466699
ON,0.5,0.6,3.0,10,187.0,0.1397114,0.002293343245133621
ON,0.5,0.6,3.0,10,187.16666666666666,0.13971340000000002,0.0022894920047905804
ON,0.5,0.6,3.0,10,187.33333333333334,0.1397119,0.0022648214697852044
ON,0.5,0.6,3.0,10,187.5,0.1397234,0.002278471206752458
ON,0.5,0.6,3.0,10,187.66666666666666,0.1397111,0.002275957224993473
ON,0.5,0.6,3.0,10,187.83333333333334,0.13969120000000002,0.0022577317732627115
ON,0.5,0.6,3.0,10,188.0,0.13969250000000002,0.0022581578886340103
ON,0.5,0.6,3.0,10,188.16666666666666,0.13967279999999999,0.0022359067869658624
ON,0.5,0.6,3.0,10,188.33333333333334,0.1396715,0.002234130759378241
ON,0.5,0.6,3.0,10,188.5,0.1396905,0.0022042525377097793
ON,0.5,0.6,3.0,10,188.66666666666666,0.1396935,0.002210039060740779
ON,0.5,0.6,3.0,10,188.83333333333334,0.13969120000000002,0.0022013762422630058
ON,0.5,0.6,3.0,10,189.0,0.1396901,0.002201179613298285
ON,0.5,0.6,3.0,10,189.16666666666666,0.13969099999999998,0.0022054946837387793
ON,0.5,0.6,3.0,10,189.33333333333334,0.1396948,0.0022020390005628872
ON,0.5,0.6,3.0,10,189.5,0.1396935,0.0022047025309551403
ON,0.5,0.6,3.0,10,189.66666666666666,0.1396829,0.002191762005784389
ON,0.5,0.6,3.0,10,189.83333333333334,0.139655,0.002177428024068764
ON,0.5,0.6,3.0,10,190.0,0.13965979999999997,0.002170908464214925
ON,0.5,0.6,3.0,10,190.16666666666666,0.1396755,0.002178333502932915
ON,0.5,0.6,3.0,10,190.33333333333334,0.1396554,0.0022055496911201106
ON,0.5,0.6,3.0,10,190.5,0.13967709999999997,0.0021847109854623774
ON,0.5,0.6,3.0,10,190.66666666666666,0.13967639999999998,0.002201934930918716
ON,0.5,0.6,3.0,10,190.83333333333334,0.1396544,0.0022133556063136358
ON,0.5,0.6,3.0,10,191.0,0.1396451,0.0022278136120420858
ON,0.5,0.6,3.0,10,191.16666666666666,0.1396384,0.0022016978539300043
ON,0.5,0.6,3.0,10,191.33333333333334,0.1396315,0.002196206467980643
ON,0.5,0.6,3.0,10,191.5,0.1396259,0.00221419675954961
ON,0.5,0.6,3.0,10,191.66666666666666,0.1396289,0.002214081138982947
ON,0.5,0.6,3.0,10,191.83333333333334,0.13962769999999997,0.002232034589785742
ON,0.5,0.6,3.0,10,191.99833333333333,0.1396269,0.002249157373328952
ON,0.5,0.6,3.0,10,192.0,0.13962819999999998,0.002248824350633015
ON,0.5,0.6,5.0,10,0.0,0.09957505,0.0003250554268121059
ON,0.5,0.6,5.0,10,0.16666666666666666,0.10382549999999997,0.0004179883371578693
ON,0.5,0.6,5.0,10,0.3333333333333333,0.1120326,0.0005819137736812912
ON,0.5,0.6,5.0,10,0.5,0.11662550000000001,0.0006948618927527976
ON,0.5,0.6,5.0,10,0.6666666666666666,0.11747860000000002,0.0009156060506571599
ON,0.5,0.6,5.0,10,0.8333333333333334,0.1163199,0.0008285455268118952
ON,0.5,0.6,5.0,10,1.0,0.1146284,0.0008499581401457382
ON,0.5,0.6,5.0,10,1.1666666666666667,0.1130508,0.0008831465110614435
ON,0.5,0.6,5.0,10,1.3333333333333333,0.11153680000000002,0.0008249063946897257
ON,0.5,0.6,5.0,10,1.5,0.1102916,0.0009363747326791782
ON,0.5,0.6,5.0,10,1.6666666666666667,0.1091917,0.0007616118499603319
ON,0.5,0.6,5.0,10,1.8333333333333333,0.10824999999999999,0.000820943116177972
ON,0.5,0.6,5.0,10,2.0,0.10748440000000001,0.0007656253914284717
ON,0.5,0.6,5.0,10,2.1666666666666665,0.106963,0.0007297924362447182
ON,0.5,0.6,5.0,10,2.3333333333333335,0.10644840000000003,0.0006014846963971746
ON,0.5,0.6,5.0,10,2.5,0.1060902,0.00049856048780464
ON,0.5,0.6,5.0,10,2.6666666666666665,0.1056495,0.0005479863593192796
ON,0.5,0.6,5.0,10,2.8333333333333335,0.10525720000000001,0.0005341091274262215
ON,0.5,0.6,5.0,10,3.0,0.10492839999999999,0.0005689091667392975
ON,0.5,0.6,5.0,10,3.1666666666666665,0.1047177,0.0005765972684638751
ON,0.5,0.6,5.0,10,3.3333333333333335,0.10467040000000001,0.0004983432953296349
ON,0.5,0.6,5.0,10,3.5,0.1044841,0.0006021093671418844
ON,0.5,0.6,5.0,10,3.6666666666666665,0.104352,0.0005971959477424464
ON,0.5,0.6,5.0,10,3.8333333333333335,0.1043914,0.0006885425477049312
ON,0.5,0.6,5.0,10,4.0,0.10410040000000001,0.0007176957851346232
ON,0.5,0.6,5.0,10,4.166666666666667,0.1038184,0.000691516333863489
ON,0.5,0.6,5.0,10,4.333333333333333,0.1038299,0.0006374962666557353
ON,0.5,0.6,5.0,10,4.5,0.10367490000000001,0.0006361803910841633
ON,0.5,0.6,5.0,10,4.666666666666667,0.1035955,0.0005498282004408278
ON,0.5,0.6,5.0,10,4.833333333333333,0.103544,0.0005296319476768744
ON,0.5,0.6,5.0,10,5.0,0.10360070000000002,0.0005951421762906722
ON,0.5,0.6,5.0,10,5.166666666666667,0.10363320000000001,0.0006118845969625336
ON,0.5,0.6,5.0,10,5.333333333333333,0.1038405,0.0005122333940695397
ON,0.5,0.6,5.0,10,5.5,0.10381670000000001,0.0004493813636545252
ON,0.5,0.6,5.0,10,5.666666666666667,0.10385249999999999,0.0005498183791035011
ON,0.5,0.6,5.0,10,5.833333333333333,0.1036653,0.0006267597705660452
ON,0.5,0.6,5.0,10,6.0,0.10360880000000001,0.0007521080773399511
ON,0.5,0.6,5.0,10,6.166666666666667,0.1033318,0.0006316079163531761
ON,0.5,0.6,5.0,10,6.333333333333333,0.10331450000000002,0.0005727696308290098
ON,0.5,0.6,5.0,10,6.5,0.1034129,0.000562243443714555
ON,0.5,0.6,5.0,10,6.666666666666667,0.10350109999999998,0.0006517317623071616
ON,0.5,0.6,5.0,10,6.833333333333333,0.10367099999999999,0.0005672956900946804
ON,0.5,0.6,5.0,10,7.0,0.10353610000000002,0.000591684958402696
ON,0.5,0.6,5.0,10,7.166666666666667,0.103602,0.0005079210568582484
ON,0.5,0.6,5.0,10,7.333333333333333,0.10347100000000001,0.0005058468147571951
ON,0.5,0.6,5.0,10,7.5,0.1034637,0.000584430500572994
ON,0.5,0.6,5.0,10,7.666666666666667,0.10344610000000001,0.00048338296411851335
ON,0.5,0.6,5.0,10,7.833333333333333,0.10346769999999998,0.0004583151863074136
ON,0.5,0.6,5.0,10,8.0,0.1035616,0.0004737632742203634
ON,0.5,0.6,5.0,10,8.166666666666666,0.10353090000000001,0.0003456221781078269
ON,0.5,0.6,5.0,10,8.333333333333334,0.10351879999999998,0.00039575012318380853
ON,0.5,0.6,5.0,10,8.5,0.1035538,0.00035882664338089595
ON,0.5,0.6,5.0,10,8.666666666666666,0.10334289999999999,0.00045272783214642327
ON,0.5,0.6,5.0,10,8.833333333333334,0.1032859,0.0003596744222209856
ON,0.5,0.6,5.0,10,9.0,0.1033975,0.00029343696086212413
ON,0.5,0.6,5.0,10,9.166666666666666,0.1034441,0.000246084721183579
ON,0.5,0.6,5.0,10,9.333333333333334,0.10344300000000002,0.0004644930569987019
ON,0.5,0.6,5.0,10,9.5,0.1033804,0.0004961215979979111
ON,0.5,0.6,5.0,10,9.666666666666666,0.10339820000000002,0.00036419439863896855
ON,0.5,0.6,5.0,10,9.833333333333334,0.10342149999999999,0.0005515159562514946
ON,0.5,0.6,5.0,10,10.0,0.10338810000000001,0.0004190838698876395
ON,0.5,0.6,5.0,10,10.166666666666666,0.103302,0.0005495405353565838
ON,0.5,0.6,5.0,10,10.333333333333334,0.1033833,0.00044472801800650837
ON,0.5,0.6,5.0,10,10.5,0.10341090000000001,0.0005057015819631155
ON,0.5,0.6,5.0,10,10.666666666666666,0.10329780000000002,0.0004679751702815032
ON,0.5,0.6,5.0,10,10.833333333333334,0.1033374,0.0004815294798867467
ON,0.5,0.6,5.0,10,11.0,0.1032935,0.00041350798057594983
ON,0.5,0.6,5.0,10,11.166666666666666,0.1032794,0.0005869479022877587
ON,0.5,0.6,5.0,10,11.333333333333334,0.10338180000000001,0.0005935632737964856
ON,0.5,0.6,5.0,10,11.5,0.10338909999999998,0.0006025328953675475
ON,0.5,0.6,5.0,10,11.666666666666666,0.1033658,0.0006618277419389429
ON,0.5,0.6,5.0,10,11.833333333333334,0.10335399999999999,0.0005332706629845688
ON,0.5,0.6,5.0,10,12.0,0.10318190000000001,0.0005881752204913076
ON,0.5,0.6,5.0,10,12.166666666666666,0.10330650000000001,0.0006319777290379776
ON,0.5,0.6,5.0,10,12.333333333333334,0.1033139,0.0006491803216364478
ON,0.5,0.6,5.0,10,12.5,0.103274,0.0007012233595652667
ON,0.5,0.6,5.0,10,12.666666666666666,0.10323779999999998,0.0005803495153784503
ON,0.5,0.6,5.0,10,12.833333333333334,0.1032658,0.0006317082871072694
ON,0.5,0.6,5.0,10,13.0,0.1033482,0.0006108979947585361
ON,0.5,0.6,5.0,10,13.166666666666666,0.1033279,0.0005580085035194347
ON,0.5,0.6,5.0,10,13.333333333333334,0.10333919999999999,0.0007382434286873127
ON,0.5,0.6,5.0,10,13.5,0.1033785,0.0007043647137669507
ON,0.5,0.6,5.0,10,13.666666666666666,0.1032791,0.0005578215574894918
ON,0.5,0.6,5.0,10,13.833333333333334,0.1033725,0.00040709882092681204
ON,0.5,0.6,5.0,10,14.0,0.10332719999999998,0.0006212792930719633
ON,0.5,0.6,5.0,10,14.166666666666666,0.10336909999999999,0.0005224008901217523
ON,0.5,0.6,5.0,10,14.333333333333334,0.10346079999999999,0.0006691531663229267
ON,0.5,0.6,5.0,10,14.5,0.1034839,0.0004923981011336259
ON,0.5,0.6,5.0,10,14.666666666666666,0.10334030000000001,0.0005362492051276139
ON,0.5,0.6,5.0,10,14.833333333333334,0.10338259999999999,0.00046680064267307786
ON,0.5,0.6,5.0,10,15.0,0.10355059999999998,0.0004329469251536504
ON,0.5,0.6,5.0,10,15.166666666666666,0.1036002,0.0005082007083820325
ON,0.5,0.6,5.0,10,15.333333333333334,0.103648,0.0005551796105766132
ON,0.5,0.6,5.0,10,15.5,0.10344879999999998,0.0004697484007423552
ON,0.5,0.6,5.0,10,15.666666666666666,0.1032959,0.0005204806336454787
ON,0.5,0.6,5.0,10,15.833333333333334,0.1033591,0.00039252756591098115
ON,0.5,0.6,5.0,10,16.0,0.1033624,0.00036989328190709477
ON,0.5,0.6,5.0,10,16.166666666666668,0.10338080000000001,0.000471298589007012
ON,0.5,0.6,5.0,10,16.333333333333332,0.1033452,0.00035365316342428154
ON,0.5,0.6,5.0,10,16.5,0.103326,0.0003342493081518631
ON,0.5,0.6,5.0,10,16.666666666666668,0.10334619999999999,0.00025146641922928827
ON,0.5,0.6,5.0,10,16.833333333333332,0.1033639,0.000387571270865114
ON,0.5,0.6,5.0,10,17.0,0.1034319,0.0005366711190291489
ON,0.5,0.6,5.0,10,17.166666666666668,0.1033242,0.0004324538819342475
ON,0.5,0.6,5.0,10,17.333333333333332,0.10340200000000002,0.0004512990139585967
ON,0.5,0.6,5.0,10,17.5,0.1034067,0.00041024969226070114
ON,0.5,0.6,5.0,10,17.666666666666668,0.1034071,0.0003812777071899181
ON,0.5,0.6,5.0,10,17.833333333333332,0.1035045,0.0003830872615997565
ON,0.5,0.6,5.0,10,18.0,0.1035114,0.0003789351395687674
ON,0.5,0.6,5.0,10,18.166666666666668,0.10356880000000002,0.00041187517526551653
ON,0.5,0.6,5.0,10,18.333333333333332,0.10341440000000002,0.0003271348957234613
ON,0.5,0.6,5.0,10,18.5,0.1034299,0.0002994232622893569
ON,0.5,0.6,5.0,10,18.666666666666668,0.1034633,0.0002975479961283551
ON,0.5,0.6,5.0,10,18.833333333333332,0.1034141,0.0002934097646636868
ON,0.5,0.6,5.0,10,19.0,0.10331839999999999,0.0004284178334290028
ON,0.5,0.6,5.0,10,19.166666666666668,0.10340800000000001,0.0005845239088352166
ON,0.5,0.6,5.0,10,19.333333333333332,0.10323960000000001,0.0005404624316268452
ON,0.5,0.6,5.0,10,19.5,0.1033982,0.000568063517575281
ON,0.5,0.6,5.0,10,19.666666666666668,0.10349,0.00053830864752482
ON,0.5,0.6,5.0,10,19.833333333333332,0.10349349999999999,0.0004014374795656225
ON,0.5,0.6,5.0,10,20.0,0.10356119999999999,0.0003925915944082347
ON,0.5,0.6,5.0,10,20.166666666666668,0.10363179999999998,0.00038374048522406257
ON,0.5,0.6,5.0,10,20.333333333333332,0.1037275,0.0005551524565378406
ON,0.5,0.6,5.0,10,20.5,0.103664,0.0006404445331174285
ON,0.5,0.6,5.0,10,20.666666666666668,0.1036949,0.0004958621683492316
ON,0.5,0.6,5.0,10,20.833333333333332,0.10364900000000002,0.00043887857090544013
ON,0.5,0.6,5.0,10,21.0,0.10362230000000001,0.00026913641522469464
ON,0.5,0.6,5.0,10,21.166666666666668,0.1036548,0.00029509347671543147
ON,0.5,0.6,5.0,10,21.333333333333332,0.1037096,0.00037771290684857463
ON,0.5,0.6,5.0,10,21.5,0.10371679999999998,0.00046000995641399037
ON,0.5,0.6,5.0,10,21.666666666666668,0.103737,0.0004968712106773731
ON,0.5,0.6,5.0,10,21.833333333333332,0.10359690000000002,0.0006334514109227312
ON,0.5,0.6,5.0,10,22.0,0.10360269999999998,0.000507905119092141
ON,0.5,0.6,5.0,10,22.166666666666668,0.1035152,0.000495751106907489
ON,0.5,0.6,5.0,10,22.333333333333332,0.1034789,0.0004710760978865312
ON,0.5,0.6,5.0,10,22.5,0.10364670000000001,0.0005153532865908578
ON,0.5,0.6,5.0,10,22.666666666666668,0.10369949999999999,0.0003608709603168403
ON,0.5,0.6,5.0,10,22.833333333333332,0.10374889999999999,0.0004758185473476186
ON,0.5,0.6,5.0,10,23.0,0.1037736,0.00047303154228867426
ON,0.5,0.6,5.0,10,23.166666666666668,0.1037908,0.0003939395385081345
ON,0.5,0.6,5.0,10,23.333333333333332,0.1036934,0.0006241014661094765
ON,0.5,0.6,5.0,10,23.5,0.10368829999999998,0.00044135089214818407
ON,0.5,0.6,5.0,10,23.666666666666668,0.1036418,0.0004737631897900072
ON,0.5,0.6,5.0,10,23.833333333333332,0.10363799999999998,0.0004952504416959161
ON,0.5,0.6,5.0,10,24.0,0.10345439999999999,0.00041175993005633824
ON,0.5,0.6,5.0,10,24.166666666666668,0.1034319,0.00043860516412828427
ON,0.5,0.6,5.0,10,24.333333333333332,0.1033974,0.0004040611834858667
ON,0.5,0.6,5.0,10,24.5,0.10334589999999999,0.0003972599778482587
ON,0.5,0.6,5.0,10,24.666666666666668,0.10347569999999999,0.00043362588714236026
ON,0.5,0.6,5.0,10,24.833333333333332,0.1035366,0.0004981518242463833
ON,0.5,0.6,5.0,10,25.0,0.1035256,0.00038599357507606235
ON,0.5,0.6,5.0,10,25.166666666666668,0.10358209999999998,0.0003300292259785486
ON,0.5,0.6,5.0,10,25.333333333333332,0.10341929999999999,0.0004353504450439915
ON,0.5,0.6,5.0,10,25.5,0.10343240000000001,0.0003222608260400257
ON,0.5,0.6,5.0,10,25.666666666666668,0.10340780000000001,0.00024281095527179175
ON,0.5,0.6,5.0,10,25.833333333333332,0.10331759999999998,0.0003193835311972122
ON,0.5,0.6,5.0,10,26.0,0.1033998,0.0003619971823094763
ON,0.5,0.6,5.0,10,26.166666666666668,0.10348170000000001,0.00037073388029690345
ON,0.5,0.6,5.0,10,26.333333333333332,0.1034766,0.0004301562971758065
ON,0.5,0.6,5.0,10,26.5,0.10355279999999997,0.0005393482733818657
ON,0.5,0.6,5.0,10,26.666666666666668,0.10362160000000001,0.0005154396569919684
ON,0.5,0.6,5.0,10,26.833333333333332,0.10349939999999999,0.0004738991875916223
ON,0.5,0.6,5.0,10,27.0,0.1033925,0.0006024599986721123
ON,0.5,0.6,5.0,10,27.166666666666668,0.10344539999999999,0.0006968506583192705
ON,0.5,0.6,5.0,10,27.333333333333332,0.1033108,0.0007784023124323303
ON,0.5,0.6,5.0,10,27.5,0.10325569999999999,0.0005852825044369619
ON,0.5,0.6,5.0,10,27.666666666666668,0.1033887,0.00047662145356666333
ON,0.5,0.6,5.0,10,27.833333333333332,0.10337940000000001,0.00044403022419650456
ON,0.5,0.6,5.0,10,28.0,0.10341929999999999,0.0005200684666464605
ON,0.5,0.6,5.0,10,28.166666666666668,0.10362179999999999,0.0005787731507248758
ON,0.5,0.6,5.0,10,28.333333333333332,0.10358559999999999,0.000632501415018182
ON,0.5,0.6,5.0,10,28.5,0.1035558,0.0005846282237456566
ON,0.5,0.6,5.0,10,28.666666666666668,0.10328870000000001,0.0005676728018850324
ON,0.5,0.6,5.0,10,28.833333333333332,0.10313900000000001,0.0004034773847441764
ON,0.5,0.6,5.0,10,29.0,0.1032308,0.0005373337510337487
ON,0.5,0.6,5.0,10,29.166666666666668,0.1033096,0.000469930675738455
ON,0.5,0.6,5.0,10,29.333333333333332,0.103227,0.0004894940244783389
ON,0.5,0.6,5.0,10,29.5,0.1034514,0.0007245462304090771
ON,0.5,0.6,5.0,10,29.666666666666668,0.1036108,0.0007668239432881574
ON,0.5,0.6,5.0,10,29.833333333333332,0.103634,0.0005493949399111717
ON,0.5,0.6,5.0,10,30.0,0.1037174,0.0005643713670979412
ON,0.5,0.6,5.0,10,30.166666666666668,0.10362179999999999,0.0007485547140991096
ON,0.5,0.6,5.0,10,30.333333333333332,0.10363150000000002,0.0007026957022780209
ON,0.5,0.6,5.0,10,30.5,0.10360710000000002,0.00048082438582085
ON,0.5,0.6,5.0,10,30.666666666666668,0.1035364,0.0006093099703763239
ON,0.5,0.6,5.0,10,30.833333333333332,0.10360050000000001,0.0006359722085122927
ON,0.5,0.6,5.0,10,31.0,0.1035504,0.0005655779698679911
ON,0.5,0.6,5.0,10,31.166666666666668,0.1036772,0.0005346493804354419
ON,0.5,0.6,5.0,10,31.333333333333332,0.1034594,0.0004884078623445781
ON,0.5,0.6,5.0,10,31.5,0.1035153,0.0003990681771326804
ON,0.5,0.6,5.0,10,31.666666666666668,0.1036437,0.00047562906765671875
ON,0.5,0.6,5.0,10,31.833333333333332,0.1037706,0.0003954721734837983
ON,0.5,0.6,5.0,10,32.0,0.10379809999999998,0.0004269987002322115
ON,0.5,0.6,5.0,10,32.166666666666664,0.1036265,0.00037255986096196633
ON,0.5,0.6,5.0,10,32.333333333333336,0.1034335,0.0004429535528698257
ON,0.5,0.6,5.0,10,32.5,0.10331259999999998,0.0003958449696535254
ON,0.5,0.6,5.0,10,32.666666666666664,0.1034576,0.00048298699775459967
ON,0.5,0.6,5.0,10,32.833333333333336,0.10350269999999999,0.00046884796043066956
ON,0.5,0.6,5.0,10,33.0,0.10351740000000001,0.0004725370250043912
ON,0.5,0.6,5.0,10,33.166666666666664,0.10363419999999998,0.0005924643111614396
ON,0.5,0.6,5.0,10,33.333333333333336,0.10376740000000002,0.000434291653154883
ON,0.5,0.6,5.0,10,33.5,0.1037874,0.0004657042409083247
ON,0.5,0.6,5.0,10,33.666666666666664,0.1038068,0.0005310016572478846
ON,0.5,0.6,5.0,10,33.833333333333336,0.10379089999999999,0.0006473962387904332
ON,0.5,0.6,5.0,10,34.0,0.10355,0.0008086696482495204
ON,0.5,0.6,5.0,10,34.166666666666664,0.10355650000000001,0.0007116909792880618
ON,0.5,0.6,5.0,10,34.333333333333336,0.10367189999999997,0.0007647017000111869
ON,0.5,0.6,5.0,10,34.5,0.1036513,0.000696268489880163
ON,0.5,0.6,5.0,10,34.666666666666664,0.10365250000000001,0.0006754202025406101
ON,0.5,0.6,5.0,10,34.833333333333336,0.10367190000000001,0.0004001725752722191
ON,0.5,0.6,5.0,10,35.0,0.10363389999999999,0.00027984154444971266
ON,0.5,0.6,5.0,10,35.166666666666664,0.10348159999999999,0.0002980728769948724
ON,0.5,0.6,5.0,10,35.333333333333336,0.10341099999999999,0.0003274434302287971
ON,0.5,0.6,5.0,10,35.5,0.10347340000000001,0.0003909077128939754
ON,0.5,0.6,5.0,10,35.666666666666664,0.10341499999999999,0.00034718640526380096
ON,0.5,0.6,5.0,10,35.833333333333336,0.1034832,0.00043268320975050657
ON,0.5,0.6,5.0,10,36.0,0.10348009999999999,0.00039911262821414094
ON,0.5,0.6,5.0,10,36.166666666666664,0.10338619999999998,0.0005134346696513599
ON,0.5,0.6,5.0,10,36.333333333333336,0.10341059999999999,0.00041728819777223493
ON,0.5,0.6,5.0,10,36.5,0.10334409999999998,0.0003104910465697848
ON,0.5,0.6,5.0,10,36.666666666666664,0.1033723,0.0003836636678133603
ON,0.5,0.6,5.0,10,36.833333333333336,0.1034687,0.00043733923903532807
ON,0.5,0.6,5.0,10,37.0,0.1036456,0.0005272328138498218
ON,0.5,0.6,5.0,10,37.166666666666664,0.10359940000000001,0.0005316113618048437
ON,0.5,0.6,5.0,10,37.333333333333336,0.1033998,0.0007563472482927425
ON,0.5,0.6,5.0,10,37.5,0.1033034,0.0007165256729524776
ON,0.5,0.6,5.0,10,37.666666666666664,0.1032862,0.0006185508548211692
ON,0.5,0.6,5.0,10,37.833333333333336,0.10338800000000001,0.0008012367939629344
ON,0.5,0.6,5.0,10,38.0,0.10330270000000001,0.0008512219510797413
ON,0.5,0.6,5.0,10,38.166666666666664,0.10332110000000001,0.0008013331953688169
ON,0.5,0.6,5.0,10,38.333333333333336,0.10324579999999998,0.0009014806487107734
ON,0.5,0.6,5.0,10,38.5,0.1032324,0.0009655700078192147
ON,0.5,0.6,5.0,10,38.666666666666664,0.10327820000000001,0.0007551769064265662
ON,0.5,0.6,5.0,10,38.833333333333336,0.1034292,0.0006586781915321028
ON,0.5,0.6,5.0,10,39.0,0.10346820000000001,0.0006926482224044162
ON,0.5,0.6,5.0,10,39.166666666666664,0.10328780000000001,0.0006983548954507311
ON,0.5,0.6,5.0,10,39.333333333333336,0.1033754,0.0007481969259493113
ON,0.5,0.6,5.0,10,39.5,0.1035114,0.0006711921036484265
ON,0.5,0.6,5.0,10,39.666666666666664,0.10344440000000002,0.0006437175156852552
ON,0.5,0.6,5.0,10,39.833333333333336,0.10352489999999999,0.0007640127551291289
ON,0.5,0.6,5.0,10,40.0,0.1034747,0.0008144918722737519
ON,0.5,0.6,5.0,10,40.166666666666664,0.1035118,0.0007708754503809286
ON,0.5,0.6,5.0,10,40.333333333333336,0.1033007,0.0006991600746610194
ON,0.5,0.6,5.0,10,40.5,0.10339489999999998,0.0006363936596164373
ON,0.5,0.6,5.0,10,40.666666666666664,0.1035941,0.0008253952326007214
ON,0.5,0.6,5.0,10,40.833333333333336,0.1034657,0.0009107135718764723
ON,0.5,0.6,5.0,10,41.0,0.10340260000000001,0.0007866942481040524
ON,0.5,0.6,5.0,10,41.166666666666664,0.10355530000000002,0.0007135455206221964
ON,0.5,0.6,5.0,10,41.333333333333336,0.10370970000000002,0.0005828433837661716
ON,0.5,0.6,5.0,10,41.5,0.10347600000000001,0.0007554218688918147
ON,0.5,0.6,5.0,10,41.666666666666664,0.10362679999999999,0.0006106661608440406
ON,0.5,0.6,5.0,10,41.833333333333336,0.10374029999999998,0.0005805676618620794
ON,0.5,0.6,5.0,10,42.0,0.1038375,0.0005717884661306156
ON,0.5,0.6,5.0,10,42.166666666666664,0.1036513,0.000560875396144276
ON,0.5,0.6,5.0,10,42.333333333333336,0.1036014,0.0005352063527276197
ON,0.5,0.6,5.0,10,42.5,0.10375740000000003,0.0004258046970149616
ON,0.5,0.6,5.0,10,42.666666666666664,0.1037865,0.0005160550842691102
ON,0.5,0.6,5.0,10,42.833333333333336,0.1037856,0.00041983811165734045
ON,0.5,0.6,5.0,10,43.0,0.10381599999999998,0.000553765473824436
ON,0.5,0.6,5.0,10,43.166666666666664,0.1039066,0.0006306059308316102
ON,0.5,0.6,5.0,10,43.333333333333336,0.1038573,0.000578064018945999
ON,0.5,0.6,5.0,10,43.5,0.103631,0.0006277534547893785
ON,0.5,0.6,5.0,10,43.666666666666664,0.1036095,0.0006417518601453351
ON,0.5,0.6,5.0,10,43.833333333333336,0.10352450000000002,0.0005754025112910099
ON,0.5,0.6,5.0,10,44.0,0.1035847,0.00048176945731334843
ON,0.5,0.6,5.0,10,44.166666666666664,0.1035933,0.0006143507223077042
ON,0.5,0.6,5.0,10,44.333333333333336,0.10363369999999998,0.0006078554186646694
ON,0.5,0.6,5.0,10,44.5,0.1034443,0.0006345173047285632
ON,0.5,0.6,5.0,10,44.666666666666664,0.1034932,0.0006548694220987871
ON,0.5,0.6,5.0,10,44.833333333333336,0.10347750000000003,0.0006046442342402668
ON,0.5,0.6,5.0,10,45.0,0.1035462,0.0004400572235516647
ON,0.5,0.6,5.0,10,45.166666666666664,0.10358939999999998,0.00041428690541700784
ON,0.5,0.6,5.0,10,45.333333333333336,0.103603,0.000397981406600862
ON,0.5,0.6,5.0,10,45.5,0.10346910000000001,0.00034599001430677274
ON,0.5,0.6,5.0,10,45.666666666666664,0.10342559999999998,0.00039515445081638595
ON,0.5,0.6,5.0,10,45.833333333333336,0.10344310000000001,0.00040813293177590883
ON,0.5,0.6,5.0,10,46.0,0.10345520000000001,0.00037649802124314295
ON,0.5,0.6,5.0,10,46.166666666666664,0.10348349999999999,0.0005731225436152363
ON,0.5,0.6,5.0,10,46.333333333333336,0.1034881,0.0004891004906969508
ON,0.5,0.6,5.0,10,46.5,0.1036181,0.00037780985958547837
ON,0.5,0.6,5.0,10,46.666666666666664,0.103582,0.0004777578884749054
ON,0.5,0.6,5.0,10,46.833333333333336,0.103498,0.0005440531224062608
ON,0.5,0.6,5.0,10,47.0,0.10361419999999999,0.0004766860182552017
ON,0.5,0.6,5.0,10,47.166666666666664,0.1034112,0.0004208835468392632
ON,0.5,0.6,5.0,10,47.333333333333336,0.10326379999999999,0.0004282659921123798
ON,0.5,0.6,5.0,10,47.5,0.10332540000000001,0.00024081993272983204
ON,0.5,0.6,5.0,10,47.666666666666664,0.10339290000000001,0.00038145863471679404
ON,0.5,0.6,5.0,10,47.833333333333336,0.10349159999999999,0.00047186421775761024
ON,0.5,0.6,5.0,10,48.0,0.10359219999999998,0.0005720581788594604
ON,0.5,0.6,5.0,10,48.166666666666664,0.1037185,0.000488460694426891
ON,0.5,0.6,5.0,10,48.333333333333336,0.10376750000000001,0.0005933793474666953
ON,0.5,0.6,5.0,10,48.5,0.10385539999999997,0.00046356729824266056
ON,0.5,0.6,5.0,10,48.666666666666664,0.10379699999999999,0.00041759501912738597
ON,0.5,0.6,5.0,10,48.833333333333336,0.10362299999999999,0.00038626933608558553
ON,0.5,0.6,5.0,10,49.0,0.1035692,0.0003847450584477974
ON,0.5,0.6,5.0,10,49.166666666666664,0.10353359999999998,0.00039739984901859094
ON,0.5,0.6,5.0,10,49.333333333333336,0.10359139999999997,0.0005152663777115686
ON,0.5,0.6,5.0,10,49.5,0.1033787,0.00039971391019077534
ON,0.5,0.6,5.0,10,49.666666666666664,0.1034069,0.00029480449453833006
ON,0.5,0.6,5.0,10,49.833333333333336,0.10329370000000002,0.00025560909608228076
ON,0.5,0.6,5.0,10,50.0,0.1034513,0.0003726717188089269
ON,0.5,0.6,5.0,10,50.166666666666664,0.10336719999999999,0.0004579800869033499
ON,0.5,0.6,5.0,10,50.333333333333336,0.1034456,0.000508338115824499
ON,0.5,0.6,5.0,10,50.5,0.10333320000000001,0.0006633656307045183
ON,0.5,0.6,5.0,10,50.666666666666664,0.10342180000000001,0.0007157676718041945
ON,0.5,0.6,5.0,10,50.833333333333336,0.1033658,0.0008631861676370869
ON,0.5,0.6,5.0,10,51.0,0.1035787,0.0009185227324350789
ON,0.5,0.6,5.0,10,51.166666666666664,0.10349190000000001,0.0008693200158744761
ON,0.5,0.6,5.0,10,51.333333333333336,0.1035099,0.0008428308786464805
ON,0.5,0.6,5.0,10,51.5,0.1035034,0.0006550146868582393
ON,0.5,0.6,5.0,10,51.666666666666664,0.1034152,0.0005406260815018083
ON,0.5,0.6,5.0,10,51.833333333333336,0.10337339999999999,0.00038907433737012315
ON,0.5,0.6,5.0,10,52.0,0.1034186,0.0004927973620059262
ON,0.5,0.6,5.0,10,52.166666666666664,0.10339290000000001,0.00037885391643745697
ON,0.5,0.6,5.0,10,52.333333333333336,0.10343760000000002,0.0005320250370048383
ON,0.5,0.6,5.0,10,52.5,0.10351410000000001,0.000554347084415531
ON,0.5,0.6,5.0,10,52.666666666666664,0.10348660000000001,0.0005677045358282776
ON,0.5,0.6,5.0,10,52.833333333333336,0.1033866,0.00042765855539203415
ON,0.5,0.6,5.0,10,53.0,0.10347700000000001,0.0002523267722616843
ON,0.5,0.6,5.0,10,53.166666666666664,0.10352209999999999,0.0003853544991303477
ON,0.5,0.6,5.0,10,53.333333333333336,0.10358819999999998,0.0003696091990197195
ON,0.5,0.6,5.0,10,53.5,0.1035047,0.00034953341757262504
ON,0.5,0.6,5.0,10,53.666666666666664,0.1035469,0.000507814227843216
ON,0.5,0.6,5.0,10,53.833333333333336,0.1035228,0.00043002902227640415
ON,0.5,0.6,5.0,10,54.0,0.10337889999999998,0.00038548370912400214
ON,0.5,0.6,5.0,10,54.166666666666664,0.10316779999999999,0.0004371742901864179
ON,0.5,0.6,5.0,10,54.333333333333336,0.10320760000000002,0.00047459313100802495
ON,0.5,0.6,5.0,10,54.5,0.1034462,0.00040246883109130245
ON,0.5,0.6,5.0,10,54.666666666666664,0.103414,0.0007622359214836292
ON,0.5,0.6,5.0,10,54.833333333333336,0.1034284,0.0006983131389283718
ON,0.5,0.6,5.0,10,55.0,0.1035722,0.0005824212908196253
ON,0.5,0.6,5.0,10,55.166666666666664,0.10365549999999998,0.0005664911738059123
ON,0.5,0.6,5.0,10,55.333333333333336,0.1036665,0.0006629108914477132
ON,0.5,0.6,5.0,10,55.5,0.10352830000000002,0.0006516551311852005
ON,0.5,0.6,5.0,10,55.666666666666664,0.1034977,0.0007027090507457554
ON,0.5,0.6,5.0,10,55.833333333333336,0.1036426,0.0005213565382729946
ON,0.5,0.6,5.0,10,56.0,0.1037725,0.0006796627472504285
ON,0.5,0.6,5.0,10,56.166666666666664,0.1036982,0.0006435247936171546
ON,0.5,0.6,5.0,10,56.333333333333336,0.1036929,0.0005652826638063476
ON,0.5,0.6,5.0,10,56.5,0.1035393,0.0006110096644080169
ON,0.5,0.6,5.0,10,56.666666666666664,0.10360960000000001,0.000802280150570859
ON,0.5,0.6,5.0,10,56.833333333333336,0.10352290000000001,0.0008366213540186508
ON,0.5,0.6,5.0,10,57.0,0.10356500000000002,0.0007267625471913095
ON,0.5,0.6,5.0,10,57.166666666666664,0.10351629999999998,0.0008121036941179374
ON,0.5,0.6,5.0,10,57.333333333333336,0.10364330000000002,0.0006572558177756981
ON,0.5,0.6,5.0,10,57.5,0.10366009999999999,0.0007375960208677909
ON,0.5,0.6,5.0,10,57.666666666666664,0.10361659999999999,0.0007375681934573916
ON,0.5,0.6,5.0,10,57.833333333333336,0.10365969999999998,0.0006866408158564422
ON,0.5,0.6,5.0,10,58.0,0.1036824,0.0005667038379965332
ON,0.5,0.6,5.0,10,58.166666666666664,0.1037447,0.0006366883146406887
ON,0.5,0.6,5.0,10,58.333333333333336,0.103639,0.0005950035294012951
ON,0.5,0.6,5.0,10,58.5,0.1034122,0.0006623172653645672
ON,0.5,0.6,5.0,10,58.666666666666664,0.1035817,0.0006478802435635768
ON,0.5,0.6,5.0,10,58.833333333333336,0.10360499999999999,0.0005933718901329929
ON,0.5,0.6,5.0,10,59.0,0.10348840000000001,0.0006399454976792925
ON,0.5,0.6,5.0,10,59.166666666666664,0.1035563,0.0005673912318673953
ON,0.5,0.6,5.0,10,59.333333333333336,0.1036189,0.0006511470571230428
ON,0.5,0.6,5.0,10,59.5,0.1036195,0.000608938625807232
ON,0.5,0.6,5.0,10,59.666666666666664,0.1035076,0.0005342954613320239
ON,0.5,0.6,5.0,10,59.833333333333336,0.10340590000000001,0.0004926259128385336
ON,0.5,0.6,5.0,10,60.0,0.10352140000000001,0.00047126196536533693
ON,0.5,0.6,5.0,10,60.166666666666664,0.10351840000000001,0.0005256967186505906
ON,0.5,0.6,5.0,10,60.333333333333336,0.1033241,0.000546155188568231
ON,0.5,0.6,5.0,10,60.5,0.10323469999999998,0.0004158040524093041
ON,0.5,0.6,5.0,10,60.666666666666664,0.1031983,0.0004380764887551024
ON,0.5,0.6,5.0,10,60.833333333333336,0.1032916,0.0004169024346294944
ON,0.5,0.6,5.0,10,61.0,0.1033658,0.0005172080432475906
ON,0.5,0.6,5.0,10,61.166666666666664,0.10343759999999999,0.0004802986987281977
ON,0.5,0.6,5.0,10,61.333333333333336,0.1033416,0.00044814600299456013
ON,0.5,0.6,5.0,10,61.5,0.1032862,0.0004332509203683257
ON,0.5,0.6,5.0,10,61.666666666666664,0.10320100000000001,0.0005575460519096175
ON,0.5,0.6,5.0,10,61.833333333333336,0.10327439999999999,0.00041884942401775147
ON,0.5,0.6,5.0,10,62.0,0.103389,0.0006828910601259938
ON,0.5,0.6,5.0,10,62.166666666666664,0.1036646,0.0005923389570170115
ON,0.5,0.6,5.0,10,62.333333333333336,0.1036911,0.0003536171517333397
ON,0.5,0.6,5.0,10,62.5,0.10379609999999999,0.0003406506861874782
ON,0.5,0.6,5.0,10,62.666666666666664,0.103877,0.0003225520113098046
ON,0.5,0.6,5.0,10,62.833333333333336,0.1037315,0.00040074911104081277
ON,0.5,0.6,5.0,10,63.0,0.1035623,0.00033123527891817527
ON,0.5,0.6,5.0,10,63.166666666666664,0.1035095,0.00032981153709353523
ON,0.5,0.6,5.0,10,63.333333333333336,0.10333790000000001,0.00031596881175204413
ON,0.5,0.6,5.0,10,63.5,0.10344199999999999,0.0003816121067261887
ON,0.5,0.6,5.0,10,63.666666666666664,0.1033769,0.000433992499935195
ON,0.5,0.6,5.0,10,63.833333333333336,0.10327919999999999,0.000539665414863693
ON,0.5,0.6,5.0,10,64.0,0.103419,0.0005543372619624262
ON,0.5,0.6,5.0,10,64.16666666666667,0.10347979999999998,0.00041855580273124875
ON,0.5,0.6,5.0,10,64.33333333333333,0.1035947,0.00032988241844633095
ON,0.5,0.6,5.0,10,64.5,0.10348090000000001,0.0003863056950136764
ON,0.5,0.6,5.0,10,64.66666666666667,0.10331090000000001,0.0003930718636585445
ON,0.5,0.6,5.0,10,64.83333333333333,0.10355050000000002,0.0005708131480616082
ON,0.5,0.6,5.0,10,65.0,0.1036046,0.0007166456865146124
ON,0.5,0.6,5.0,10,65.16666666666667,0.10356560000000001,0.0005402229539736347
ON,0.5,0.6,5.0,10,65.33333333333333,0.1035517,0.0004207849926031117
ON,0.5,0.6,5.0,10,65.5,0.1034117,0.0005171616865159303
ON,0.5,0.6,5.0,10,65.66666666666667,0.10341630000000002,0.000477144223479652
ON,0.5,0.6,5.0,10,65.83333333333333,0.10332130000000002,0.00042396604816895137
ON,0.5,0.6,5.0,10,66.0,0.10340020000000001,0.00035697165153552457
ON,0.5,0.6,5.0,10,66.16666666666667,0.10342409999999999,0.0004000068624411358
ON,0.5,0.6,5.0,10,66.33333333333333,0.1036414,0.00040580024642673893
ON,0.5,0.6,5.0,10,66.5,0.1035569,0.00038729793441225546
ON,0.5,0.6,5.0,10,66.66666666666667,0.10351600000000001,0.0005577139051520962
ON,0.5,0.6,5.0,10,66.83333333333333,0.1034276,0.0005411508477310174
ON,0.5,0.6,5.0,10,67.0,0.10340889999999998,0.0004246686826221145
ON,0.5,0.6,5.0,10,67.16666666666667,0.1034513,0.00044332291842403285
ON,0.5,0.6,5.0,10,67.33333333333333,0.1035504,0.00042840546215005464
ON,0.5,0.6,5.0,10,67.5,0.1035545,0.000489905960363823
ON,0.5,0.6,5.0,10,67.66666666666667,0.1035,0.0004930283967480972
ON,0.5,0.6,5.0,10,67.83333333333333,0.1035893,0.00038796521751311433
ON,0.5,0.6,5.0,10,68.0,0.10365359999999998,0.0004705618344064877
ON,0.5,0.6,5.0,10,68.16666666666667,0.1037212,0.00042730031593716275
ON,0.5,0.6,5.0,10,68.33333333333333,0.10360720000000001,0.00040236321899497817
ON,0.5,0.6,5.0,10,68.5,0.10362229999999999,0.0004571310643568189
ON,0.5,0.6,5.0,10,68.66666666666667,0.1035033,0.0005455419415590311
ON,0.5,0.6,5.0,10,68.83333333333333,0.1036089,0.0006863061197454091
ON,0.5,0.6,5.0,10,69.0,0.1034025,0.0006537353057622011
ON,0.5,0.6,5.0,10,69.16666666666667,0.1034049,0.0005116214323110412
ON,0.5,0.6,5.0,10,69.33333333333333,0.10339800000000002,0.00045735587893892956
ON,0.5,0.6,5.0,10,69.5,0.10351479999999999,0.0006567241125465078
ON,0.5,0.6,5.0,10,69.66666666666667,0.10343760000000002,0.0004819712024592318
ON,0.5,0.6,5.0,10,69.83333333333333,0.10330349999999999,0.00047504636615808385
ON,0.5,0.6,5.0,10,70.0,0.10322089999999999,0.0004803351850531038
ON,0.5,0.6,5.0,10,70.16666666666667,0.1031727,0.0006359915172390272
ON,0.5,0.6,5.0,10,70.33333333333333,0.1030967,0.0006992992277988027
ON,0.5,0.6,5.0,10,70.5,0.10328689999999999,0.0007089607111822202
ON,0.5,0.6,5.0,10,70.66666666666667,0.103244,0.0008830915014878146
ON,0.5,0.6,5.0,10,70.83333333333333,0.10339590000000001,0.0006846247804454638
ON,0.5,0.6,5.0,10,71.0,0.10350629999999998,0.0005627953535700164
ON,0.5,0.6,5.0,10,71.16666666666667,0.10355220000000001,0.0005191190229610176
ON,0.5,0.6,5.0,10,71.33333333333333,0.10338910000000001,0.0006034251320586531
ON,0.5,0.6,5.0,10,71.5,0.10342530000000001,0.0005894952162655777
ON,0.5,0.6,5.0,10,71.66666666666667,0.10334169999999998,0.0005731413525475162
ON,0.5,0.6,5.0,10,71.83333333333333,0.1034993,0.0005845634353943095
ON,0.5,0.6,5.0,10,72.0,0.10346220000000002,0.0005435438896722138
ON,0.5,0.6,5.0,10,72.16666666666667,0.10349649999999999,0.0004489016039178274
ON,0.5,0.6,5.0,10,72.33333333333333,0.10334949999999998,0.0004079978553865199
ON,0.5,0.6,5.0,10,72.5,0.1035126,0.0005501998182478797
ON,0.5,0.6,5.0,10,72.66666666666667,0.1037453,0.0005489766934943579
ON,0.5,0.6,5.0,10,72.83333333333333,0.10375090000000001,0.0006125068897571674
ON,0.5,0.6,5.0,10,73.0,0.10365600000000001,0.0007513989619369975
ON,0.5,0.6,5.0,10,73.16666666666667,0.10373419999999997,0.0007251282369346805
ON,0.5,0.6,5.0,10,73.33333333333333,0.1038123,0.0007132714840788187
ON,0.5,0.6,5.0,10,73.5,0.1037969,0.0006834590624170564
ON,0.5,0.6,5.0,10,73.66666666666667,0.10394410000000001,0.0006406375652426248
ON,0.5,0.6,5.0,10,73.83333333333333,0.10395479999999999,0.000609096511236109
ON,0.5,0.6,5.0,10,74.0,0.1039445,0.0005460165290538383
ON,0.5,0.6,5.0,10,74.16666666666667,0.10412100000000002,0.0005400444426156025
ON,0.5,0.6,5.0,10,74.33333333333333,0.10385909999999998,0.0005201835156942212
ON,0.5,0.6,5.0,10,74.5,0.10378660000000002,0.00045159410979329586
ON,0.5,0.6,5.0,10,74.66666666666667,0.10372999999999999,0.000448191700057017
ON,0.5,0.6,5.0,10,74.83333333333333,0.1037565,0.0005796718468237
ON,0.5,0.6,5.0,10,75.0,0.10384120000000001,0.0005868907564445036
ON,0.5,0.6,5.0,10,75.16666666666667,0.1036241,0.0006517213284832704
ON,0.5,0.6,5.0,10,75.33333333333333,0.10356690000000002,0.0005383518273397031
ON,0.5,0.6,5.0,10,75.5,0.1033944,0.0004689998294242757
ON,0.5,0.6,5.0,10,75.66666666666667,0.10345560000000001,0.0003994076113446015
ON,0.5,0.6,5.0,10,75.83333333333333,0.10329220000000001,0.0005510121232786066
ON,0.5,0.6,5.0,10,76.0,0.1032435,0.0005435923564584032
ON,0.5,0.6,5.0,10,76.16666666666667,0.1033272,0.0006095924540215386
ON,0.5,0.6,5.0,10,76.33333333333333,0.10347009999999998,0.0006352060216968979
ON,0.5,0.6,5.0,10,76.5,0.1032527,0.0005731214618211419
ON,0.5,0.6,5.0,10,76.66666666666667,0.1034432,0.00044300469523470985
ON,0.5,0.6,5.0,10,76.83333333333333,0.10335849999999999,0.0006080904949100932
ON,0.5,0.6,5.0,10,77.0,0.1034901,0.0005338642992371749
ON,0.5,0.6,5.0,10,77.16666666666667,0.1036322,0.0005764043372494707
ON,0.5,0.6,5.0,10,77.33333333333333,0.1036146,0.0006913202152403765
ON,0.5,0.6,5.0,10,77.5,0.1035618,0.000677121968333624
ON,0.5,0.6,5.0,10,77.66666666666667,0.10348660000000001,0.0007075197806422074
ON,0.5,0.6,5.0,10,77.83333333333333,0.10343200000000001,0.0005631999644886335
ON,0.5,0.6,5.0,10,78.0,0.10355270000000001,0.00042074363928644166
ON,0.5,0.6,5.0,10,78.16666666666667,0.10345539999999998,0.0003818489753816285
ON,0.5,0.6,5.0,10,78.33333333333333,0.1035355,0.0005118896853815304
ON,0.5,0.6,5.0,10,78.5,0.10340420000000002,0.0006157716784653226
ON,0.5,0.6,5.0,10,78.66666666666667,0.10340220000000003,0.0006039655288176617
ON,0.5,0.6,5.0,10,78.83333333333333,0.10348279999999999,0.0004308607199548386
ON,0.5,0.6,5.0,10,79.0,0.1034476,0.00048469623476977806
ON,0.5,0.6,5.0,10,79.16666666666667,0.103525,0.0006280261141067313
ON,0.5,0.6,5.0,10,79.33333333333333,0.10349599999999999,0.0005742384522130152
ON,0.5,0.6,5.0,10,79.5,0.1034313,0.0006640171759826693
ON,0.5,0.6,5.0,10,79.66666666666667,0.10360609999999999,0.0005219096569330756
ON,0.5,0.6,5.0,10,79.83333333333333,0.10353889999999999,0.0004068824031584579
ON,0.5,0.6,5.0,10,80.0,0.1034702,0.0005146522709558383
ON,0.5,0.6,5.0,10,80.16666666666667,0.1035072,0.0005426700286546141
ON,0.5,0.6,5.0,10,80.33333333333333,0.1035544,0.000497945418695665
ON,0.5,0.6,5.0,10,80.5,0.10337729999999998,0.0003913911215140142
ON,0.5,0.6,5.0,10,80.66666666666667,0.10323799999999998,0.0004177736229107805
ON,0.5,0.6,5.0,10,80.83333333333333,0.10322020000000001,0.00030315138132622736
ON,0.5,0.6,5.0,10,81.0,0.10323840000000002,0.0004737145131827799
ON,0.5,0.6,5.0,10,81.16666666666667,0.10330729999999999,0.0005557283599025698
ON,0.5,0.6,5.0,10,81.33333333333333,0.1031587,0.0003857802612887298
ON,0.5,0.6,5.0,10,81.5,0.1032203,0.00034173236604102944
ON,0.5,0.6,5.0,10,81.66666666666667,0.1034303,0.00038411536027605257
ON,0.5,0.6,5.0,10,81.83333333333333,0.1034851,0.0003461030048988325
ON,0.5,0.6,5.0,10,82.0,0.1033925,0.00039953278964310386
ON,0.5,0.6,5.0,10,82.16666666666667,0.10369000000000002,0.0005016295445844492
ON,0.5,0.6,5.0,10,82.33333333333333,0.1036513,0.0004454382224282057
ON,0.5,0.6,5.0,10,82.5,0.10362270000000003,0.0003864624302568093
ON,0.5,0.6,5.0,10,82.66666666666667,0.1035691,0.00029508217499537085
ON,0.5,0.6,5.0,10,82.83333333333333,0.10336509999999999,0.00041506154965257664
ON,0.5,0.6,5.0,10,83.0,0.10344329999999999,0.0004385143213168755
ON,0.5,0.6,5.0,10,83.16666666666667,0.10344790000000001,0.0005574851477842274
ON,0.5,0.6,5.0,10,83.33333333333333,0.103555,0.0005096365371517237
ON,0.5,0.6,5.0,10,83.5,0.10345180000000001,0.00039828100632593555
ON,0.5,0.6,5.0,10,83.66666666666667,0.10344450000000001,0.00041345791805212536
ON,0.5,0.6,5.0,10,83.83333333333333,0.1034783,0.0004988506890844187
ON,0.5,0.6,5.0,10,84.0,0.10357390000000002,0.00045284885999635814
ON,0.5,0.6,5.0,10,84.16666666666667,0.10359440000000002,0.000389945432079924
ON,0.5,0.6,5.0,10,84.33333333333333,0.103555,0.0004349075763883642
ON,0.5,0.6,5.0,10,84.5,0.10386390000000001,0.00043974798464575034
ON,0.5,0.6,5.0,10,84.66666666666667,0.10372270000000001,0.0004711216509565208
ON,0.5,0.6,5.0,10,84.83333333333333,0.10372440000000001,0.00042184930958815017
ON,0.5,0.6,5.0,10,85.0,0.1035844,0.00048416943315331216
ON,0.5,0.6,5.0,10,85.16666666666667,0.10349080000000002,0.000513560278837839
ON,0.5,0.6,5.0,10,85.33333333333333,0.10332709999999998,0.0005059969268681408
ON,0.5,0.6,5.0,10,85.5,0.10318580000000002,0.00037640611047112506
ON,0.5,0.6,5.0,10,85.66666666666667,0.1033823,0.0003604727590262547
ON,0.5,0.6,5.0,10,85.83333333333333,0.10337160000000001,0.00041937744336098965
ON,0.5,0.6,5.0,10,86.0,0.1035507,0.0003591083541217038
ON,0.5,0.6,5.0,10,86.16666666666667,0.103469,0.000356922680702697
ON,0.5,0.6,5.0,10,86.33333333333333,0.10344689999999998,0.0004830433624427524
ON,0.5,0.6,5.0,10,86.5,0.1033993,0.0005135367659671518
ON,0.5,0.6,5.0,10,86.66666666666667,0.10344420000000001,0.00042997576675901113
ON,0.5,0.6,5.0,10,86.83333333333333,0.10361150000000001,0.000314056125557201
ON,0.5,0.6,5.0,10,87.0,0.10366990000000001,0.00045226152832183336
ON,0.5,0.6,5.0,10,87.16666666666667,0.10359910000000001,0.0004254008580151197
ON,0.5,0.6,5.0,10,87.33333333333333,0.10367439999999999,0.0002671988772431484
ON,0.5,0.6,5.0,10,87.5,0.10346870000000001,0.00042018163929424747
ON,0.5,0.6,5.0,10,87.66666666666667,0.10340020000000001,0.00042863639602814906
ON,0.5,0.6,5.0,10,87.83333333333333,0.10339830000000001,0.0004476896357969446
ON,0.5,0.6,5.0,10,88.0,0.10348659999999998,0.0006301176398102199
ON,0.5,0.6,5.0,10,88.16666666666667,0.1033008,0.0007363680873041699
ON,0.5,0.6,5.0,10,88.33333333333333,0.1033525,0.0007377066151255527
ON,0.5,0.6,5.0,10,88.5,0.10346459999999999,0.0006799689992933505
ON,0.5,0.6,5.0,10,88.66666666666667,0.10353159999999999,0.0008341168023724277
ON,0.5,0.6,5.0,10,88.83333333333333,0.10350579999999998,0.0008164215577751469
ON,0.5,0.6,5.0,10,89.0,0.10354560000000002,0.0008684473731896468
ON,0.5,0.6,5.0,10,89.16666666666667,0.10344899999999999,0.0006255023581090664
ON,0.5,0.6,5.0,10,89.33333333333333,0.1033299,0.0004958196143760353
ON,0.5,0.6,5.0,10,89.5,0.10341629999999999,0.0004935858689225193
ON,0.5,0.6,5.0,10,89.66666666666667,0.1033395,0.0006203172172364684
ON,0.5,0.6,5.0,10,89.83333333333333,0.10344919999999999,0.0006209799996779278
ON,0.5,0.6,5.0,10,90.0,0.1033536,0.0006027399439227484
ON,0.5,0.6,5.0,10,90.16666666666667,0.10316129999999998,0.0005654824577296824
ON,0.5,0.6,5.0,10,90.33333333333333,0.10328549999999999,0.0006490380959543147
ON,0.5,0.6,5.0,10,90.5,0.10351099999999999,0.0006799283785811552
ON,0.5,0.6,5.0,10,90.66666666666667,0.1034278,0.000579611904639646
ON,0.5,0.6,5.0,10,90.83333333333333,0.10349839999999999,0.000519366383201688
ON,0.5,0.6,5.0,10,91.0,0.1034869,0.00040566105309728615
ON,0.5,0.6,5.0,10,91.16666666666667,0.10351720000000002,0.0006211611385139946
ON,0.5,0.6,5.0,10,91.33333333333333,0.1034116,0.0008290486354852757
ON,0.5,0.6,5.0,10,91.5,0.10340559999999999,0.0005994164161916174
ON,0.5,0.6,5.0,10,91.66666666666667,0.1034093,0.0005989818110760943
ON,0.5,0.6,5.0,10,91.83333333333333,0.10344389999999999,0.0005879762665278225
ON,0.5,0.6,5.0,10,92.0,0.1034969,0.0006663331674170218
ON,0.5,0.6,5.0,10,92.16666666666667,0.103409,0.0007961389325990755
ON,0.5,0.6,5.0,10,92.33333333333333,0.1033307,0.0008123669183318581
ON,0.5,0.6,5.0,10,92.5,0.1032862,0.000657106505826872
ON,0.5,0.6,5.0,10,92.66666666666667,0.1034643,0.0006740465933450011
ON,0.5,0.6,5.0,10,92.83333333333333,0.10347170000000001,0.0006017077446734425
ON,0.5,0.6,5.0,10,93.0,0.1035343,0.0006877634840553828
ON,0.5,0.6,5.0,10,93.16666666666667,0.1035144,0.0006323028072055373
ON,0.5,0.6,5.0,10,93.33333333333333,0.10342820000000001,0.00043768340155870715
ON,0.5,0.6,5.0,10,93.5,0.103474,0.0003806730880952847
ON,0.5,0.6,5.0,10,93.66666666666667,0.1034805,0.0005496008096791718
ON,0.5,0.6,5.0,10,93.83333333333333,0.1035133,0.00046506667263952685
ON,0.5,0.6,5.0,10,94.0,0.10346249999999999,0.000490018826168955
ON,0.5,0.6,5.0,10,94.16666666666667,0.1034907,0.0005368018349447039
ON,0.5,0.6,5.0,10,94.33333333333333,0.10357129999999999,0.0004964923060833858
ON,0.5,0.6,5.0,10,94.5,0.1034609,0.0003453839747295761
ON,0.5,0.6,5.0,10,94.66666666666667,0.1034437,0.0004726199424484732
ON,0.5,0.6,5.0,10,94.83333333333333,0.1035663,0.0006484830067164446
ON,0.5,0.6,5.0,10,95.0,0.10349620000000001,0.0006563951249057218
ON,0.5,0.6,5.0,10,95.16666666666667,0.10363560000000001,0.0005804970628694014
ON,0.5,0.6,5.0,10,95.33333333333333,0.1035469,0.00035018693579287017
ON,0.5,0.6,5.0,10,95.5,0.1036849,0.0005908416793016546
ON,0.5,0.6,5.0,10,95.66666666666667,0.1034351,0.0005412828188664404
ON,0.5,0.6,5.0,10,95.83333333333333,0.103555,0.00044168835166891304
ON,0.5,0.6,5.0,10,96.0,0.103552,0.0004955003531784804
ON,0.5,0.6,5.0,10,96.16666666666667,0.10345009999999999,0.0005802677743938573
ON,0.5,0.6,5.0,10,96.33333333333333,0.10344600000000001,0.00040860518841542105
ON,0.5,0.6,5.0,10,96.5,0.1033142,0.00048085149474655933
ON,0.5,0.6,5.0,10,96.66666666666667,0.10339860000000001,0.0005811225688269223
ON,0.5,0.6,5.0,10,96.83333333333333,0.10352589999999999,0.0006506054795342558
ON,0.5,0.6,5.0,10,97.0,0.1034554,0.0005312284254442716
ON,0.5,0.6,5.0,10,97.16666666666667,0.1035152,0.0005368878467613137
ON,0.5,0.6,5.0,10,97.33333333333333,0.10357330000000001,0.0005663613775673616
ON,0.5,0.6,5.0,10,97.5,0.10345680000000002,0.0004923628336907644
ON,0.5,0.6,5.0,10,97.66666666666667,0.1035126,0.0005273524817425249
ON,0.5,0.6,5.0,10,97.83333333333333,0.1034363,0.00037680022558379524
ON,0.5,0.6,5.0,10,98.0,0.10343039999999999,0.00042176799309573025
ON,0.5,0.6,5.0,10,98.16666666666667,0.1033871,0.0005053180087825883
ON,0.5,0.6,5.0,10,98.33333333333333,0.1035623,0.0005749165243754936
ON,0.5,0.6,5.0,10,98.5,0.10363559999999998,0.0005250324180467343
ON,0.5,0.6,5.0,10,98.66666666666667,0.1035379,0.0007674502524594011
ON,0.5,0.6,5.0,10,98.83333333333333,0.10349649999999999,0.0007922292913039782
ON,0.5,0.6,5.0,10,99.0,0.10344040000000002,0.0009793806410175758
ON,0.5,0.6,5.0,10,99.16666666666667,0.10346469999999999,0.000735946608117737
ON,0.5,0.6,5.0,10,99.33333333333333,0.1033336,0.0007932728660429533
ON,0.5,0.6,5.0,10,99.5,0.10345250000000002,0.0005488927490867429
ON,0.5,0.6,5.0,10,99.66666666666667,0.10358379999999998,0.0005315443161204922
ON,0.5,0.6,5.0,10,99.83333333333333,0.10360010000000001,0.0005127118976579345
ON,0.5,0.6,5.0,10,100.0,0.10358529999999999,0.0005760678866244843
ON,0.5,0.6,5.0,10,100.16666666666667,0.1036097,0.0005134931450370088
ON,0.5,0.6,5.0,10,100.33333333333333,0.10353549999999997,0.00043500028735622763
ON,0.5,0.6,5.0,10,100.5,0.1036501,0.0006904276138741838
ON,0.5,0.6,5.0,10,100.66666666666667,0.1035879,0.0006023516331844732
ON,0.5,0.6,5.0,10,100.83333333333333,0.1037712,0.0006606903662079546
ON,0.5,0.6,5.0,10,101.0,0.1035952,0.0006511354390601064
ON,0.5,0.6,5.0,10,101.16666666666667,0.1036132,0.0006692356535630778
ON,0.5,0.6,5.0,10,101.33333333333333,0.1036658,0.0006696011947420668
ON,0.5,0.6,5.0,10,101.5,0.10376880000000002,0.0005256856094663434
ON,0.5,0.6,5.0,10,101.66666666666667,0.103658,0.00046347534993783774
ON,0.5,0.6,5.0,10,101.83333333333333,0.10375749999999999,0.0005371761815270657
ON,0.5,0.6,5.0,10,102.0,0.10361139999999999,0.0005016303818550052
ON,0.5,0.6,5.0,10,102.16666666666667,0.10341979999999999,0.0005694820102514236
ON,0.5,0.6,5.0,10,102.33333333333333,0.10341360000000002,0.0007679131721750831
ON,0.5,0.6,5.0,10,102.5,0.1035393,0.0007939549168561148
ON,0.5,0.6,5.0,10,102.66666666666667,0.10337889999999998,0.0006010029034871625
ON,0.5,0.6,5.0,10,102.83333333333333,0.10344519999999999,0.00042507594615550775
ON,0.5,0.6,5.0,10,103.0,0.10355949999999998,0.0005438737445400346
ON,0.5,0.6,5.0,10,103.16666666666667,0.10351450000000002,0.00038357144054269605
ON,0.5,0.6,5.0,10,103.33333333333333,0.1035232,0.000382448637074313
ON,0.5,0.6,5.0,10,103.5,0.10349920000000001,0.00037551692371982486
ON,0.5,0.6,5.0,10,103.66666666666667,0.10365880000000001,0.0005018632881572424
ON,0.5,0.6,5.0,10,103.83333333333333,0.10347929999999998,0.0005537595236201365
ON,0.5,0.6,5.0,10,104.0,0.10354619999999999,0.0004970009657938274
ON,0.5,0.6,5.0,10,104.16666666666667,0.103656,0.00032943193530682226
ON,0.5,0.6,5.0,10,104.33333333333333,0.10368789999999999,0.0003061935498994071
ON,0.5,0.6,5.0,10,104.5,0.10359579999999999,0.00043568217773969146
ON,0.5,0.6,5.0,10,104.66666666666667,0.10339479999999998,0.0005473884909276041
ON,0.5,0.6,5.0,10,104.83333333333333,0.10336229999999999,0.0005986960915188944
ON,0.5,0.6,5.0,10,105.0,0.10326259999999998,0.0003838708637028872
ON,0.5,0.6,5.0,10,105.16666666666667,0.10326830000000001,0.0003899866792596885
ON,0.5,0.6,5.0,10,105.33333333333333,0.10327800000000001,0.0005307055680883705
ON,0.5,0.6,5.0,10,105.5,0.1034108,0.000510974128503586
ON,0.5,0.6,5.0,10,105.66666666666667,0.1034477,0.0005580682843523711
ON,0.5,0.6,5.0,10,105.83333333333333,0.10350640000000003,0.0005887782604682334
ON,0.5,0.6,5.0,10,106.0,0.1035161,0.0006671138508530611
ON,0.5,0.6,5.0,10,106.16666666666667,0.1034522,0.0006044926467708285
ON,0.5,0.6,5.0,10,106.33333333333333,0.1033617,0.0005915320870417786
ON,0.5,0.6,5.0,10,106.5,0.10345209999999998,0.0004833107592429527
ON,0.5,0.6,5.0,10,106.66666666666667,0.10340509999999999,0.0004778563487074354
ON,0.5,0.6,5.0,10,106.83333333333333,0.1033296,0.0005583839539241779
ON,0.5,0.6,5.0,10,107.0,0.10333300000000001,0.00048310247360161513
ON,0.5,0.6,5.0,10,107.16666666666667,0.1034632,0.00057890392985365
ON,0.5,0.6,5.0,10,107.33333333333333,0.10348929999999998,0.0005048011588734728
ON,0.5,0.6,5.0,10,107.5,0.1036387,0.0004808384448024077
ON,0.5,0.6,5.0,10,107.66666666666667,0.10348349999999999,0.00043521747437344466
ON,0.5,0.6,5.0,10,107.83333333333333,0.10334689999999999,0.0006587244416294293
ON,0.5,0.6,5.0,10,108.0,0.10335820000000003,0.0005955336766296272
ON,0.5,0.6,5.0,10,108.16666666666667,0.10329079999999999,0.0005487574691974584
ON,0.5,0.6,5.0,10,108.33333333333333,0.1033112,0.0005911855546273104
ON,0.5,0.6,5.0,10,108.5,0.10332940000000002,0.00047213646332389906
ON,0.5,0.6,5.0,10,108.66666666666667,0.1034228,0.0005810054732960773
ON,0.5,0.6,5.0,10,108.83333333333333,0.10342389999999999,0.0005013875646643002
ON,0.5,0.6,5.0,10,109.0,0.1034005,0.0003596226494535636
ON,0.5,0.6,5.0,10,109.16666666666667,0.10342550000000002,0.0004481230299817223
ON,0.5,0.6,5.0,10,109.33333333333333,0.1034843,0.0004891359831376125
ON,0.5,0.6,5.0,10,109.5,0.10336580000000002,0.00038988557295699004
ON,0.5,0.6,5.0,10,109.66666666666667,0.1033492,0.0004668185514736955
ON,0.5,0.6,5.0,10,109.83333333333333,0.1030729,0.00040459966633698494
ON,0.5,0.6,5.0,10,110.0,0.1032378,0.00043439263345503487
ON,0.5,0.6,5.0,10,110.16666666666667,0.1034044,0.0005047898968878028
ON,0.5,0.6,5.0,10,110.33333333333333,0.1034049,0.00044849402448639324
ON,0.5,0.6,5.0,10,110.5,0.10353319999999999,0.000484163567402589
ON,0.5,0.6,5.0,10,110.66666666666667,0.10328409999999999,0.0004370838477912447
ON,0.5,0.6,5.0,10,110.83333333333333,0.1033131,0.0005492313629063793
ON,0.5,0.6,5.0,10,111.0,0.10344149999999999,0.0005034173715715416
ON,0.5,0.6,5.0,10,111.16666666666667,0.10340780000000001,0.0004973211839445416
ON,0.5,0.6,5.0,10,111.33333333333333,0.103362,0.0004397485645229576
ON,0.5,0.6,5.0,10,111.5,0.10329580000000001,0.0005602431257945081
ON,0.5,0.6,5.0,10,111.66666666666667,0.10324130000000001,0.0004096425392949324
ON,0.5,0.6,5.0,10,111.83333333333333,0.103125,0.0004486934365466027
ON,0.5,0.6,5.0,10,112.0,0.1030883,0.00034864510608927367
ON,0.5,0.6,5.0,10,112.16666666666667,0.10318849999999999,0.0003488521893295216
ON,0.5,0.6,5.0,10,112.33333333333333,0.10302479999999999,0.0005222456893072446
ON,0.5,0.6,5.0,10,112.5,0.10297519999999998,0.0006348018273445677
ON,0.5,0.6,5.0,10,112.66666666666667,0.1029132,0.0005347933806621043
ON,0.5,0.6,5.0,10,112.83333333333333,0.1028716,0.00045374292280982317
ON,0.5,0.6,5.0,10,113.0,0.1029821,0.0004740235120750873
ON,0.5,0.6,5.0,10,113.16666666666667,0.1028533,0.0004591845054006073
ON,0.5,0.6,5.0,10,113.33333333333333,0.10304200000000001,0.00035033412622809145
ON,0.5,0.6,5.0,10,113.5,0.10307839999999999,0.0005028127285580609
ON,0.5,0.6,5.0,10,113.66666666666667,0.10311629999999998,0.0005191084761396213
ON,0.5,0.6,5.0,10,113.83333333333333,0.10328259999999997,0.0005993541857699833
ON,0.5,0.6,5.0,10,114.0,0.10321140000000002,0.0006042734811325085
ON,0.5,0.6,5.0,10,114.16666666666667,0.10319400000000001,0.0003798918267086036
ON,0.5,0.6,5.0,10,114.33333333333333,0.1033266,0.00029828047203932136
ON,0.5,0.6,5.0,10,114.5,0.10354970000000001,0.00036366029478071776
ON,0.5,0.6,5.0,10,114.66666666666667,0.10357639999999999,0.0004417017545810728
ON,0.5,0.6,5.0,10,114.83333333333333,0.1035809,0.0005906681724961975
ON,0.5,0.6,5.0,10,115.0,0.1037129,0.0005654301813663649
ON,0.5,0.6,5.0,10,115.16666666666667,0.1036873,0.0006143357469657777
ON,0.5,0.6,5.0,10,115.33333333333333,0.1035852,0.0004986160446676394
ON,0.5,0.6,5.0,10,115.5,0.10353300000000001,0.00045813884358347144
ON,0.5,0.6,5.0,10,115.66666666666667,0.1036708,0.0004217437136460981
ON,0.5,0.6,5.0,10,115.83333333333333,0.10358160000000001,0.0004469300168930263
ON,0.5,0.6,5.0,10,116.0,0.1033963,0.0005906423706440303
ON,0.5,0.6,5.0,10,116.16666666666667,0.1034303,0.0005196912641174571
ON,0.5,0.6,5.0,10,116.33333333333333,0.1033279,0.0006575172165046324
ON,0.5,0.6,5.0,10,116.5,0.103218,0.0007050209925952554
ON,0.5,0.6,5.0,10,116.66666666666667,0.1034377,0.0005866075434223488
ON,0.5,0.6,5.0,10,116.83333333333333,0.10347809999999999,0.0005968658894592653
ON,0.5,0.6,5.0,10,117.0,0.103237,0.0005891174755513534
ON,0.5,0.6,5.0,10,117.16666666666667,0.1035371,0.000490933080979478
ON,0.5,0.6,5.0,10,117.33333333333333,0.10348119999999998,0.0005525180178057547
ON,0.5,0.6,5.0,10,117.5,0.103428,0.0005678836148367008
ON,0.5,0.6,5.0,10,117.66666666666667,0.10355470000000003,0.0006453537092168916
ON,0.5,0.6,5.0,10,117.83333333333333,0.1034937,0.0006454040672323024
ON,0.5,0.6,5.0,10,118.0,0.1034304,0.00048596979329995285
ON,0.5,0.6,5.0,10,118.16666666666667,0.103477,0.00045226784099690104
ON,0.5,0.6,5.0,10,118.33333333333333,0.103488,0.0005169460319994708
ON,0.5,0.6,5.0,10,118.5,0.1035343,0.0005235864876025723
ON,0.5,0.6,5.0,10,118.66666666666667,0.10362800000000001,0.0004963647852134562
ON,0.5,0.6,5.0,10,118.83333333333333,0.10349380000000001,0.0006656506290840581
ON,0.5,0.6,5.0,10,119.0,0.1035266,0.0006152759055903292
ON,0.5,0.6,5.0,10,119.16666666666667,0.10344799999999998,0.0005842906810826282
ON,0.5,0.6,5.0,10,119.33333333333333,0.103357,0.0005503487984905582
ON,0.5,0.6,5.0,10,119.5,0.10335580000000003,0.0007527817479190098
ON,0.5,0.6,5.0,10,119.66666666666667,0.10329309999999998,0.0007902078777132014
ON,0.5,0.6,5.0,10,119.83333333333333,0.1033567,0.0007258652836442856
ON,0.5,0.6,5.0,10,120.0,0.10317499999999999,0.0006431107214158403
ON,0.5,0.6,5.0,10,120.16666666666667,0.10334159999999999,0.0004996389096137336
ON,0.5,0.6,5.0,10,120.33333333333333,0.1034502,0.0005309969491437794
ON,0.5,0.6,5.0,10,120.5,0.1034362,0.00068491251996149
ON,0.5,0.6,5.0,10,120.66666666666667,0.10334679999999999,0.0007254096497841733
ON,0.5,0.6,5.0,10,120.83333333333333,0.10338910000000001,0.000578973824969662
ON,0.5,0.6,5.0,10,121.0,0.10317000000000003,0.0005605097679791135
ON,0.5,0.6,5.0,10,121.16666666666667,0.10305120000000001,0.000641587063460601
ON,0.5,0.6,5.0,10,121.33333333333333,0.1031249,0.0006944108942117786
ON,0.5,0.6,5.0,10,121.5,0.1032756,0.0005300611662817795
ON,0.5,0.6,5.0,10,121.66666666666667,0.10319300000000001,0.0005734024764508792
ON,0.5,0.6,5.0,10,121.83333333333333,0.10323969999999998,0.0005981546706329388
ON,0.5,0.6,5.0,10,122.0,0.1034381,0.0006409615355074005
ON,0.5,0.6,5.0,10,122.16666666666667,0.10352159999999999,0.0007079875987614478
ON,0.5,0.6,5.0,10,122.33333333333333,0.10341609999999998,0.0006225499899606467
ON,0.5,0.6,5.0,10,122.5,0.103545,0.0006088564691288102
ON,0.5,0.6,5.0,10,122.66666666666667,0.1034754,0.0006207879186968796
ON,0.5,0.6,5.0,10,122.83333333333333,0.10355879999999999,0.0006131713952884645
ON,0.5,0.6,5.0,10,123.0,0.10364820000000001,0.0005729683760906883
ON,0.5,0.6,5.0,10,123.16666666666667,0.10350029999999999,0.00048627421276477376
ON,0.5,0.6,5.0,10,123.33333333333333,0.1034578,0.00048311009097305995
ON,0.5,0.6,5.0,10,123.5,0.1035023,0.0003903244932104554
ON,0.5,0.6,5.0,10,123.66666666666667,0.1033814,0.0004935016109396179
ON,0.5,0.6,5.0,10,123.83333333333333,0.10322790000000001,0.00036541440858291386
ON,0.5,0.6,5.0,10,124.0,0.10316860000000001,0.0003292094166332414
ON,0.5,0.6,5.0,10,124.16666666666667,0.1031907,0.00022916240965743082
ON,0.5,0.6,5.0,10,124.33333333333333,0.10320839999999998,0.00037311612133490295
ON,0.5,0.6,5.0,10,124.5,0.10324559999999998,0.0003121827029160955
ON,0.5,0.6,5.0,10,124.66666666666667,0.10336779999999998,0.0005524305929254826
ON,0.5,0.6,5.0,10,124.83333333333333,0.1033536,0.00039551187087115034
ON,0.5,0.6,5.0,10,125.0,0.10346849999999999,0.0004141179179895514
ON,0.5,0.6,5.0,10,125.16666666666667,0.10321050000000001,0.00044127049527472234
ON,0.5,0.6,5.0,10,125.33333333333333,0.10328659999999998,0.00032761568948998725
ON,0.5,0.6,5.0,10,125.5,0.1031903,0.00024081073481055677
ON,0.5,0.6,5.0,10,125.66666666666667,0.10336300000000001,0.0003467664920375104
ON,0.5,0.6,5.0,10,125.83333333333333,0.10333289999999999,0.0003450995363659586
ON,0.5,0.6,5.0,10,126.0,0.10333830000000002,0.0004524022656884045
ON,0.5,0.6,5.0,10,126.16666666666667,0.1032781,0.0003744498497796458
ON,0.5,0.6,5.0,10,126.33333333333333,0.1033139,0.00023344311941027375
ON,0.5,0.6,5.0,10,126.5,0.1031396,0.0003096175705608458
ON,0.5,0.6,5.0,10,126.66666666666667,0.1030662,0.00017932306042447484
ON,0.5,0.6,5.0,10,126.83333333333333,0.1031254,0.0001811122303987229
ON,0.5,0.6,5.0,10,127.0,0.1032469,0.00038397094942195525
ON,0.5,0.6,5.0,10,127.16666666666667,0.10322950000000002,0.000435311210514961
ON,0.5,0.6,5.0,10,127.33333333333333,0.1034284,0.000511408486437213
ON,0.5,0.6,5.0,10,127.5,0.1033849,0.0005205013832834625
ON,0.5,0.6,5.0,10,127.66666666666667,0.1032837,0.0005903859839122201
ON,0.5,0.6,5.0,10,127.83333333333333,0.10330029999999998,0.0005292606257790224
ON,0.5,0.6,5.0,10,128.0,0.10328090000000001,0.0005707613248985943
ON,0.5,0.6,5.0,10,128.16666666666666,0.10317509999999999,0.0004374458709371938
ON,0.5,0.6,5.0,10,128.33333333333334,0.10321090000000002,0.0004662373751641966
ON,0.5,0.6,5.0,10,128.5,0.103183,0.0004378675598854082
ON,0.5,0.6,5.0,10,128.66666666666666,0.1030406,0.0005239385841871166
ON,0.5,0.6,5.0,10,128.83333333333334,0.10298840000000001,0.0005627482918676858
ON,0.5,0.6,5.0,10,129.0,0.1030172,0.0006021957821174116
ON,0.5,0.6,5.0,10,129.16666666666666,0.10298320000000001,0.0006173024866303392
ON,0.5,0.6,5.0,10,129.33333333333334,0.1032634,0.0004986401909192638
ON,0.5,0.6,5.0,10,129.5,0.1031976,0.0006010358059217431
ON,0.5,0.6,5.0,10,129.66666666666666,0.10319229999999999,0.0006153940282453196
ON,0.5,0.6,5.0,10,129.83333333333334,0.10316050000000002,0.0006672580085694009
ON,0.5,0.6,5.0,10,130.0,0.10309130000000002,0.0004446167000912132
ON,0.5,0.6,5.0,10,130.16666666666666,0.10300580000000001,0.00046336568711979415
ON,0.5,0.6,5.0,10,130.33333333333334,0.10315819999999998,0.0005040815013467566
ON,0.5,0.6,5.0,10,130.5,0.10325119999999999,0.0004886450245321228
ON,0.5,0.6,5.0,10,130.66666666666666,0.10319189999999998,0.0005092583725379506
ON,0.5,0.6,5.0,10,130.83333333333334,0.10328060000000001,0.00043415209316551495
ON,0.5,0.6,5.0,10,131.0,0.1032066,0.00042034205119164753
ON,0.5,0.6,5.0,10,131.16666666666666,0.10313570000000001,0.0004697171595758454
ON,0.5,0.6,5.0,10,131.33333333333334,0.1031244,0.00038115618845822337
ON,0.5,0.6,5.0,10,131.5,0.10322970000000001,0.000429665928367607
ON,0.5,0.6,5.0,10,131.66666666666666,0.1032509,0.00048159452862340244
ON,0.5,0.6,5.0,10,131.83333333333334,0.103156,0.0004937655314012927
ON,0.5,0.6,5.0,10,132.0,0.10347430000000002,0.00043658700163884797
ON,0.5,0.6,5.0,10,132.16666666666666,0.10349689999999998,0.0003946951861880257
ON,0.5,0.6,5.0,10,132.33333333333334,0.10334560000000001,0.00039571560494880566
ON,0.5,0.6,5.0,10,132.5,0.1033814,0.0005442442833875231
ON,0.5,0.6,5.0,10,132.66666666666666,0.1031639,0.00045542583369852956
ON,0.5,0.6,5.0,10,132.83333333333334,0.10317919999999998,0.00042289308341470844
ON,0.5,0.6,5.0,10,133.0,0.10322020000000001,0.00034558321718509467
ON,0.5,0.6,5.0,10,133.16666666666666,0.1033015,0.00041394232690074084
ON,0.5,0.6,5.0,10,133.33333333333334,0.103378,0.0006477413063870466
ON,0.5,0.6,5.0,10,133.5,0.10347500000000001,0.0005765171289736339
ON,0.5,0.6,5.0,10,133.66666666666666,0.1036502,0.0005557587246278747
ON,0.5,0.6,5.0,10,133.83333333333334,0.10358780000000004,0.00045196433487610646
ON,0.5,0.6,5.0,10,134.0,0.1036487,0.00036323464867768257
ON,0.5,0.6,5.0,10,134.16666666666666,0.1035836,0.0004436900269332164
ON,0.5,0.6,5.0,10,134.33333333333334,0.10350399999999997,0.00046075112588033824
ON,0.5,0.6,5.0,10,134.5,0.10328390000000001,0.0005263136802326136
ON,0.5,0.6,5.0,10,134.66666666666666,0.10328829999999997,0.0006751316982633823
ON,0.5,0.6,5.0,10,134.83333333333334,0.1033662,0.0005273436829999968
ON,0.5,0.6,5.0,10,135.0,0.1032222,0.0005305613630863075
ON,0.5,0.6,5.0,10,135.16666666666666,0.10332839999999999,0.0006288597935947218
ON,0.5,0.6,5.0,10,135.33333333333334,0.1033588,0.00072211782972033
ON,0.5,0.6,5.0,10,135.5,0.1033304,0.0006700440582528885
ON,0.5,0.6,5.0,10,135.66666666666666,0.1033257,0.0007393719023603757
ON,0.5,0.6,5.0,10,135.83333333333334,0.1033876,0.0005926986080631531
ON,0.5,0.6,5.0,10,136.0,0.1032298,0.0005372457165953031
ON,0.5,0.6,5.0,10,136.16666666666666,0.1032144,0.0006337083240734662
ON,0.5,0.6,5.0,10,136.33333333333334,0.10316050000000002,0.000553396105877157
ON,0.5,0.6,5.0,10,136.5,0.10327540000000002,0.0006717002605329264
ON,0.5,0.6,5.0,10,136.66666666666666,0.10310709999999998,0.000519790813693355
ON,0.5,0.6,5.0,10,136.83333333333334,0.1030964,0.0006416539877535266
ON,0.5,0.6,5.0,10,137.0,0.1032951,0.0005638709870174183
ON,0.5,0.6,5.0,10,137.16666666666666,0.1033416,0.000573724707503522
ON,0.5,0.6,5.0,10,137.33333333333334,0.10329930000000001,0.0006632934569253655
ON,0.5,0.6,5.0,10,137.5,0.10346360000000002,0.0007069800845851313
ON,0.5,0.6,5.0,10,137.66666666666666,0.10349879999999997,0.0006431985385555549
ON,0.5,0.6,5.0,10,137.83333333333334,0.1033857,0.0006047356529922817
ON,0.5,0.6,5.0,10,138.0,0.10310079999999999,0.0006010746709020436
ON,0.5,0.6,5.0,10,138.16666666666666,0.1031308,0.0006271414194581637
ON,0.5,0.6,5.0,10,138.33333333333334,0.1032545,0.000622871615985187
ON,0.5,0.6,5.0,10,138.5,0.10328330000000001,0.0004998695929940126
ON,0.5,0.6,5.0,10,138.66666666666666,0.10329709999999999,0.0006057901369286219
ON,0.5,0.6,5.0,10,138.83333333333334,0.10333459999999998,0.0005781576255658975
ON,0.5,0.6,5.0,10,139.0,0.10356570000000001,0.0005917959192154
ON,0.5,0.6,5.0,10,139.16666666666666,0.1036811,0.0005213911103960246
ON,0.5,0.6,5.0,10,139.33333333333334,0.10369190000000002,0.0005282182219499815
ON,0.5,0.6,5.0,10,139.5,0.10369409999999998,0.0006214374385245886
ON,0.5,0.6,5.0,10,139.66666666666666,0.10355809999999999,0.0006994428425539851
ON,0.5,0.6,5.0,10,139.83333333333334,0.10347999999999999,0.0005828078585606052
ON,0.5,0.6,5.0,10,140.0,0.10340210000000001,0.0006697731630932958
ON,0.5,0.6,5.0,10,140.16666666666666,0.1033933,0.0007769781271052596
ON,0.5,0.6,5.0,10,140.33333333333334,0.10339639999999999,0.0006496830304079072
ON,0.5,0.6,5.0,10,140.5,0.10336500000000001,0.000644917979281085
ON,0.5,0.6,5.0,10,140.66666666666666,0.10343340000000001,0.00083563331671254
ON,0.5,0.6,5.0,10,140.83333333333334,0.10330500000000001,0.0007085020818600321
ON,0.5,0.6,5.0,10,141.0,0.1034265,0.000764986176345689
ON,0.5,0.6,5.0,10,141.16666666666666,0.10338909999999998,0.0006689404233562195
ON,0.5,0.6,5.0,10,141.33333333333334,0.10325390000000001,0.0006658593620277496
ON,0.5,0.6,5.0,10,141.5,0.10353730000000001,0.000643812868774771
ON,0.5,0.6,5.0,10,141.66666666666666,0.1035668,0.0004364350581701715
ON,0.5,0.6,5.0,10,141.83333333333334,0.1034919,0.0004264951230670757
ON,0.5,0.6,5.0,10,142.0,0.1033941,0.0005000910817041198
ON,0.5,0.6,5.0,10,142.16666666666666,0.1033142,0.00034443890604866396
ON,0.5,0.6,5.0,10,142.33333333333334,0.1031095,0.00043198223343096
ON,0.5,0.6,5.0,10,142.5,0.1032492,0.00035119419129592776
ON,0.5,0.6,5.0,10,142.66666666666666,0.1033703,0.0002193454125346594
ON,0.5,0.6,5.0,10,142.83333333333334,0.10327979999999999,0.00047622112510891106
ON,0.5,0.6,5.0,10,143.0,0.1033769,0.0004266287496172769
ON,0.5,0.6,5.0,10,143.16666666666666,0.10346650000000002,0.0005601182464444446
ON,0.5,0.6,5.0,10,143.33333333333334,0.1033002,0.000350144770059472
ON,0.5,0.6,5.0,10,143.5,0.10343139999999999,0.00044364291947466053
ON,0.5,0.6,5.0,10,143.66666666666666,0.1033662,0.0004413950158304916
ON,0.5,0.6,5.0,10,143.83333333333334,0.10346380000000002,0.0002883843962491726
ON,0.5,0.6,5.0,10,144.0,0.1035048,0.00032779774251815683
ON,0.5,0.6,5.0,10,144.16666666666666,0.1035478,0.0003189779929713021
ON,0.5,0.6,5.0,10,144.33333333333334,0.1037121,0.00043044173821784297
ON,0.5,0.6,5.0,10,144.5,0.1036567,0.0004073443383674313
ON,0.5,0.6,5.0,10,144.66666666666666,0.1037093,0.0004664594408949202
ON,0.5,0.6,5.0,10,144.83333333333334,0.1034657,0.00044141183717703197
ON,0.5,0.6,5.0,10,145.0,0.103542,0.00042007904018172385
ON,0.5,0.6,5.0,10,145.16666666666666,0.10340260000000001,0.0003668049072736082
ON,0.5,0.6,5.0,10,145.33333333333334,0.103416,0.0003015198169275109
ON,0.5,0.6,5.0,10,145.5,0.1034041,0.0004047079070144282
ON,0.5,0.6,5.0,10,145.66666666666666,0.10349570000000001,0.0002941486188986769
ON,0.5,0.6,5.0,10,145.83333333333334,0.1034595,0.00021377289351084727
ON,0.5,0.6,5.0,10,146.0,0.103388,0.00032139197251954046
ON,0.5,0.6,5.0,10,146.16666666666666,0.10341770000000002,0.0004094318136149174
ON,0.5,0.6,5.0,10,146.33333333333334,0.1035057,0.00033784021371056406
ON,0.5,0.6,5.0,10,146.5,0.1035521,0.00036739310009851914
ON,0.5,0.6,5.0,10,146.66666666666666,0.10353970000000001,0.0004255829061416836
ON,0.5,0.6,5.0,10,146.83333333333334,0.1035153,0.00041491494309074916
ON,0.5,0.6,5.0,10,147.0,0.10324,0.0004215903224695751
ON,0.5,0.6,5.0,10,147.16666666666666,0.10314140000000001,0.0005049075558951346
ON,0.5,0.6,5.0,10,147.33333333333334,0.1031855,0.0004471888303614036
ON,0.5,0.6,5.0,10,147.5,0.10331240000000001,0.00042117008440771466
ON,0.5,0.6,5.0,10,147.66666666666666,0.10334970000000002,0.0003239639023101168
ON,0.5,0.6,5.0,10,147.83333333333334,0.10336609999999999,0.0003738343082168904
ON,0.5,0.6,5.0,10,148.0,0.1034281,0.00041227695788146983
ON,0.5,0.6,5.0,10,148.16666666666666,0.10342150000000001,0.00039693204708111024
ON,0.5,0.6,5.0,10,148.33333333333334,0.10357000000000001,0.00034082136083291324
ON,0.5,0.6,5.0,10,148.5,0.10352360000000001,0.0004747022645827581
ON,0.5,0.6,5.0,10,148.66666666666666,0.10349219999999999,0.0004916187140457526
ON,0.5,0.6,5.0,10,148.83333333333334,0.10347740000000001,0.0004560649515145864
ON,0.5,0.6,5.0,10,149.0,0.10342120000000002,0.00043911041891533535
ON,0.5,0.6,5.0,10,149.16666666666666,0.1034555,0.000445012415557137
ON,0.5,0.6,5.0,10,149.33333333333334,0.10349,0.0005159474779471275
ON,0.5,0.6,5.0,10,149.5,0.10358400000000001,0.0004457817851819421
ON,0.5,0.6,5.0,10,149.66666666666666,0.1036001,0.00032609828273083287
ON,0.5,0.6,5.0,10,149.83333333333334,0.1036116,0.0004247609209896807
ON,0.5,0.6,5.0,10,150.0,0.10378970000000001,0.00033050478060082423
ON,0.5,0.6,5.0,10,150.16666666666666,0.1037941,0.00033182810308953896
ON,0.5,0.6,5.0,10,150.33333333333334,0.1037312,0.0003596595056438797
ON,0.5,0.6,5.0,10,150.5,0.1036721,0.0005047950970443368
ON,0.5,0.6,5.0,10,150.66666666666666,0.1036911,0.0005390627885506472
ON,0.5,0.6,5.0,10,150.83333333333334,0.1036629,0.0005627998667377248
ON,0.5,0.6,5.0,10,151.0,0.1035952,0.0005254569059399638
ON,0.5,0.6,5.0,10,151.16666666666666,0.10365740000000001,0.0005887240779856012
ON,0.5,0.6,5.0,10,151.33333333333334,0.10341890000000001,0.0005169337385003996
ON,0.5,0.6,5.0,10,151.5,0.1034406,0.0005588152109597587
ON,0.5,0.6,5.0,10,151.66666666666666,0.10325690000000001,0.0004559946161962902
ON,0.5,0.6,5.0,10,151.83333333333334,0.10320750000000001,0.0005395341045754204
ON,0.5,0.6,5.0,10,152.0,0.1033243,0.00043318149775815613
ON,0.5,0.6,5.0,10,152.16666666666666,0.10333099999999999,0.00044602152414429454
ON,0.5,0.6,5.0,10,152.33333333333334,0.1030792,0.0005172652704367441
ON,0.5,0.6,5.0,10,152.5,0.10327990000000001,0.0006205396764107854
ON,0.5,0.6,5.0,10,152.66666666666666,0.103297,0.0007347066081096576
ON,0.5,0.6,5.0,10,152.83333333333334,0.10333150000000002,0.0007515741147751178
ON,0.5,0.6,5.0,10,153.0,0.1032774,0.0007937079059704514
ON,0.5,0.6,5.0,10,153.16666666666666,0.1035035,0.000670833548654209
ON,0.5,0.6,5.0,10,153.33333333333334,0.1034843,0.0006963907021205865
ON,0.5,0.6,5.0,10,153.5,0.10348500000000001,0.0006560010670723027
ON,0.5,0.6,5.0,10,153.66666666666666,0.1034341,0.000643189000216889
ON,0.5,0.6,5.0,10,153.83333333333334,0.1033115,0.0005260036596830841
ON,0.5,0.6,5.0,10,154.0,0.1034127,0.0005262269567401506
ON,0.5,0.6,5.0,10,154.16666666666666,0.10342599999999999,0.00044447317129383586
ON,0.5,0.6,5.0,10,154.33333333333334,0.1033998,0.00047771954115359474
ON,0.5,0.6,5.0,10,154.5,0.1032738,0.0004957628061886035
ON,0.5,0.6,5.0,10,154.66666666666666,0.10342670000000001,0.0005192336757183606
ON,0.5,0.6,5.0,10,154.83333333333334,0.10351099999999999,0.000441526443149218
ON,0.5,0.6,5.0,10,155.0,0.10340550000000001,0.0004157208799182453
ON,0.5,0.6,5.0,10,155.16666666666666,0.1033125,0.0004354503990123316
ON,0.5,0.6,5.0,10,155.33333333333334,0.10341769999999999,0.0005071400299719998
ON,0.5,0.6,5.0,10,155.5,0.10331380000000001,0.00042865972519003776
ON,0.5,0.6,5.0,10,155.66666666666666,0.1034751,0.00042596348435047825
ON,0.5,0.6,5.0,10,155.83333333333334,0.10364639999999999,0.0006224350889851894
ON,0.5,0.6,5.0,10,156.0,0.1036177,0.0004978266867093401
ON,0.5,0.6,5.0,10,156.16666666666666,0.1035366,0.0005472935592531673
ON,0.5,0.6,5.0,10,156.33333333333334,0.10350859999999999,0.0005764129075584625
ON,0.5,0.6,5.0,10,156.5,0.10354479999999999,0.0003948381440539915
ON,0.5,0.6,5.0,10,156.66666666666666,0.10365479999999998,0.000379590252772645
ON,0.5,0.6,5.0,10,156.83333333333334,0.10364599999999999,0.00036754373889375306
ON,0.5,0.6,5.0,10,157.0,0.10352140000000001,0.0004340737725318131
ON,0.5,0.6,5.0,10,157.16666666666666,0.10360079999999998,0.0006361917635430397
ON,0.5,0.6,5.0,10,157.33333333333334,0.1037056,0.0005557289267259725
ON,0.5,0.6,5.0,10,157.5,0.1036619,0.0005656202701459698
ON,0.5,0.6,5.0,10,157.66666666666666,0.1036572,0.0005345493054901485
ON,0.5,0.6,5.0,10,157.83333333333334,0.1037131,0.0005752701017782861
ON,0.5,0.6,5.0,10,158.0,0.10380769999999999,0.0005849641100101792
ON,0.5,0.6,5.0,10,158.16666666666666,0.103577,0.0004653792002227863
ON,0.5,0.6,5.0,10,158.33333333333334,0.10355929999999999,0.0005753119240898793
ON,0.5,0.6,5.0,10,158.5,0.10358940000000001,0.0005745360214990888
ON,0.5,0.6,5.0,10,158.66666666666666,0.10351949999999999,0.000572154218720792
ON,0.5,0.6,5.0,10,158.83333333333334,0.1036698,0.0005280535578897287
ON,0.5,0.6,5.0,10,159.0,0.1036222,0.00046904622373493204
ON,0.5,0.6,5.0,10,159.16666666666666,0.1036697,0.0006151245483639866
ON,0.5,0.6,5.0,10,159.33333333333334,0.1037752,0.0006232052310435131
ON,0.5,0.6,5.0,10,159.5,0.1036492,0.0005805255894445985
ON,0.5,0.6,5.0,10,159.66666666666666,0.10357750000000002,0.000521574778914778
ON,0.5,0.6,5.0,10,159.83333333333334,0.10349609999999998,0.0004543017609474995
ON,0.5,0.6,5.0,10,160.0,0.10357729999999998,0.0004374679531119962
ON,0.5,0.6,5.0,10,160.16666666666666,0.10358210000000001,0.0005552045478920334
ON,0.5,0.6,5.0,10,160.33333333333334,0.1035035,0.0004849474713822091
ON,0.5,0.6,5.0,10,160.5,0.10346600000000002,0.0006075200408217003
ON,0.5,0.6,5.0,10,160.66666666666666,0.1033941,0.0006003814537441989
ON,0.5,0.6,5.0,10,160.83333333333334,0.1035194,0.0007033714807980219
ON,0.5,0.6,5.0,10,161.0,0.10348950000000001,0.0008752652455113252
ON,0.5,0.6,5.0,10,161.16666666666666,0.10338069999999999,0.0007645948011855676
ON,0.5,0.6,5.0,10,161.33333333333334,0.10340830000000001,0.0008973951247917495
ON,0.5,0.6,5.0,10,161.5,0.10335390000000003,0.0009112653236023
ON,0.5,0.6,5.0,10,161.66666666666666,0.1033781,0.0008899326322817914
ON,0.5,0.6,5.0,10,161.83333333333334,0.10326189999999999,0.0008526657551467631
ON,0.5,0.6,5.0,10,162.0,0.10323010000000002,0.000815712872277983
ON,0.5,0.6,5.0,10,162.16666666666666,0.1034029,0.00075438391419754
ON,0.5,0.6,5.0,10,162.33333333333334,0.10344959999999999,0.0006261706157270565
ON,0.5,0.6,5.0,10,162.5,0.10345909999999998,0.0005718598517119385
ON,0.5,0.6,5.0,10,162.66666666666666,0.1033963,0.0007456720525807578
ON,0.5,0.6,5.0,10,162.83333333333334,0.10327170000000001,0.0007568182146328136
ON,0.5,0.6,5.0,10,163.0,0.10327820000000001,0.0005706403070236085
ON,0.5,0.6,5.0,10,163.16666666666666,0.10320099999999999,0.00048092785321709206
ON,0.5,0.6,5.0,10,163.33333333333334,0.10326170000000001,0.0006574925170676858
ON,0.5,0.6,5.0,10,163.5,0.1031609,0.0006036522923007898
ON,0.5,0.6,5.0,10,163.66666666666666,0.10311189999999999,0.0005537502054175675
ON,0.5,0.6,5.0,10,163.83333333333334,0.10303700000000002,0.0006726908651081871
ON,0.5,0.6,5.0,10,164.0,0.10316480000000001,0.0006502573029193915
ON,0.5,0.6,5.0,10,164.16666666666666,0.10327140000000001,0.0006340765253500581
ON,0.5,0.6,5.0,10,164.33333333333334,0.10332680000000001,0.0006118308262910618
ON,0.5,0.6,5.0,10,164.5,0.10329329999999999,0.0006305502438347016
ON,0.5,0.6,5.0,10,164.66666666666666,0.1032293,0.0006802883285784028
ON,0.5,0.6,5.0,10,164.83333333333334,0.1032006,0.0007364770464854954
ON,0.5,0.6,5.0,10,165.0,0.103216,0.000749987599897492
ON,0.5,0.6,5.0,10,165.16666666666666,0.10322819999999999,0.0006232867397915662
ON,0.5,0.6,5.0,10,165.33333333333334,0.10334429999999999,0.0006489110956055522
ON,0.5,0.6,5.0,10,165.5,0.10351979999999998,0.0007422396917438459
ON,0.5,0.6,5.0,10,165.66666666666666,0.1034481,0.0006902122064988417
ON,0.5,0.6,5.0,10,165.83333333333334,0.10339910000000001,0.0005695184720445854
ON,0.5,0.6,5.0,10,166.0,0.1035866,0.00048426257340414
ON,0.5,0.6,5.0,10,166.16666666666666,0.10371330000000001,0.0005083286436942156
ON,0.5,0.6,5.0,10,166.33333333333334,0.10377019999999999,0.0007088872688940017
ON,0.5,0.6,5.0,10,166.5,0.10377830000000002,0.0007867759592158372
ON,0.5,0.6,5.0,10,166.66666666666666,0.10371509999999999,0.0007843614536678862
ON,0.5,0.6,5.0,10,166.83333333333334,0.10353090000000001,0.000602127303815397
ON,0.5,0.6,5.0,10,167.0,0.10344309999999998,0.000555943063631519
ON,0.5,0.6,5.0,10,167.16666666666666,0.10334170000000001,0.00044686151098522457
ON,0.5,0.6,5.0,10,167.33333333333334,0.10337290000000002,0.0004736299082617131
ON,0.5,0.6,5.0,10,167.5,0.10332039999999998,0.0005749958608546655
ON,0.5,0.6,5.0,10,167.66666666666666,0.1032724,0.0004384883578842182
ON,0.5,0.6,5.0,10,167.83333333333334,0.1031984,0.00040796279242107434
ON,0.5,0.6,5.0,10,168.0,0.1031327,0.00046515439372320195
ON,0.5,0.6,5.0,10,168.16666666666666,0.1032816,0.00030494038761698833
ON,0.5,0.6,5.0,10,168.33333333333334,0.103352,0.0002946421558433223
ON,0.5,0.6,5.0,10,168.5,0.1031709,0.0004125928865116319
ON,0.5,0.6,5.0,10,168.66666666666666,0.1032408,0.0003310105134281988
ON,0.5,0.6,5.0,10,168.83333333333334,0.10330759999999999,0.0004782920028601771
ON,0.5,0.6,5.0,10,169.0,0.1033707,0.0005595971854825568
ON,0.5,0.6,5.0,10,169.16666666666666,0.1034297,0.00042405496106047403
ON,0.5,0.6,5.0,10,169.33333333333334,0.10333479999999999,0.0005556424749782911
ON,0.5,0.6,5.0,10,169.5,0.10326110000000002,0.0006590962676271197
ON,0.5,0.6,5.0,10,169.66666666666666,0.10331130000000002,0.0006244085281288198
ON,0.5,0.6,5.0,10,169.83333333333334,0.10341739999999999,0.0006596144631525301
ON,0.5,0.6,5.0,10,170.0,0.10337429999999999,0.0005498128863531655
ON,0.5,0.6,5.0,10,170.16666666666666,0.10341010000000002,0.0006166297835816867
ON,0.5,0.6,5.0,10,170.33333333333334,0.1033477,0.0005407459754820168
ON,0.5,0.6,5.0,10,170.5,0.10332140000000001,0.0006689568296982991
ON,0.5,0.6,5.0,10,170.66666666666666,0.1032362,0.0006929703889777662
ON,0.5,0.6,5.0,10,170.83333333333334,0.103214,0.000667249878231536
ON,0.5,0.6,5.0,10,171.0,0.10306960000000001,0.0006044794785598609
ON,0.5,0.6,5.0,10,171.16666666666666,0.1030267,0.0006184530782525054
ON,0.5,0.6,5.0,10,171.33333333333334,0.1030332,0.0006248186616931332
ON,0.5,0.6,5.0,10,171.5,0.10298579999999999,0.00042846628805543103
ON,0.5,0.6,5.0,10,171.66666666666666,0.103237,0.0004319300869353755
ON,0.5,0.6,5.0,10,171.83333333333334,0.10308380000000002,0.0006830371585792403
ON,0.5,0.6,5.0,10,172.0,0.10293959999999999,0.0006022222513325121
ON,0.5,0.6,5.0,10,172.16666666666666,0.10296439999999998,0.0006404116176335339
ON,0.5,0.6,5.0,10,172.33333333333334,0.10295449999999999,0.0005668675771289109
ON,0.5,0.6,5.0,10,172.5,0.10307619999999999,0.0005441890847857959
ON,0.5,0.6,5.0,10,172.66666666666666,0.10316399999999999,0.0006352915865962649
ON,0.5,0.6,5.0,10,172.83333333333334,0.10341,0.0005698229549605743
ON,0.5,0.6,5.0,10,173.0,0.10339740000000001,0.0005688112516467993
ON,0.5,0.6,5.0,10,173.16666666666666,0.10331080000000001,0.0006618325770162729
ON,0.5,0.6,5.0,10,173.33333333333334,0.1033512,0.0005656434919629149
ON,0.5,0.6,5.0,10,173.5,0.1034424,0.00044123309032755026
ON,0.5,0.6,5.0,10,173.66666666666666,0.10344590000000001,0.0004273851775623462
ON,0.5,0.6,5.0,10,173.83333333333334,0.10344459999999997,0.00038884320747571347
ON,0.5,0.6,5.0,10,174.0,0.10344660000000001,0.00022213473388914384
ON,0.5,0.6,5.0,10,174.16666666666666,0.10362370000000001,0.00028185671891938277
ON,0.5,0.6,5.0,10,174.33333333333334,0.10355610000000001,0.0003943862193332807
ON,0.5,0.6,5.0,10,174.5,0.10355990000000001,0.0005327521844159803
ON,0.5,0.6,5.0,10,174.66666666666666,0.10358780000000001,0.0005299424119656766
ON,0.5,0.6,5.0,10,174.83333333333334,0.103419,0.0006000666629633755
ON,0.5,0.6,5.0,10,175.0,0.1035791,0.0005819993900340436
ON,0.5,0.6,5.0,10,175.16666666666666,0.10352039999999998,0.0006174658209164287
ON,0.5,0.6,5.0,10,175.33333333333334,0.1033865,0.0006020653203764532
ON,0.5,0.6,5.0,10,175.5,0.10334879999999999,0.000593535137965732
ON,0.5,0.6,5.0,10,175.66666666666666,0.10341790000000002,0.0006268287565196715
ON,0.5,0.6,5.0,10,175.83333333333334,0.1035542,0.0006710133828769739
ON,0.5,0.6,5.0,10,176.0,0.1035231,0.0007377608623395535
ON,0.5,0.6,5.0,10,176.16666666666666,0.10348770000000003,0.0007207887415879916
ON,0.5,0.6,5.0,10,176.33333333333334,0.1034211,0.000682835038644036
ON,0.5,0.6,5.0,10,176.5,0.1035142,0.0006189135319250982
ON,0.5,0.6,5.0,10,176.66666666666666,0.1035833,0.0005406227982614138
ON,0.5,0.6,5.0,10,176.83333333333334,0.1035251,0.0004061582080913809
ON,0.5,0.6,5.0,10,177.0,0.10358550000000002,0.000395758322717288
ON,0.5,0.6,5.0,10,177.16666666666666,0.10356190000000001,0.00039031281044823806
ON,0.5,0.6,5.0,10,177.33333333333334,0.10352030000000001,0.0002968181429764714
ON,0.5,0.6,5.0,10,177.5,0.10349959999999998,0.00039530676695447627
ON,0.5,0.6,5.0,10,177.66666666666666,0.1034368,0.00044174105537067695
ON,0.5,0.6,5.0,10,177.83333333333334,0.103362,0.000281171477927615
ON,0.5,0.6,5.0,10,178.0,0.103362,0.0005473773835298646
ON,0.5,0.6,5.0,10,178.16666666666666,0.10334429999999999,0.0005211520027784606
ON,0.5,0.6,5.0,10,178.33333333333334,0.1033974,0.0003646012067999774
ON,0.5,0.6,5.0,10,178.5,0.1033134,0.0004690333037216015
ON,0.5,0.6,5.0,10,178.66666666666666,0.10326949999999999,0.00042572767117019834
ON,0.5,0.6,5.0,10,178.83333333333334,0.1032721,0.0004493990320416822
ON,0.5,0.6,5.0,10,179.0,0.10326660000000001,0.00038796963798730366
ON,0.5,0.6,5.0,10,179.16666666666666,0.1031403,0.0005328525218106795
ON,0.5,0.6,5.0,10,179.33333333333334,0.1033139,0.0004748750256646468
ON,0.5,0.6,5.0,10,179.5,0.1032985,0.0003472619328403255
ON,0.5,0.6,5.0,10,179.66666666666666,0.10339049999999998,0.0004447022037273937
ON,0.5,0.6,5.0,10,179.83333333333334,0.10348240000000002,0.00042924473205853056
ON,0.5,0.6,5.0,10,180.0,0.1033624,0.0005480379913838091
ON,0.5,0.6,5.0,10,180.16666666666666,0.1034306,0.0003949937214690866
ON,0.5,0.6,5.0,10,180.33333333333334,0.10345439999999999,0.000378980263338346
ON,0.5,0.6,5.0,10,180.5,0.1035417,0.0004529119230049012
ON,0.5,0.6,5.0,10,180.66666666666666,0.1034768,0.0003468794603316826
ON,0.5,0.6,5.0,10,180.83333333333334,0.1034726,0.0004994371231696748
ON,0.5,0.6,5.0,10,181.0,0.1035409,0.0005173061859286052
ON,0.5,0.6,5.0,10,181.16666666666666,0.1034128,0.000543796984176999
ON,0.5,0.6,5.0,10,181.33333333333334,0.10338189999999998,0.00039726601918613804
ON,0.5,0.6,5.0,10,181.5,0.10328860000000002,0.00041093337659528267
ON,0.5,0.6,5.0,10,181.66666666666666,0.1034958,0.00041252898080013924
ON,0.5,0.6,5.0,10,181.83333333333334,0.10357439999999998,0.0003198803526320388
ON,0.5,0.6,5.0,10,182.0,0.10355010000000002,0.0004337742385158436
ON,0.5,0.6,5.0,10,182.16666666666666,0.1035836,0.0002806193863581061
ON,0.5,0.6,5.0,10,182.33333333333334,0.103737,0.0005664235164609595
ON,0.5,0.6,5.0,10,182.5,0.1036824,0.0007318307454596311
ON,0.5,0.6,5.0,10,182.66666666666666,0.1035779,0.0006627031688471101
ON,0.5,0.6,5.0,10,182.83333333333334,0.10359099999999999,0.0005868931759698707
ON,0.5,0.6,5.0,10,183.0,0.10354729999999998,0.0006561060966032866
ON,0.5,0.6,5.0,10,183.16666666666666,0.10362659999999999,0.0007497397148344197
ON,0.5,0.6,5.0,10,183.33333333333334,0.10339229999999999,0.000749442732968972
ON,0.5,0.6,5.0,10,183.5,0.10344070000000001,0.000715936317000333
ON,0.5,0.6,5.0,10,183.66666666666666,0.10328810000000002,0.00077412989220156
ON,0.5,0.6,5.0,10,183.83333333333334,0.1032857,0.0007437967531523653
ON,0.5,0.6,5.0,10,184.0,0.10323289999999999,0.0007298895053362553
ON,0.5,0.6,5.0,10,184.16666666666666,0.10328,0.0006231011153897883
ON,0.5,0.6,5.0,10,184.33333333333334,0.10335810000000001,0.0008080014170779659
ON,0.5,0.6,5.0,10,184.5,0.10344199999999999,0.000809803062478773
ON,0.5,0.6,5.0,10,184.66666666666666,0.10345819999999999,0.0007772882090962154
ON,0.5,0.6,5.0,10,184.83333333333334,0.10334130000000001,0.00048432593364386363
ON,0.5,0.6,5.0,10,185.0,0.1033466,0.0005834648575535646
ON,0.5,0.6,5.0,10,185.16666666666666,0.10341130000000001,0.0005788535306966705
ON,0.5,0.6,5.0,10,185.33333333333334,0.1035452,0.0004614912350196906
ON,0.5,0.6,5.0,10,185.5,0.1035034,0.0004901243107620753
ON,0.5,0.6,5.0,10,185.66666666666666,0.1033936,0.00038908358999063553
ON,0.5,0.6,5.0,10,185.83333333333334,0.1034977,0.0004922347102754961
ON,0.5,0.6,5.0,10,186.0,0.10344909999999999,0.00019916548395743772
ON,0.5,0.6,5.0,10,186.16666666666666,0.1035018,0.00020004489496110617
ON,0.5,0.6,5.0,10,186.33333333333334,0.10346340000000001,0.00024022081508478745
ON,0.5,0.6,5.0,10,186.5,0.1034823,0.0003276293790245322
ON,0.5,0.6,5.0,10,186.66666666666666,0.1035592,0.00035653072798848544
ON,0.5,0.6,5.0,10,186.83333333333334,0.1038294,0.00047836392004414405
ON,0.5,0.6,5.0,10,187.0,0.10365869999999999,0.00047409578146193103
ON,0.5,0.6,5.0,10,187.16666666666666,0.1034805,0.0006447164105248126
ON,0.5,0.6,5.0,10,187.33333333333334,0.10327090000000001,0.00053020834584152
ON,0.5,0.6,5.0,10,187.5,0.1032586,0.0004176477463126073
ON,0.5,0.6,5.0,10,187.66666666666666,0.10333750000000001,0.00045658454857780737
ON,0.5,0.6,5.0,10,187.83333333333334,0.10329429999999999,0.0002587640044519316
ON,0.5,0.6,5.0,10,188.0,0.1031957,0.00036591475783302285
ON,0.5,0.6,5.0,10,188.16666666666666,0.10319180000000001,0.00031665621737145814
ON,0.5,0.6,5.0,10,188.33333333333334,0.1031353,0.0005653968606209253
ON,0.5,0.6,5.0,10,188.5,0.1033126,0.0005068222962735555
ON,0.5,0.6,5.0,10,188.66666666666666,0.1034057,0.000630048736210143
ON,0.5,0.6,5.0,10,188.83333333333334,0.10345440000000002,0.0006197135144564791
ON,0.5,0.6,5.0,10,189.0,0.10350219999999999,0.0006111583755459781
ON,0.5,0.6,5.0,10,189.16666666666666,0.1034406,0.0006119925162941125
ON,0.5,0.6,5.0,10,189.33333333333334,0.10355,0.0005435304959245626
ON,0.5,0.6,5.0,10,189.5,0.1036505,0.0006916113431689803
ON,0.5,0.6,5.0,10,189.66666666666666,0.10357989999999999,0.0004960962507417299
ON,0.5,0.6,5.0,10,189.83333333333334,0.1034472,0.0007074036754216098
ON,0.5,0.6,5.0,10,190.0,0.1035542,0.0007524749563938983
ON,0.5,0.6,5.0,10,190.16666666666666,0.1035038,0.0005237447469903632
ON,0.5,0.6,5.0,10,190.33333333333334,0.1032874,0.0005935715963554878
ON,0.5,0.6,5.0,10,190.5,0.10326870000000002,0.00048070033284781396
ON,0.5,0.6,5.0,10,190.66666666666666,0.1032419,0.0006582035323515057
ON,0.5,0.6,5.0,10,190.83333333333334,0.10309059999999999,0.0005607659404778441
ON,0.5,0.6,5.0,10,191.0,0.10316859999999999,0.0005570178094100759
ON,0.5,0.6,5.0,10,191.16666666666666,0.1031102,0.0005137284886007407
ON,0.5,0.6,5.0,10,191.33333333333334,0.1032857,0.0004478397146301343
ON,0.5,0.6,5.0,10,191.5,0.10317849999999999,0.0005890626876657524
ON,0.5,0.6,5.0,10,191.66666666666666,0.1030189,0.0006502860063079952
ON,0.5,0.6,5.0,10,191.83333333333334,0.1031538,0.0005796389910970447
ON,0.5,0.6,5.0,10,191.99833333333333,0.10302600000000002,0.0004967456089388216
ON,0.5,0.6,5.0,10,192.0,0.10302629999999999,0.00048584834053437
ON,0.3,0.4,1.0,10,0.0,0.09957505,0.0003250554268121059
ON,0.3,0.4,1.0,10,0.16666666666666666,0.10914030000000001,0.0005070045463306999
ON,0.3,0.4,1.0,10,0.3333333333333333,0.1137729,0.000649449220493796
ON,0.3,0.4,1.0,10,0.5,0.1167961,0.0007257602152226304
ON,0.3,0.4,1.0,10,0.6666666666666666,0.1189206,0.0007612715941107991
ON,0.3,0.4,1.0,10,0.8333333333333334,0.1205513,0.0007634419493321021
ON,0.3,0.4,1.0,10,1.0,0.12193499999999999,0.0008458657103819729
ON,0.3,0.4,1.0,10,1.1666666666666667,0.1231355,0.000978754744560658
ON,0.3,0.4,1.0,10,1.3333333333333333,0.1241978,0.0010565508790399065
ON,0.3,0.4,1.0,10,1.5,0.12516299999999997,0.0011062309885372032
ON,0.3,0.4,1.0,10,1.6666666666666667,0.12600419999999998,0.0011310822074455955
ON,0.3,0.4,1.0,10,1.8333333333333333,0.12678,0.0011380110720023752
ON,0.3,0.4,1.0,10,2.0,0.12753730000000002,0.0011400426351676535
ON,0.3,0.4,1.0,10,2.1666666666666665,0.1281992,0.001185607928448523
ON,0.3,0.4,1.0,10,2.3333333333333335,0.128791,0.0012081867405330962
ON,0.3,0.4,1.0,10,2.5,0.1293871,0.0011967677677812035
ON,0.3,0.4,1.0,10,2.6666666666666665,0.12993620000000003,0.0012028776163849771
ON,0.3,0.4,1.0,10,2.8333333333333335,0.13047559999999997,0.0012151579485811725
ON,0.3,0.4,1.0,10,3.0,0.1309774,0.0012226801871298998
ON,0.3,0.4,1.0,10,3.1666666666666665,0.13143540000000004,0.0012490591018842969
ON,0.3,0.4,1.0,10,3.3333333333333335,0.1319167,0.0012777442662755348
ON,0.3,0.4,1.0,10,3.5,0.1323371,0.0012897190740622552
ON,0.3,0.4,1.0,10,3.6666666666666665,0.13272250000000002,0.0013086834032721623
ON,0.3,0.4,1.0,10,3.8333333333333335,0.1331004,0.0013291543326491462
ON,0.3,0.4,1.0,10,4.0,0.13343860000000002,0.001347496137285741
ON,0.3,0.4,1.0,10,4.166666666666667,0.13375929999999997,0.0013539173571529412
ON,0.3,0.4,1.0,10,4.333333333333333,0.13407670000000002,0.0013583553327461855
ON,0.3,0.4,1.0,10,4.5,0.1343788,0.0013545881883436017
ON,0.3,0.4,1.0,10,4.666666666666667,0.13466680000000003,0.001350513591194106
ON,0.3,0.4,1.0,10,4.833333333333333,0.1349139,0.0013470169598041432
ON,0.3,0.4,1.0,10,5.0,0.13513939999999997,0.001366347627801943
ON,0.3,0.4,1.0,10,5.166666666666667,0.1353684,0.0013896192428143747
ON,0.3,0.4,1.0,10,5.333333333333333,0.1356115,0.001427835442199133
ON,0.3,0.4,1.0,10,5.5,0.1358179,0.001424719161799971
ON,0.3,0.4,1.0,10,5.666666666666667,0.1360424,0.0014245522243849136
ON,0.3,0.4,1.0,10,5.833333333333333,0.13622189999999998,0.0014525417343401903
ON,0.3,0.4,1.0,10,6.0,0.1364099,0.0014587550479775553
ON,0.3,0.4,1.0,10,6.166666666666667,0.13655250000000002,0.001488843393376212
ON,0.3,0.4,1.0,10,6.333333333333333,0.13671139999999998,0.001507363274065013
ON,0.3,0.4,1.0,10,6.5,0.1368869,0.001525977617791301
ON,0.3,0.4,1.0,10,6.666666666666667,0.1370647,0.0015211555508888649
ON,0.3,0.4,1.0,10,6.833333333333333,0.13721679999999997,0.0015336726378207303
ON,0.3,0.4,1.0,10,7.0,0.1373654,0.0015334932148529364
ON,0.3,0.4,1.0,10,7.166666666666667,0.137516,0.001539552857163402
ON,0.3,0.4,1.0,10,7.333333333333333,0.13763960000000003,0.001547444357642628
ON,0.3,0.4,1.0,10,7.5,0.1377525,0.0015336177000804321
ON,0.3,0.4,1.0,10,7.666666666666667,0.13787160000000004,0.0015353294890674105
ON,0.3,0.4,1.0,10,7.833333333333333,0.1379534,0.0015321032080117855
ON,0.3,0.4,1.0,10,8.0,0.13806449999999998,0.0015475772840152478
ON,0.3,0.4,1.0,10,8.166666666666666,0.1381204,0.0015649923450292015
ON,0.3,0.4,1.0,10,8.333333333333334,0.1382091,0.0015762163208138664
ON,0.3,0.4,1.0,10,8.5,0.13830040000000002,0.0015859433911713215
ON,0.3,0.4,1.0,10,8.666666666666666,0.13839210000000002,0.0016165346547476172
ON,0.3,0.4,1.0,10,8.833333333333334,0.1384837,0.0016385688908312657
ON,0.3,0.4,1.0,10,9.0,0.1385547,0.0016314112939415388
ON,0.3,0.4,1.0,10,9.166666666666666,0.13861009999999999,0.001609046888689074
ON,0.3,0.4,1.0,10,9.333333333333334,0.1386757,0.0016121219587860015
ON,0.3,0.4,1.0,10,9.5,0.1387303,0.0016174208512319853
ON,0.3,0.4,1.0,10,9.666666666666666,0.13878469999999998,0.0016111932255319314
ON,0.3,0.4,1.0,10,9.833333333333334,0.1388344,0.0016149814983460375
ON,0.3,0.4,1.0,10,10.0,0.1388588,0.0016368017473108924
ON,0.3,0.4,1.0,10,10.166666666666666,0.1389582,0.0016450095318872786
ON,0.3,0.4,1.0,10,10.333333333333334,0.13901270000000002,0.0016615258679900224
ON,0.3,0.4,1.0,10,10.5,0.13905239999999996,0.0016635630556128605
ON,0.3,0.4,1.0,10,10.666666666666666,0.1391001,0.0016466768019256246
ON,0.3,0.4,1.0,10,10.833333333333334,0.1391381,0.001643686128797102
ON,0.3,0.4,1.0,10,11.0,0.1391622,0.0016443979323752462
ON,0.3,0.4,1.0,10,11.166666666666666,0.13921310000000003,0.0016475489340229022
ON,0.3,0.4,1.0,10,11.333333333333334,0.1392835,0.0016291561159078665
ON,0.3,0.4,1.0,10,11.5,0.1393174,0.0016431704841555594
ON,0.3,0.4,1.0,10,11.666666666666666,0.13935150000000002,0.001655833581613801
ON,0.3,0.4,1.0,10,11.833333333333334,0.1394015,0.0016514082626655345
ON,0.3,0.4,1.0,10,12.0,0.1394355,0.001662147000117622
ON,0.3,0.4,1.0,10,12.166666666666666,0.13946039999999998,0.0016658494049583234
ON,0.3,0.4,1.0,10,12.333333333333334,0.13946219999999998,0.0016738971772483518
ON,0.3,0.4,1.0,10,12.5,0.1394936,0.0016782354542792838
ON,0.3,0.4,1.0,10,12.666666666666666,0.13952179999999997,0.0016772021225839161
ON,0.3,0.4,1.0,10,12.833333333333334,0.13953310000000002,0.0016338282314857992
ON,0.3,0.4,1.0,10,13.0,0.13953800000000002,0.001627447141998779
ON,0.3,0.4,1.0,10,13.166666666666666,0.13951809999999998,0.0016247992768339105
ON,0.3,0.4,1.0,10,13.333333333333334,0.1395498,0.0016064820447175842
ON,0.3,0.4,1.0,10,13.5,0.1395992,0.0016124721889074552
ON,0.3,0.4,1.0,10,13.666666666666666,0.1396335,0.0015957718665272945
ON,0.3,0.4,1.0,10,13.833333333333334,0.13964500000000002,0.0016074644008499883
ON,0.3,0.4,1.0,10,14.0,0.13963240000000002,0.0016127748881973527
ON,0.3,0.4,1.0,10,14.166666666666666,0.1396483,0.0016328297553633714
ON,0.3,0.4,1.0,10,14.333333333333334,0.13964839999999998,0.0016534415139338962
ON,0.3,0.4,1.0,10,14.5,0.1396926,0.001649166468249946
ON,0.3,0.4,1.0,10,14.666666666666666,0.13972409999999996,0.0016573467018098456
ON,0.3,0.4,1.0,10,14.833333333333334,0.13974230000000004,0.0016639514446040754
ON,0.3,0.4,1.0,10,15.0,0.13974669999999997,0.001665992259885984
ON,0.3,0.4,1.0,10,15.166666666666666,0.13978459999999998,0.001685221777689812
ON,0.3,0.4,1.0,10,15.333333333333334,0.1397899,0.0017002388332231415
ON,0.3,0.4,1.0,10,15.5,0.139824,0.0016739637988917183
ON,0.3,0.4,1.0,10,15.666666666666666,0.1398318,0.0016595226301560338
ON,0.3,0.4,1.0,10,15.833333333333334,0.1398099,0.001678027440180882
ON,0.3,0.4,1.0,10,16.0,0.13979070000000002,0.0016686733083500788
ON,0.3,0.4,1.0,10,16.166666666666668,0.13978990000000002,0.001667356917399516
ON,0.3,0.4,1.0,10,16.333333333333332,0.1397911,0.0016580273489903597
ON,0.3,0.4,1.0,10,16.5,0.13979609999999998,0.0016823376266374133
ON,0.3,0.4,1.0,10,16.666666666666668,0.13981399999999997,0.0016828273232866182
ON,0.3,0.4,1.0,10,16.833333333333332,0.13980359999999997,0.0016942205995678363
ON,0.3,0.4,1.0,10,17.0,0.1397964,0.001673416756220638
ON,0.3,0.4,1.0,10,17.166666666666668,0.1398163,0.001678219654872389
ON,0.3,0.4,1.0,10,17.333333333333332,0.13981470000000001,0.001672462379248038
ON,0.3,0.4,1.0,10,17.5,0.1397943,0.0016593901319460716
ON,0.3,0.4,1.0,10,17.666666666666668,0.13977240000000002,0.0016590015189866443
ON,0.3,0.4,1.0,10,17.833333333333332,0.1397899,0.001679731791090473
ON,0.3,0.4,1.0,10,18.0,0.1398247,0.0016957128913822632
ON,0.3,0.4,1.0,10,18.166666666666668,0.1398377,0.0017543673532074207
ON,0.3,0.4,1.0,10,18.333333333333332,0.13982609999999998,0.0017472303482941247
ON,0.3,0.4,1.0,10,18.5,0.13983110000000004,0.0017409131196013206
ON,0.3,0.4,1.0,10,18.666666666666668,0.1398231,0.001767921743177562
ON,0.3,0.4,1.0,10,18.833333333333332,0.1398029,0.001764180288405923
ON,0.3,0.4,1.0,10,19.0,0.13982239999999999,0.0017996386970722774
ON,0.3,0.4,1.0,10,19.166666666666668,0.1398339,0.001809232735167036
ON,0.3,0.4,1.0,10,19.333333333333332,0.1397957,0.0018216694019497584
ON,0.3,0.4,1.0,10,19.5,0.1398101,0.0018272128201170185
ON,0.3,0.4,1.0,10,19.666666666666668,0.13979550000000002,0.0018328355218076699
ON,0.3,0.4,1.0,10,19.833333333333332,0.1398274,0.0018207030070827013
ON,0.3,0.4,1.0,10,20.0,0.1398124,0.0018118129704801226
ON,0.3,0.4,1.0,10,20.166666666666668,0.1398108,0.0018270462391521466
ON,0.3,0.4,1.0,10,20.333333333333332,0.1398139,0.001828999641880773
ON,0.3,0.4,1.0,10,20.5,0.13980969999999998,0.0018541488640343856
ON,0.3,0.4,1.0,10,20.666666666666668,0.13980900000000002,0.0018696650502162163
ON,0.3,0.4,1.0,10,20.833333333333332,0.13976,0.0018371912257574025
ON,0.3,0.4,1.0,10,21.0,0.13977050000000002,0.001845080770589726
ON,0.3,0.4,1.0,10,21.166666666666668,0.13977559999999997,0.001857359803592189
ON,0.3,0.4,1.0,10,21.333333333333332,0.13978030000000002,0.0018468224088958817
ON,0.3,0.4,1.0,10,21.5,0.13973590000000002,0.0018359340647201932
ON,0.3,0.4,1.0,10,21.666666666666668,0.13975089999999998,0.001837999208378504
ON,0.3,0.4,1.0,10,21.833333333333332,0.1397486,0.001820138577141861
ON,0.3,0.4,1.0,10,22.0,0.13979139999999998,0.0018194988980485827
ON,0.3,0.4,1.0,10,22.166666666666668,0.13977240000000002,0.0018142134494044512
ON,0.3,0.4,1.0,10,22.333333333333332,0.13977840000000002,0.0017961062997495479
ON,0.3,0.4,1.0,10,22.5,0.13977679999999998,0.0018003404011464035
ON,0.3,0.4,1.0,10,22.666666666666668,0.13975079999999998,0.0018086758029011137
ON,0.3,0.4,1.0,10,22.833333333333332,0.13975089999999998,0.0017952865203081099
ON,0.3,0.4,1.0,10,23.0,0.1397437,0.00179125364200607
ON,0.3,0.4,1.0,10,23.166666666666668,0.1397299,0.001772620176461953
ON,0.3,0.4,1.0,10,23.333333333333332,0.13975559999999998,0.0017812129125963552
ON,0.3,0.4,1.0,10,23.5,0.1397222,0.0018067110338955692
ON,0.3,0.4,1.0,10,23.666666666666668,0.1397233,0.0018422356011107805
ON,0.3,0.4,1.0,10,23.833333333333332,0.1397261,0.0018184611323863971
ON,0.3,0.4,1.0,10,24.0,0.13973779999999997,0.00180180602729595
ON,0.3,0.4,1.0,10,24.166666666666668,0.1397563,0.0018351215245863178
ON,0.3,0.4,1.0,10,24.333333333333332,0.13978639999999998,0.0018352731785758784
ON,0.3,0.4,1.0,10,24.5,0.1398013,0.001866985915854751
ON,0.3,0.4,1.0,10,24.666666666666668,0.1397849,0.0018729872637046944
ON,0.3,0.4,1.0,10,24.833333333333332,0.1397882,0.0018444323137485946
ON,0.3,0.4,1.0,10,25.0,0.13982959999999997,0.001869365785500526
ON,0.3,0.4,1.0,10,25.166666666666668,0.13983830000000003,0.0018642003138075068
ON,0.3,0.4,1.0,10,25.333333333333332,0.13983650000000003,0.0018864198498743608
ON,0.3,0.4,1.0,10,25.5,0.13983199999999998,0.0018973468317627117
ON,0.3,0.4,1.0,10,25.666666666666668,0.1398365,0.001910924972362858
ON,0.3,0.4,1.0,10,25.833333333333332,0.1398242,0.001931227630291158
ON,0.3,0.4,1.0,10,26.0,0.1398182,0.001915503213257552
ON,0.3,0.4,1.0,10,26.166666666666668,0.13981490000000002,0.0019519091397910903
ON,0.3,0.4,1.0,10,26.333333333333332,0.1398134,0.0019589907197329975
ON,0.3,0.4,1.0,10,26.5,0.13983569999999998,0.0019677046043550363
ON,0.3,0.4,1.0,10,26.666666666666668,0.13979380000000002,0.0019638693337388833
ON,0.3,0.4,1.0,10,26.833333333333332,0.1398129,0.0019643934152811654
ON,0.3,0.4,1.0,10,27.0,0.1398004,0.0019768144171874126
ON,0.3,0.4,1.0,10,27.166666666666668,0.139816,0.0019742017120851665
ON,0.3,0.4,1.0,10,27.333333333333332,0.13984120000000003,0.001988436662305337
ON,0.3,0.4,1.0,10,27.5,0.1397998,0.0020097207169156635
ON,0.3,0.4,1.0,10,27.666666666666668,0.13978680000000002,0.001992749547735491
ON,0.3,0.4,1.0,10,27.833333333333332,0.1397772,0.001966642153519551
ON,0.3,0.4,1.0,10,28.0,0.1397734,0.001971029233674626
ON,0.3,0.4,1.0,10,28.166666666666668,0.13979019999999998,0.0019774964374177787
ON,0.3,0.4,1.0,10,28.333333333333332,0.1397878,0.001997432141525716
ON,0.3,0.4,1.0,10,28.5,0.1397544,0.0019890110708590874
ON,0.3,0.4,1.0,10,28.666666666666668,0.1397997,0.0019945932943835963
ON,0.3,0.4,1.0,10,28.833333333333332,0.13982060000000002,0.0019949026642921705
ON,0.3,0.4,1.0,10,29.0,0.1398368,0.001978337271549013
ON,0.3,0.4,1.0,10,29.166666666666668,0.1398342,0.001975034976905473
ON,0.3,0.4,1.0,10,29.333333333333332,0.13982010000000003,0.0019846916863835527
ON,0.3,0.4,1.0,10,29.5,0.139812,0.0019877590900307784
ON,0.3,0.4,1.0,10,29.666666666666668,0.13981720000000003,0.0020409693677270087
ON,0.3,0.4,1.0,10,29.833333333333332,0.13978420000000003,0.002050848692614841
ON,0.3,0.4,1.0,10,30.0,0.13976309999999997,0.0020426775785718164
ON,0.3,0.4,1.0,10,30.166666666666668,0.13973200000000002,0.0020608207588240154
ON,0.3,0.4,1.0,10,30.333333333333332,0.1397325,0.0020713994906825673
ON,0.3,0.4,1.0,10,30.5,0.1397259,0.002106468440304766
ON,0.3,0.4,1.0,10,30.666666666666668,0.13970159999999998,0.0021342490576312795
ON,0.3,0.4,1.0,10,30.833333333333332,0.13969749999999997,0.0021465729081491746
ON,0.3,0.4,1.0,10,31.0,0.1396888,0.002146304256157547
ON,0.3,0.4,1.0,10,31.166666666666668,0.1396572,0.0021638831206883553
ON,0.3,0.4,1.0,10,31.333333333333332,0.13965909999999998,0.002171664037092293
ON,0.3,0.4,1.0,10,31.5,0.13966079999999997,0.002160868612387157
ON,0.3,0.4,1.0,10,31.666666666666668,0.13965650000000002,0.002142997771814055
ON,0.3,0.4,1.0,10,31.833333333333332,0.13964879999999996,0.002138839909857676
ON,0.3,0.4,1.0,10,32.0,0.1396729,0.0021297819348468513
ON,0.3,0.4,1.0,10,32.166666666666664,0.13964959999999998,0.002128763171421377
ON,0.3,0.4,1.0,10,32.333333333333336,0.13965090000000002,0.0021590503676385125
ON,0.3,0.4,1.0,10,32.5,0.13964419999999997,0.0021794818099722703
ON,0.3,0.4,1.0,10,32.666666666666664,0.13963609999999999,0.0021725562570391577
ON,0.3,0.4,1.0,10,32.833333333333336,0.13965149999999998,0.0021958181277145885
ON,0.3,0.4,1.0,10,33.0,0.13965339999999998,0.002226589688290147
ON,0.3,0.4,1.0,10,33.166666666666664,0.139645,0.002210449230360203
ON,0.3,0.4,1.0,10,33.333333333333336,0.139641,0.0022110571227356374
ON,0.3,0.4,1.0,10,33.5,0.139624,0.0022239498645428143
ON,0.3,0.4,1.0,10,33.666666666666664,0.139609,0.002221091443412452
ON,0.3,0.4,1.0,10,33.833333333333336,0.13960679999999998,0.002233054759740567
ON,0.3,0.4,1.0,10,34.0,0.1396046,0.002238735723572571
ON,0.3,0.4,1.0,10,34.166666666666664,0.1395943,0.002251231531850953
ON,0.3,0.4,1.0,10,34.333333333333336,0.1395906,0.0022460878077225784
ON,0.3,0.4,1.0,10,34.5,0.1395808,0.0022468095068340814
ON,0.3,0.4,1.0,10,34.666666666666664,0.1395709,0.002262853130452791
ON,0.3,0.4,1.0,10,34.833333333333336,0.1395734,0.0022684648641757726
ON,0.3,0.4,1.0,10,35.0,0.13955689999999998,0.0022778892181139943
ON,0.3,0.4,1.0,10,35.166666666666664,0.13953260000000003,0.002304140716189011
ON,0.3,0.4,1.0,10,35.333333333333336,0.1395058,0.0023052018046149474
ON,0.3,0.4,1.0,10,35.5,0.13947949999999998,0.002312971043917323
ON,0.3,0.4,1.0,10,35.666666666666664,0.139506,0.0023158672241732673
ON,0.3,0.4,1.0,10,35.833333333333336,0.13949479999999997,0.002297675512338499
ON,0.3,0.4,1.0,10,36.0,0.13948950000000002,0.002293587026907852
ON,0.3,0.4,1.0,10,36.166666666666664,0.1394917,0.002290099694336469
ON,0.3,0.4,1.0,10,36.333333333333336,0.13950089999999998,0.00230631010273987
ON,0.3,0.4,1.0,10,36.5,0.13949479999999997,0.0022831574978524768
ON,0.3,0.4,1.0,10,36.666666666666664,0.1395002,0.0022976878726232624
ON,0.3,0.4,1.0,10,36.833333333333336,0.139514,0.002279606237927941
ON,0.3,0.4,1.0,10,37.0,0.13952199999999998,0.0022937356430068378
ON,0.3,0.4,1.0,10,37.166666666666664,0.13953120000000002,0.0023264620263395625
ON,0.3,0.4,1.0,10,37.333333333333336,0.1395112,0.002330784709062591
ON,0.3,0.4,1.0,10,37.5,0.1395062,0.002319830502429003
ON,0.3,0.4,1.0,10,37.666666666666664,0.1394964,0.00231985741803241
ON,0.3,0.4,1.0,10,37.833333333333336,0.1395055,0.0023230016896248658
ON,0.3,0.4,1.0,10,38.0,0.1394967,0.002327294525838967
ON,0.3,0.4,1.0,10,38.166666666666664,0.1395123,0.002315018015048699
ON,0.3,0.4,1.0,10,38.333333333333336,0.13950600000000002,0.0023040403208277427
ON,0.3,0.4,1.0,10,38.5,0.1394883,0.002314333988429498
ON,0.3,0.4,1.0,10,38.666666666666664,0.1394888,0.002331153482720515
ON,0.3,0.4,1.0,10,38.833333333333336,0.1394634,0.002353665192842856
ON,0.3,0.4,1.0,10,39.0,0.1394628,0.0023678192836447624
ON,0.3,0.4,1.0,10,39.166666666666664,0.1394299,0.0023765340498297103
ON,0.3,0.4,1.0,10,39.333333333333336,0.1393961,0.0023833241260894414
ON,0.3,0.4,1.0,10,39.5,0.1394041,0.0023929441468617694
ON,0.3,0.4,1.0,10,39.666666666666664,0.13942090000000001,0.0023809023688509344
ON,0.3,0.4,1.0,10,39.833333333333336,0.1394211,0.002389873530126646
ON,0.3,0.4,1.0,10,40.0,0.13939909999999997,0.0023844257358953316
ON,0.3,0.4,1.0,10,40.166666666666664,0.13940579999999997,0.002394351678429885
ON,0.3,0.4,1.0,10,40.333333333333336,0.13941679999999998,0.002405613135980094
ON,0.3,0.4,1.0,10,40.5,0.13942490000000002,0.0023881963675543953
ON,0.3,0.4,1.0,10,40.666666666666664,0.1394184,0.002371626117245294
ON,0.3,0.4,1.0,10,40.833333333333336,0.13942100000000002,0.002379413835380468
ON,0.3,0.4,1.0,10,41.0,0.139413,0.002393215953481842
ON,0.3,0.4,1.0,10,41.166666666666664,0.13940599999999997,0.002399145431190029
ON,0.3,0.4,1.0,10,41.333333333333336,0.1394238,0.0023879826130020275
ON,0.3,0.4,1.0,10,41.5,0.13945429999999998,0.002387540661433852
ON,0.3,0.4,1.0,10,41.666666666666664,0.13942910000000003,0.0023904412333291135
ON,0.3,0.4,1.0,10,41.833333333333336,0.1394023,0.002403272770619271
ON,0.3,0.4,1.0,10,42.0,0.1394098,0.0023848230458463795
ON,0.3,0.4,1.0,10,42.166666666666664,0.13937560000000002,0.0023719037164269593
ON,0.3,0.4,1.0,10,42.333333333333336,0.1394031,0.0024053046979540843
ON,0.3,0.4,1.0,10,42.5,0.13937149999999998,0.0024171325677339256
ON,0.3,0.4,1.0,10,42.666666666666664,0.1393411,0.002422623967932292
ON,0.3,0.4,1.0,10,42.833333333333336,0.13936,0.0024402355214200107
ON,0.3,0.4,1.0,10,43.0,0.13934560000000001,0.0024290640255044686
ON,0.3,0.4,1.0,10,43.166666666666664,0.13935560000000002,0.0024205378823724272
ON,0.3,0.4,1.0,10,43.333333333333336,0.13934549999999998,0.0024219848987968493
ON,0.3,0.4,1.0,10,43.5,0.1393366,0.0024278387178723413
ON,0.3,0.4,1.0,10,43.666666666666664,0.1393315,0.0024405284366300663
ON,0.3,0.4,1.0,10,43.833333333333336,0.13931329999999997,0.002456536669785328
ON,0.3,0.4,1.0,10,44.0,0.1392938,0.002455369495615676
ON,0.3,0.4,1.0,10,44.166666666666664,0.1392766,0.0024822656263985914
ON,0.3,0.4,1.0,10,44.333333333333336,0.1392624,0.0024897027613753407
ON,0.3,0.4,1.0,10,44.5,0.13926489999999997,0.0025019300329945306
ON,0.3,0.4,1.0,10,44.666666666666664,0.13930159999999997,0.0024884635500645766
ON,0.3,0.4,1.0,10,44.833333333333336,0.1392949,0.0024767678716423954
ON,0.3,0.4,1.0,10,45.0,0.13928159999999998,0.002517824783419211
ON,0.3,0.4,1.0,10,45.166666666666664,0.139269,0.0025260214567576424
ON,0.3,0.4,1.0,10,45.333333333333336,0.1392548,0.002519761607771656
ON,0.3,0.4,1.0,10,45.5,0.1392261,0.002544983043165518
ON,0.3,0.4,1.0,10,45.666666666666664,0.1392242,0.0025631319825557184
ON,0.3,0.4,1.0,10,45.833333333333336,0.1392193,0.0025494111496579
ON,0.3,0.4,1.0,10,46.0,0.13920649999999998,0.002558314298517679
ON,0.3,0.4,1.0,10,46.166666666666664,0.13920629999999998,0.0025585994625966784
ON,0.3,0.4,1.0,10,46.333333333333336,0.1391778,0.0025922138337722035
ON,0.3,0.4,1.0,10,46.5,0.139147,0.0026039018798718195
ON,0.3,0.4,1.0,10,46.666666666666664,0.13913049999999996,0.0025958637965039695
ON,0.3,0.4,1.0,10,46.833333333333336,0.1391314,0.0025966873589248255
ON,0.3,0.4,1.0,10,47.0,0.1391185,0.002617117507870059
ON,0.3,0.4,1.0,10,47.166666666666664,0.1391094,0.002607675869428558
ON,0.3,0.4,1.0,10,47.333333333333336,0.13910229999999998,0.002600086769705963
ON,0.3,0.4,1.0,10,47.5,0.13908890000000002,0.0025857209613568155
ON,0.3,0.4,1.0,10,47.666666666666664,0.1390961,0.002568643862040822
ON,0.3,0.4,1.0,10,47.833333333333336,0.1390969,0.002565441032259367
ON,0.3,0.4,1.0,10,48.0,0.1391056,0.002571342925399098
ON,0.3,0.4,1.0,10,48.166666666666664,0.13909080000000001,0.002586451229000851
ON,0.3,0.4,1.0,10,48.333333333333336,0.13911029999999996,0.0025770611964018317
ON,0.3,0.4,1.0,10,48.5,0.1390987,0.0026110029509749714
ON,0.3,0.4,1.0,10,48.666666666666664,0.1390762,0.002578332903253571
ON,0.3,0.4,1.0,10,48.833333333333336,0.1390698,0.0025899025000953226
ON,0.3,0.4,1.0,10,49.0,0.1390578,0.0025793829417129956
ON,0.3,0.4,1.0,10,49.166666666666664,0.139041,0.002568549279262518
ON,0.3,0.4,1.0,10,49.333333333333336,0.13902390000000003,0.0025785681472476163
ON,0.3,0.4,1.0,10,49.5,0.1390346,0.002575798641198496
ON,0.3,0.4,1.0,10,49.666666666666664,0.1390462,0.002609533667152043
ON,0.3,0.4,1.0,10,49.833333333333336,0.1390542,0.0025916627018190445
ON,0.3,0.4,1.0,10,50.0,0.13907350000000002,0.0026091197461979364
ON,0.3,0.4,1.0,10,50.166666666666664,0.1390932,0.0026188642500137365
ON,0.3,0.4,1.0,10,50.333333333333336,0.13908420000000002,0.0026301350459624656
ON,0.3,0.4,1.0,10,50.5,0.1390796,0.002652985269465326
ON,0.3,0.4,1.0,10,50.666666666666664,0.139085,0.0026360407811716457
ON,0.3,0.4,1.0,10,50.833333333333336,0.1390889,0.0026331029394993256
ON,0.3,0.4,1.0,10,51.0,0.13911239999999997,0.0026232651867472345
ON,0.3,0.4,1.0,10,51.166666666666664,0.1390925,0.002618167956797275
ON,0.3,0.4,1.0,10,51.333333333333336,0.13907930000000002,0.00261660895244207
ON,0.3,0.4,1.0,10,51.5,0.1390851,0.0026418641316313016
ON,0.3,0.4,1.0,10,51.666666666666664,0.1390656,0.002636745956667047
ON,0.3,0.4,1.0,10,51.833333333333336,0.1390506,0.002623029668150936
ON,0.3,0.4,1.0,10,52.0,0.1390272,0.0025866694338473133
ON,0.3,0.4,1.0,10,52.166666666666664,0.13900859999999998,0.002587040131115096
ON,0.3,0.4,1.0,10,52.333333333333336,0.1390143,0.0025753985342078646
ON,0.3,0.4,1.0,10,52.5,0.1390113,0.0025831684052728715
ON,0.3,0.4,1.0,10,52.666666666666664,0.138985,0.0025751619754881415
ON,0.3,0.4,1.0,10,52.833333333333336,0.1389883,0.002582135939488857
ON,0.3,0.4,1.0,10,53.0,0.1389824,0.002581907287258776
ON,0.3,0.4,1.0,10,53.166666666666664,0.13896779999999997,0.0025702036417373656
ON,0.3,0.4,1.0,10,53.333333333333336,0.1389754,0.002597931608029744
ON,0.3,0.4,1.0,10,53.5,0.13898909999999998,0.00261819886372292
ON,0.3,0.4,1.0,10,53.666666666666664,0.1390105,0.0026136010502752684
ON,0.3,0.4,1.0,10,53.833333333333336,0.1390212,0.0026198132299841527
ON,0.3,0.4,1.0,10,54.0,0.13897679999999998,0.0026063233414141103
ON,0.3,0.4,1.0,10,54.166666666666664,0.13897469999999998,0.002620178507277702
ON,0.3,0.4,1.0,10,54.333333333333336,0.138963,0.0026033082414497165
ON,0.3,0.4,1.0,10,54.5,0.13894669999999998,0.002584834271283172
ON,0.3,0.4,1.0,10,54.666666666666664,0.1389635,0.0025661548374951975
ON,0.3,0.4,1.0,10,54.833333333333336,0.1389393,0.0025445093063300016
ON,0.3,0.4,1.0,10,55.0,0.13891299999999998,0.002531123070891653
ON,0.3,0.4,1.0,10,55.166666666666664,0.1389031,0.002516186735916076
ON,0.3,0.4,1.0,10,55.333333333333336,0.13888280000000003,0.002529221611484447
ON,0.3,0.4,1.0,10,55.5,0.13889359999999998,0.002509395831669447
ON,0.3,0.4,1.0,10,55.666666666666664,0.1388919,0.0025049232503212503
ON,0.3,0.4,1.0,10,55.833333333333336,0.1389017,0.002508312901134946
ON,0.3,0.4,1.0,10,56.0,0.13889659999999998,0.0025197769425089967
ON,0.3,0.4,1.0,10,56.166666666666664,0.13890429999999998,0.002498495669397887
ON,0.3,0.4,1.0,10,56.333333333333336,0.1389185,0.002507900167470788
ON,0.3,0.4,1.0,10,56.5,0.13892149999999998,0.002519014460061707
ON,0.3,0.4,1.0,10,56.666666666666664,0.1389149,0.002535160564934695
ON,0.3,0.4,1.0,10,56.833333333333336,0.1389177,0.0025403067944640054
ON,0.3,0.4,1.0,10,57.0,0.13890729999999998,0.002532762722798958
ON,0.3,0.4,1.0,10,57.166666666666664,0.1388993,0.0025352519026716064
ON,0.3,0.4,1.0,10,57.333333333333336,0.13889659999999998,0.0025455072657527473
ON,0.3,0.4,1.0,10,57.5,0.1388803,0.0025516676135421677
ON,0.3,0.4,1.0,10,57.666666666666664,0.1388886,0.002577242836831636
ON,0.3,0.4,1.0,10,57.833333333333336,0.13887770000000002,0.002567315525992081
ON,0.3,0.4,1.0,10,58.0,0.13890130000000003,0.0025759669271945263
ON,0.3,0.4,1.0,10,58.166666666666664,0.13891309999999998,0.002569071211547087
ON,0.3,0.4,1.0,10,58.333333333333336,0.1389204,0.0025465561136562447
ON,0.3,0.4,1.0,10,58.5,0.1389422,0.002549785316453129
ON,0.3,0.4,1.0,10,58.666666666666664,0.138954,0.002541528477117661
ON,0.3,0.4,1.0,10,58.833333333333336,0.13895470000000001,0.0025613841590046583
ON,0.3,0.4,1.0,10,59.0,0.1389443,0.002554525750506343
ON,0.3,0.4,1.0,10,59.166666666666664,0.1389611,0.0025373097347387435
ON,0.3,0.4,1.0,10,59.333333333333336,0.1389681,0.002546277575206601
ON,0.3,0.4,1.0,10,59.5,0.1389128,0.0025416192004310925
ON,0.3,0.4,1.0,10,59.666666666666664,0.1389393,0.0025436553245280647
ON,0.3,0.4,1.0,10,59.833333333333336,0.13894829999999997,0.002541270825787757
ON,0.3,0.4,1.0,10,60.0,0.13893109999999997,0.002538578950909345
ON,0.3,0.4,1.0,10,60.166666666666664,0.1389256,0.0025612693415570345
ON,0.3,0.4,1.0,10,60.333333333333336,0.1388979,0.002580918226135806
ON,0.3,0.4,1.0,10,60.5,0.13887940000000001,0.0025909210794619005
ON,0.3,0.4,1.0,10,60.666666666666664,0.1388718,0.0026045545799618032
ON,0.3,0.4,1.0,10,60.833333333333336,0.1388408,0.0026033357755003454
ON,0.3,0.4,1.0,10,61.0,0.1388394,0.0026122191026022334
ON,0.3,0.4,1.0,10,61.166666666666664,0.138784,0.002574038500100572
ON,0.3,0.4,1.0,10,61.333333333333336,0.1388053,0.002573401913809811
ON,0.3,0.4,1.0,10,61.5,0.1388211,0.0026121912429988726
ON,0.3,0.4,1.0,10,61.666666666666664,0.13878359999999998,0.0026419265016271753
ON,0.3,0.4,1.0,10,61.833333333333336,0.13881839999999995,0.0026857860004103114
ON,0.3,0.4,1.0,10,62.0,0.1388103,0.0026853693619314284
ON,0.3,0.4,1.0,10,62.166666666666664,0.1388316,0.0026877437080197937
ON,0.3,0.4,1.0,10,62.333333333333336,0.1388037,0.002681916928243677
ON,0.3,0.4,1.0,10,62.5,0.13878479999999999,0.0026897759311883206
ON,0.3,0.4,1.0,10,62.666666666666664,0.1387915,0.002695510127972068
ON,0.3,0.4,1.0,10,62.833333333333336,0.13882659999999997,0.002688462356068984
ON,0.3,0.4,1.0,10,63.0,0.1388285,0.0026858828436847376
ON,0.3,0.4,1.0,10,63.166666666666664,0.1388183,0.00269065639017694
ON,0.3,0.4,1.0,10,63.333333333333336,0.1388098,0.0026642641685838907
ON,0.3,0.4,1.0,10,63.5,0.1387882,0.0026520514625474343
ON,0.3,0.4,1.0,10,63.666666666666664,0.13879190000000002,0.0026717375413763964
ON,0.3,0.4,1.0,10,63.833333333333336,0.13878859999999998,0.002650869751609837
ON,0.3,0.4,1.0,10,64.0,0.1387781,0.0026667792353323922
ON,0.3,0.4,1.0,10,64.16666666666667,0.13881129999999997,0.0026582950946048116
ON,0.3,0.4,1.0,10,64.33333333333333,0.138812,0.002670171118112094
ON,0.3,0.4,1.0,10,64.5,0.1387999,0.002681686911255673
ON,0.3,0.4,1.0,10,64.66666666666667,0.13881179999999999,0.002679016491177311
ON,0.3,0.4,1.0,10,64.83333333333333,0.1387969,0.002670600436231522
ON,0.3,0.4,1.0,10,65.0,0.138796,0.002662384682948727
ON,0.3,0.4,1.0,10,65.16666666666667,0.13880989999999999,0.0026639656698238417
ON,0.3,0.4,1.0,10,65.33333333333333,0.13882470000000002,0.002653643873996662
ON,0.3,0.4,1.0,10,65.5,0.13879609999999998,0.00265250453157012
ON,0.3,0.4,1.0,10,65.66666666666667,0.1387709,0.002657446911981494
ON,0.3,0.4,1.0,10,65.83333333333333,0.1387438,0.002648839058908639
ON,0.3,0.4,1.0,10,66.0,0.1387429,0.0026534551984158327
ON,0.3,0.4,1.0,10,66.16666666666667,0.13874329999999999,0.002639610995961337
ON,0.3,0.4,1.0,10,66.33333333333333,0.1387613,0.002616247161489147
ON,0.3,0.4,1.0,10,66.5,0.1387625,0.0026171758920638093
ON,0.3,0.4,1.0,10,66.66666666666667,0.1387931,0.0026229681069353463
ON,0.3,0.4,1.0,10,66.83333333333333,0.13877689999999998,0.0026217681228514443
ON,0.3,0.4,1.0,10,67.0,0.13877620000000002,0.0026228649526805615
ON,0.3,0.4,1.0,10,67.16666666666667,0.13877360000000002,0.002613813237398571
ON,0.3,0.4,1.0,10,67.33333333333333,0.13875719999999997,0.002615655397792298
ON,0.3,0.4,1.0,10,67.5,0.13876070000000001,0.002612566211601153
ON,0.3,0.4,1.0,10,67.66666666666667,0.1387648,0.0026275811995065002
ON,0.3,0.4,1.0,10,67.83333333333333,0.1387434,0.0026293203760667893
ON,0.3,0.4,1.0,10,68.0,0.13873410000000003,0.002634781564001086
ON,0.3,0.4,1.0,10,68.16666666666667,0.1387128,0.00265528317887189
ON,0.3,0.4,1.0,10,68.33333333333333,0.1387009,0.002665450147723647
ON,0.3,0.4,1.0,10,68.5,0.1386909,0.0026845486194144405
ON,0.3,0.4,1.0,10,68.66666666666667,0.1386841,0.0027094240882519663
ON,0.3,0.4,1.0,10,68.83333333333333,0.13869019999999996,0.002691302762604014
ON,0.3,0.4,1.0,10,69.0,0.1386825,0.002700512516171703
ON,0.3,0.4,1.0,10,69.16666666666667,0.1386761,0.002682177975079208
ON,0.3,0.4,1.0,10,69.33333333333333,0.1386721,0.002668057325096292
ON,0.3,0.4,1.0,10,69.5,0.1386676,0.0026676379514469304
ON,0.3,0.4,1.0,10,69.66666666666667,0.1386662,0.0026559941566200776
ON,0.3,0.4,1.0,10,69.83333333333333,0.1386627,0.002662005185945362
ON,0.3,0.4,1.0,10,70.0,0.13866130000000002,0.0026607902228473375
ON,0.3,0.4,1.0,10,70.16666666666667,0.1386687,0.002672658079515599
ON,0.3,0.4,1.0,10,70.33333333333333,0.1386616,0.002666216052760917
ON,0.3,0.4,1.0,10,70.5,0.1386305,0.0026917443507881622
ON,0.3,0.4,1.0,10,70.66666666666667,0.1386329,0.0026970717991925955
ON,0.3,0.4,1.0,10,70.83333333333333,0.1386393,0.0027029798019963074
ON,0.3,0.4,1.0,10,71.0,0.138618,0.002706902694963379
ON,0.3,0.4,1.0,10,71.16666666666667,0.1386176,0.002710111149012158
ON,0.3,0.4,1.0,10,71.33333333333333,0.1386039,0.0027289724604693238
ON,0.3,0.4,1.0,10,71.5,0.13860920000000002,0.0027393854347280157
ON,0.3,0.4,1.0,10,71.66666666666667,0.13859349999999998,0.0027470927996702263
ON,0.3,0.4,1.0,10,71.83333333333333,0.1385984,0.002769601205950056
ON,0.3,0.4,1.0,10,72.0,0.1386135,0.0027669921304550164
ON,0.3,0.4,1.0,10,72.16666666666667,0.1386202,0.002766708470366909
ON,0.3,0.4,1.0,10,72.33333333333333,0.1386301,0.0027760687833697528
ON,0.3,0.4,1.0,10,72.5,0.1386108,0.002786941039921725
ON,0.3,0.4,1.0,10,72.66666666666667,0.1385996,0.0027758143021463086
ON,0.3,0.4,1.0,10,72.83333333333333,0.13861279999999998,0.002787451409441966
ON,0.3,0.4,1.0,10,73.0,0.13860489999999998,0.0027817438217779874
ON,0.3,0.4,1.0,10,73.16666666666667,0.13860270000000002,0.002783748338122543
ON,0.3,0.4,1.0,10,73.33333333333333,0.1386035,0.002759452599701614
ON,0.3,0.4,1.0,10,73.5,0.1385893,0.002750491557885613
ON,0.3,0.4,1.0,10,73.66666666666667,0.1385976,0.0027595937454632674
ON,0.3,0.4,1.0,10,73.83333333333333,0.1385923,0.00275731790151227
ON,0.3,0.4,1.0,10,74.0,0.13858549999999997,0.002738555394729126
ON,0.3,0.4,1.0,10,74.16666666666667,0.13859829999999998,0.002737511499519229
ON,0.3,0.4,1.0,10,74.33333333333333,0.13855650000000003,0.002722043102156908
ON,0.3,0.4,1.0,10,74.5,0.1385316,0.0027112531124924553
ON,0.3,0.4,1.0,10,74.66666666666667,0.13853050000000003,0.002716357975304434
ON,0.3,0.4,1.0,10,74.83333333333333,0.1385648,0.002711377465422325
ON,0.3,0.4,1.0,10,75.0,0.1385483,0.00270065421888845
ON,0.3,0.4,1.0,10,75.16666666666667,0.13853700000000002,0.002710439742919957
ON,0.3,0.4,1.0,10,75.33333333333333,0.13856600000000002,0.0027311720927103798
ON,0.3,0.4,1.0,10,75.5,0.138561,0.0027227354994563808
ON,0.3,0.4,1.0,10,75.66666666666667,0.13857709999999998,0.002735218837680084
ON,0.3,0.4,1.0,10,75.83333333333333,0.1385789,0.002731918756112638
ON,0.3,0.4,1.0,10,76.0,0.1385883,0.002724959487772248
ON,0.3,0.4,1.0,10,76.16666666666667,0.13860160000000002,0.002732999458470489
ON,0.3,0.4,1.0,10,76.33333333333333,0.1385797,0.002749016189475793
ON,0.3,0.4,1.0,10,76.5,0.1385531,0.0027350772731314153
ON,0.3,0.4,1.0,10,76.66666666666667,0.1385835,0.0027516159706616043
ON,0.3,0.4,1.0,10,76.83333333333333,0.138597,0.002764127529619427
ON,0.3,0.4,1.0,10,77.0,0.13862,0.00278357410535448
ON,0.3,0.4,1.0,10,77.16666666666667,0.13863789999999998,0.0027932650232299853
ON,0.3,0.4,1.0,10,77.33333333333333,0.1386233,0.0028016938822790784
ON,0.3,0.4,1.0,10,77.5,0.13862330000000003,0.002796372866768666
ON,0.3,0.4,1.0,10,77.66666666666667,0.13862760000000002,0.002788928977224054
ON,0.3,0.4,1.0,10,77.83333333333333,0.13862829999999998,0.002778965780645745
ON,0.3,0.4,1.0,10,78.0,0.13860769999999997,0.002740827431634468
ON,0.3,0.4,1.0,10,78.16666666666667,0.1386043,0.0027306885230651994
ON,0.3,0.4,1.0,10,78.33333333333333,0.13860199999999998,0.0027196183555785935
ON,0.3,0.4,1.0,10,78.5,0.1386095,0.0027190161915663564
ON,0.3,0.4,1.0,10,78.66666666666667,0.1386079,0.0027175760320550355
ON,0.3,0.4,1.0,10,78.83333333333333,0.1386284,0.002732033645473639
ON,0.3,0.4,1.0,10,79.0,0.13863739999999997,0.002723793281436756
ON,0.3,0.4,1.0,10,79.16666666666667,0.1386317,0.0027179947406130106
ON,0.3,0.4,1.0,10,79.33333333333333,0.13862600000000003,0.002683723011042678
ON,0.3,0.4,1.0,10,79.5,0.1386384,0.002676865562556327
ON,0.3,0.4,1.0,10,79.66666666666667,0.1386401,0.002682598533139086
ON,0.3,0.4,1.0,10,79.83333333333333,0.13862070000000004,0.002680219022766613
ON,0.3,0.4,1.0,10,80.0,0.138608,0.0026716061461225945
ON,0.3,0.4,1.0,10,80.16666666666667,0.1386142,0.0026735833557231764
ON,0.3,0.4,1.0,10,80.33333333333333,0.1385957,0.0026909043108219255
ON,0.3,0.4,1.0,10,80.5,0.1386044,0.0027048500586908655
ON,0.3,0.4,1.0,10,80.66666666666667,0.13861260000000003,0.0027358757720335213
ON,0.3,0.4,1.0,10,80.83333333333333,0.13858700000000002,0.0027542090334613297
ON,0.3,0.4,1.0,10,81.0,0.13859110000000002,0.0027643434826374207
ON,0.3,0.4,1.0,10,81.16666666666667,0.13859729999999998,0.002797873515725829
ON,0.3,0.4,1.0,10,81.33333333333333,0.1385927,0.0028058999287216223
ON,0.3,0.4,1.0,10,81.5,0.13860940000000002,0.0028262022999070695
ON,0.3,0.4,1.0,10,81.66666666666667,0.1386385,0.002803923652669595
ON,0.3,0.4,1.0,10,81.83333333333333,0.13863520000000001,0.0028228014028620564
ON,0.3,0.4,1.0,10,82.0,0.138642,0.002824581880562147
ON,0.3,0.4,1.0,10,82.16666666666667,0.1386096,0.002808830795900668
ON,0.3,0.4,1.0,10,82.33333333333333,0.1386433,0.0027995076727881994
ON,0.3,0.4,1.0,10,82.5,0.13864049999999997,0.002791391095851677
ON,0.3,0.4,1.0,10,82.66666666666667,0.1386509,0.0027922751100133408
ON,0.3,0.4,1.0,10,82.83333333333333,0.13864930000000003,0.0027941883633713746
ON,0.3,0.4,1.0,10,83.0,0.13862329999999998,0.002817972428892803
ON,0.3,0.4,1.0,10,83.16666666666667,0.13865319999999998,0.0028219047042733368
ON,0.3,0.4,1.0,10,83.33333333333333,0.1386291,0.0028231370299721557
ON,0.3,0.4,1.0,10,83.5,0.1386152,0.0028319146809181912
ON,0.3,0.4,1.0,10,83.66666666666667,0.1386137,0.0027988782413674203
ON,0.3,0.4,1.0,10,83.83333333333333,0.138616,0.002794572847502818
ON,0.3,0.4,1.0,10,84.0,0.1386075,0.0027994577421350695
ON,0.3,0.4,1.0,10,84.16666666666667,0.13860640000000002,0.0027856160970241416
ON,0.3,0.4,1.0,10,84.33333333333333,0.1386057,0.0027984201989694063
ON,0.3,0.4,1.0,10,84.5,0.13860050000000002,0.0027760810236734787
ON,0.3,0.4,1.0,10,84.66666666666667,0.13861839999999997,0.0027936178765178283
ON,0.3,0.4,1.0,10,84.83333333333333,0.1386315,0.002793318286554543
ON,0.3,0.4,1.0,10,85.0,0.13866460000000003,0.002792362841752486
ON,0.3,0.4,1.0,10,85.16666666666667,0.1386943,0.002803310794400081
ON,0.3,0.4,1.0,10,85.33333333333333,0.1386868,0.002790376634076481
ON,0.3,0.4,1.0,10,85.5,0.13869979999999998,0.0027881160592773033
ON,0.3,0.4,1.0,10,85.66666666666667,0.1387166,0.002764913640604347
ON,0.3,0.4,1.0,10,85.83333333333333,0.1387181,0.0027773460515391315
ON,0.3,0.4,1.0,10,86.0,0.13873490000000002,0.0027772916105443446
ON,0.3,0.4,1.0,10,86.16666666666667,0.13873299999999997,0.0027683378045318084
ON,0.3,0.4,1.0,10,86.33333333333333,0.138723,0.0027759726583667923
ON,0.3,0.4,1.0,10,86.5,0.13874190000000003,0.002788235730708582
ON,0.3,0.4,1.0,10,86.66666666666667,0.13872040000000002,0.0027850582471467306
ON,0.3,0.4,1.0,10,86.83333333333333,0.13873760000000002,0.0027795761259587727
ON,0.3,0.4,1.0,10,87.0,0.1387293,0.0027809568155582674
ON,0.3,0.4,1.0,10,87.16666666666667,0.1387586,0.0028090540471838506
ON,0.3,0.4,1.0,10,87.33333333333333,0.1387545,0.0027929721892636203
ON,0.3,0.4,1.0,10,87.5,0.138754,0.002784150714311274
ON,0.3,0.4,1.0,10,87.66666666666667,0.13873000000000002,0.0027783193840881537
ON,0.3,0.4,1.0,10,87.83333333333333,0.1387249,0.00279312840556964
ON,0.3,0.4,1.0,10,88.0,0.13873390000000002,0.0027978167720563796
ON,0.3,0.4,1.0,10,88.16666666666667,0.1387118,0.0028011636796160294
ON,0.3,0.4,1.0,10,88.33333333333333,0.1387242,0.0027857132587543864
ON,0.3,0.4,1.0,10,88.5,0.138699,0.0027839471259346847
ON,0.3,0.4,1.0,10,88.66666666666667,0.1386852,0.0027964195250355446
ON,0.3,0.4,1.0,10,88.83333333333333,0.1387041,0.0028178890130734356
ON,0.3,0.4,1.0,10,89.0,0.1386869,0.0028275895547267837
ON,0.3,0.4,1.0,10,89.16666666666667,0.1387129,0.0028533520445258786
ON,0.3,0.4,1.0,10,89.33333333333333,0.13868830000000001,0.0028266520496870455
ON,0.3,0.4,1.0,10,89.5,0.13868870000000003,0.0027935098729018303
ON,0.3,0.4,1.0,10,89.66666666666667,0.13869479999999998,0.002798587350789677
ON,0.3,0.4,1.0,10,89.83333333333333,0.1387051,0.002798266265029114
ON,0.3,0.4,1.0,10,90.0,0.13871419999999998,0.0028026135231244437
ON,0.3,0.4,1.0,10,90.16666666666667,0.1387302,0.0028166884740773177
ON,0.3,0.4,1.0,10,90.33333333333333,0.1387266,0.0028234909668706253
ON,0.3,0.4,1.0,10,90.5,0.13872460000000003,0.0028232249715529198
ON,0.3,0.4,1.0,10,90.66666666666667,0.13872710000000002,0.0028347545378744885
ON,0.3,0.4,1.0,10,90.83333333333333,0.1387444,0.002813105550810347
ON,0.3,0.4,1.0,10,91.0,0.138733,0.0028141134660848327
ON,0.3,0.4,1.0,10,91.16666666666667,0.138725,0.002803991761756804
ON,0.3,0.4,1.0,10,91.33333333333333,0.1387144,0.0028268498439075265
ON,0.3,0.4,1.0,10,91.5,0.13870020000000002,0.002824560595915759
ON,0.3,0.4,1.0,10,91.66666666666667,0.13871019999999998,0.0028322581732603434
ON,0.3,0.4,1.0,10,91.83333333333333,0.13872440000000003,0.0028407718035773294
ON,0.3,0.4,1.0,10,92.0,0.13869950000000003,0.0028526387871583027
ON,0.3,0.4,1.0,10,92.16666666666667,0.1386853,0.002820728241075345
ON,0.3,0.4,1.0,10,92.33333333333333,0.13869340000000002,0.0028265430546871185
ON,0.3,0.4,1.0,10,92.5,0.1386724,0.0027713297963252196
ON,0.3,0.4,1.0,10,92.66666666666667,0.1386706,0.0027722530259700275
ON,0.3,0.4,1.0,10,92.83333333333333,0.1386622,0.0027620556040746183
ON,0.3,0.4,1.0,10,93.0,0.138678,0.00276016437916295
ON,0.3,0.4,1.0,10,93.16666666666667,0.1387006,0.00274038527218346
ON,0.3,0.4,1.0,10,93.33333333333333,0.1387013,0.0027489838504436486
ON,0.3,0.4,1.0,10,93.5,0.1386892,0.0027401383833667915
ON,0.3,0.4,1.0,10,93.66666666666667,0.13868940000000002,0.002756830615036041
ON,0.3,0.4,1.0,10,93.83333333333333,0.138693,0.0027638413847397244
ON,0.3,0.4,1.0,10,94.0,0.1387051,0.0027779448320656053
ON,0.3,0.4,1.0,10,94.16666666666667,0.138713,0.0027411374281491262
ON,0.3,0.4,1.0,10,94.33333333333333,0.13873999999999997,0.002758649923422689
ON,0.3,0.4,1.0,10,94.5,0.1387499,0.0027632760792219075
ON,0.3,0.4,1.0,10,94.66666666666667,0.1387295,0.0027744148662375663
ON,0.3,0.4,1.0,10,94.83333333333333,0.13875920000000003,0.002793105254013888
ON,0.3,0.4,1.0,10,95.0,0.1387606,0.0027769539499242725
ON,0.3,0.4,1.0,10,95.16666666666667,0.13874720000000001,0.002783656401210464
ON,0.3,0.4,1.0,10,95.33333333333333,0.13872120000000002,0.0027828952477590655
ON,0.3,0.4,1.0,10,95.5,0.1387326,0.0027698944456422854
ON,0.3,0.4,1.0,10,95.66666666666667,0.13873580000000002,0.0027698870301873287
ON,0.3,0.4,1.0,10,95.83333333333333,0.13873320000000003,0.002782279274264177
ON,0.3,0.4,1.0,10,96.0,0.1387032,0.002770389135121632
ON,0.3,0.4,1.0,10,96.16666666666667,0.1386717,0.002781780690493051
ON,0.3,0.4,1.0,10,96.33333333333333,0.13866590000000004,0.002803982754939841
ON,0.3,0.4,1.0,10,96.5,0.1386909,0.0028072903109582327
ON,0.3,0.4,1.0,10,96.66666666666667,0.1386913,0.0027995566452565274
ON,0.3,0.4,1.0,10,96.83333333333333,0.1386895,0.0028159559034189414
ON,0.3,0.4,1.0,10,97.0,0.1386921,0.0028174510980671853
ON,0.3,0.4,1.0,10,97.16666666666667,0.1386751,0.002812002932075282
ON,0.3,0.4,1.0,10,97.33333333333333,0.1386868,0.002814494903175349
ON,0.3,0.4,1.0,10,97.5,0.13869099999999998,0.0028163765728325464
ON,0.3,0.4,1.0,10,97.66666666666667,0.13869959999999998,0.0028125392512816576
ON,0.3,0.4,1.0,10,97.83333333333333,0.13869389999999998,0.0028310235763765747
ON,0.3,0.4,1.0,10,98.0,0.1386853,0.00281810635179015
ON,0.3,0.4,1.0,10,98.16666666666667,0.13869599999999999,0.0027775642206796926
ON,0.3,0.4,1.0,10,98.33333333333333,0.13869629999999997,0.002757240143694415
ON,0.3,0.4,1.0,10,98.5,0.1386907,0.0027928180409758185
ON,0.3,0.4,1.0,10,98.66666666666667,0.1386958,0.002790320547894093
ON,0.3,0.4,1.0,10,98.83333333333333,0.1387097,0.0027849753697295064
ON,0.3,0.4,1.0,10,99.0,0.13872089999999998,0.00279397936463389
ON,0.3,0.4,1.0,10,99.16666666666667,0.13872879999999999,0.0028051204180925982
ON,0.3,0.4,1.0,10,99.33333333333333,0.1387128,0.0027894774349329315
ON,0.3,0.4,1.0,10,99.5,0.1386861,0.002756644897334441
ON,0.3,0.4,1.0,10,99.66666666666667,0.1386679,0.002754050887329431
ON,0.3,0.4,1.0,10,99.83333333333333,0.1386934,0.002767904268575775
ON,0.3,0.4,1.0,10,100.0,0.1386715,0.002776365366806031
ON,0.3,0.4,1.0,10,100.16666666666667,0.13867369999999998,0.002776686228222417
ON,0.3,0.4,1.0,10,100.33333333333333,0.1386879,0.0027396960214593163
ON,0.3,0.4,1.0,10,100.5,0.13868450000000002,0.0027404552997631615
ON,0.3,0.4,1.0,10,100.66666666666667,0.1386971,0.0027246301198511325
ON,0.3,0.4,1.0,10,100.83333333333333,0.1386884,0.0027093874289218912
ON,0.3,0.4,1.0,10,101.0,0.1386685,0.0026985605144224604
ON,0.3,0.4,1.0,10,101.16666666666667,0.1386723,0.0027194152330969985
ON,0.3,0.4,1.0,10,101.33333333333333,0.1386791,0.0027299026887418515
ON,0.3,0.4,1.0,10,101.5,0.1386673,0.0027472017053722145
ON,0.3,0.4,1.0,10,101.66666666666667,0.1386792,0.002730586156853505
ON,0.3,0.4,1.0,10,101.83333333333333,0.1386825,0.0027476004895180843
ON,0.3,0.4,1.0,10,102.0,0.1386964,0.002705761120276515
ON,0.3,0.4,1.0,10,102.16666666666667,0.1386906,0.0026900801549396285
ON,0.3,0.4,1.0,10,102.33333333333333,0.1386865,0.0027084235728556216
ON,0.3,0.4,1.0,10,102.5,0.13868,0.002729285144502129
ON,0.3,0.4,1.0,10,102.66666666666667,0.1386673,0.002728385385168303
ON,0.3,0.4,1.0,10,102.83333333333333,0.13863129999999999,0.002736337115561604
ON,0.3,0.4,1.0,10,103.0,0.1386038,0.0027563947032310165
ON,0.3,0.4,1.0,10,103.16666666666667,0.13858089999999998,0.0027808165869039263
ON,0.3,0.4,1.0,10,103.33333333333333,0.1385969,0.002765015278438803
ON,0.3,0.4,1.0,10,103.5,0.138611,0.0027534456232146697
ON,0.3,0.4,1.0,10,103.66666666666667,0.138621,0.0027429981407212072
ON,0.3,0.4,1.0,10,103.83333333333333,0.1386268,0.0027379427240174295
ON,0.3,0.4,1.0,10,104.0,0.13860070000000002,0.002710602370322876
ON,0.3,0.4,1.0,10,104.16666666666667,0.1385922,0.002698905733811388
ON,0.3,0.4,1.0,10,104.33333333333333,0.1386062,0.002712085463255172
ON,0.3,0.4,1.0,10,104.5,0.1386083,0.002711759246319629
ON,0.3,0.4,1.0,10,104.66666666666667,0.13860370000000002,0.0027477501360203757
ON,0.3,0.4,1.0,10,104.83333333333333,0.1386084,0.0027478334083419244
ON,0.3,0.4,1.0,10,105.0,0.1386012,0.002754899664234618
ON,0.3,0.4,1.0,10,105.16666666666667,0.1386131,0.002780845535084609
ON,0.3,0.4,1.0,10,105.33333333333333,0.1385886,0.0027838348442391506
ON,0.3,0.4,1.0,10,105.5,0.1385854,0.0028049507375353284
ON,0.3,0.4,1.0,10,105.66666666666667,0.1385991,0.0028081156831583753
ON,0.3,0.4,1.0,10,105.83333333333333,0.1385954,0.002824768316163297
ON,0.3,0.4,1.0,10,106.0,0.1385913,0.0028099753753369383
ON,0.3,0.4,1.0,10,106.16666666666667,0.13857590000000003,0.002800791868382938
ON,0.3,0.4,1.0,10,106.33333333333333,0.13855810000000002,0.0028057497910540783
ON,0.3,0.4,1.0,10,106.5,0.13855789999999998,0.002814308279133615
ON,0.3,0.4,1.0,10,106.66666666666667,0.13855860000000003,0.0028197425485316963
ON,0.3,0.4,1.0,10,106.83333333333333,0.1385651,0.002841196383568022
ON,0.3,0.4,1.0,10,107.0,0.1385771,0.0028498897680436703
ON,0.3,0.4,1.0,10,107.16666666666667,0.1385783,0.002870562908211555
ON,0.3,0.4,1.0,10,107.33333333333333,0.1385637,0.0028513805095076285
ON,0.3,0.4,1.0,10,107.5,0.1385577,0.0028560538177702494
ON,0.3,0.4,1.0,10,107.66666666666667,0.1385418,0.0028204086866977325
ON,0.3,0.4,1.0,10,107.83333333333333,0.1385477,0.0028028122680622074
ON,0.3,0.4,1.0,10,108.0,0.13855730000000002,0.002811581549590909
ON,0.3,0.4,1.0,10,108.16666666666667,0.1385664,0.0028260597375144095
ON,0.3,0.4,1.0,10,108.33333333333333,0.13860540000000002,0.0028021839411430504
ON,0.3,0.4,1.0,10,108.5,0.1385939,0.002827403453700939
ON,0.3,0.4,1.0,10,108.66666666666667,0.1385996,0.0028428767894511397
ON,0.3,0.4,1.0,10,108.83333333333333,0.13859839999999998,0.0028373917670987915
ON,0.3,0.4,1.0,10,109.0,0.1385912,0.0028332791885022565
ON,0.3,0.4,1.0,10,109.16666666666667,0.13859380000000002,0.0028206293198504494
ON,0.3,0.4,1.0,10,109.33333333333333,0.13862219999999997,0.0028005667212191187
ON,0.3,0.4,1.0,10,109.5,0.1386322,0.002799257644447899
ON,0.3,0.4,1.0,10,109.66666666666667,0.1386102,0.0028286865079043323
ON,0.3,0.4,1.0,10,109.83333333333333,0.13860009999999998,0.002824876933602594
ON,0.3,0.4,1.0,10,110.0,0.13858549999999997,0.0028021426890863367
ON,0.3,0.4,1.0,10,110.16666666666667,0.1385901,0.0028267671092610355
ON,0.3,0.4,1.0,10,110.33333333333333,0.1385974,0.0028305456081822843
ON,0.3,0.4,1.0,10,110.5,0.13860559999999997,0.002829752717111516
ON,0.3,0.4,1.0,10,110.66666666666667,0.13860350000000002,0.002843174607722854
ON,0.3,0.4,1.0,10,110.83333333333333,0.13859729999999998,0.0028503990615350644
ON,0.3,0.4,1.0,10,111.0,0.1386313,0.002838344977271089
ON,0.3,0.4,1.0,10,111.16666666666667,0.13861949999999998,0.0028585297357207975
ON,0.3,0.4,1.0,10,111.33333333333333,0.1386149,0.002850571537428944
ON,0.3,0.4,1.0,10,111.5,0.1386145,0.0028427818154054666
ON,0.3,0.4,1.0,10,111.66666666666667,0.1386015,0.0028280835295302013
ON,0.3,0.4,1.0,10,111.83333333333333,0.1385826,0.0028244270640255496
ON,0.3,0.4,1.0,10,112.0,0.1385977,0.0028029922243916383
ON,0.3,0.4,1.0,10,112.16666666666667,0.1385897,0.002799007468728871
ON,0.3,0.4,1.0,10,112.33333333333333,0.1385751,0.0027966471157441363
ON,0.3,0.4,1.0,10,112.5,0.1385836,0.002781550617910809
ON,0.3,0.4,1.0,10,112.66666666666667,0.1385737,0.0028138000657473884
ON,0.3,0.4,1.0,10,112.83333333333333,0.13856220000000002,0.0027938963760311534
ON,0.3,0.4,1.0,10,113.0,0.1385579,0.002794421029479992
ON,0.3,0.4,1.0,10,113.16666666666667,0.1385616,0.0028055273372398297
ON,0.3,0.4,1.0,10,113.33333333333333,0.138568,0.0028415723464307596
ON,0.3,0.4,1.0,10,113.5,0.1385692,0.0028171347784584203
ON,0.3,0.4,1.0,10,113.66666666666667,0.13854890000000003,0.0028077513582936797
ON,0.3,0.4,1.0,10,113.83333333333333,0.1385305,0.0027892059533135933
ON,0.3,0.4,1.0,10,114.0,0.1385434,0.002799889219237075
ON,0.3,0.4,1.0,10,114.16666666666667,0.13852899999999999,0.002773195990188937
ON,0.3,0.4,1.0,10,114.33333333333333,0.1385453,0.002804824024783018
ON,0.3,0.4,1.0,10,114.5,0.1385127,0.0027937714312377053
ON,0.3,0.4,1.0,10,114.66666666666667,0.13851860000000002,0.0028163027607130573
ON,0.3,0.4,1.0,10,114.83333333333333,0.1385436,0.002822244645667696
ON,0.3,0.4,1.0,10,115.0,0.1385292,0.0028226616446184244
ON,0.3,0.4,1.0,10,115.16666666666667,0.1385323,0.0027927080781922054
ON,0.3,0.4,1.0,10,115.33333333333333,0.1385366,0.002792510920300939
ON,0.3,0.4,1.0,10,115.5,0.1385273,0.0028250649567753304
ON,0.3,0.4,1.0,10,115.66666666666667,0.13850179999999995,0.002858289271574872
ON,0.3,0.4,1.0,10,115.83333333333333,0.1384781,0.002836122685992273
ON,0.3,0.4,1.0,10,116.0,0.1384885,0.0028441289088225207
ON,0.3,0.4,1.0,10,116.16666666666667,0.13847819999999997,0.0028212081029232805
ON,0.3,0.4,1.0,10,116.33333333333333,0.1385018,0.0028262801630411626
ON,0.3,0.4,1.0,10,116.5,0.1385056,0.00284580959306838
ON,0.3,0.4,1.0,10,116.66666666666667,0.138504,0.0028148010586895827
ON,0.3,0.4,1.0,10,116.83333333333333,0.1384994,0.002803823147061882
ON,0.3,0.4,1.0,10,117.0,0.13851560000000002,0.0027947617143506175
ON,0.3,0.4,1.0,10,117.16666666666667,0.1384923,0.0028218376299851103
ON,0.3,0.4,1.0,10,117.33333333333333,0.1384764,0.0028165462609373248
ON,0.3,0.4,1.0,10,117.5,0.1384742,0.0028467465921644644
ON,0.3,0.4,1.0,10,117.66666666666667,0.1384453,0.0028529823010316735
ON,0.3,0.4,1.0,10,117.83333333333333,0.1384285,0.002847286049907877
ON,0.3,0.4,1.0,10,118.0,0.1384506,0.002833228554141019
ON,0.3,0.4,1.0,10,118.16666666666667,0.13844910000000002,0.002869445676432993
ON,0.3,0.4,1.0,10,118.33333333333333,0.13844640000000002,0.002877613879588428
ON,0.3,0.4,1.0,10,118.5,0.1384368,0.0028679310591435076
ON,0.3,0.4,1.0,10,118.66666666666667,0.1384237,0.002882033728116312
ON,0.3,0.4,1.0,10,118.83333333333333,0.1384327,0.002886399177175605
ON,0.3,0.4,1.0,10,119.0,0.13842459999999995,0.0028892937268474423
ON,0.3,0.4,1.0,10,119.16666666666667,0.1384395,0.0028737521552840996
ON,0.3,0.4,1.0,10,119.33333333333333,0.1384495,0.002873379343212451
ON,0.3,0.4,1.0,10,119.5,0.138455,0.002866784400683107
ON,0.3,0.4,1.0,10,119.66666666666667,0.13842990000000002,0.0028420224999109343
ON,0.3,0.4,1.0,10,119.83333333333333,0.1384313,0.002827886420986531
ON,0.3,0.4,1.0,10,120.0,0.1384159,0.0028459270703937536
ON,0.3,0.4,1.0,10,120.16666666666667,0.1384158,0.002883188679223054
ON,0.3,0.4,1.0,10,120.33333333333333,0.13842649999999998,0.002923208896059261
ON,0.3,0.4,1.0,10,120.5,0.1383937,0.0028980886477124887
ON,0.3,0.4,1.0,10,120.66666666666667,0.13839869999999999,0.002898409910623405
ON,0.3,0.4,1.0,10,120.83333333333333,0.1384136,0.00290082364855225
ON,0.3,0.4,1.0,10,121.0,0.1384129,0.0029090824481268953
ON,0.3,0.4,1.0,10,121.16666666666667,0.13836429999999997,0.0029105382680871907
ON,0.3,0.4,1.0,10,121.33333333333333,0.13836959999999998,0.0029101792453386796
ON,0.3,0.4,1.0,10,121.5,0.13835780000000003,0.00293639117966255
ON,0.3,0.4,1.0,10,121.66666666666667,0.1383402,0.002924992505973305
ON,0.3,0.4,1.0,10,121.83333333333333,0.1383262,0.002913285561011825
ON,0.3,0.4,1.0,10,122.0,0.1383317,0.002922880772457199
ON,0.3,0.4,1.0,10,122.16666666666667,0.138345,0.0029114220580328124
ON,0.3,0.4,1.0,10,122.33333333333333,0.13834860000000002,0.0028993080622796907
ON,0.3,0.4,1.0,10,122.5,0.1383707,0.002891787372888953
ON,0.3,0.4,1.0,10,122.66666666666667,0.13835579999999997,0.002909484827250345
ON,0.3,0.4,1.0,10,122.83333333333333,0.13835570000000003,0.002912438224237555
ON,0.3,0.4,1.0,10,123.0,0.1383815,0.0029155738457463235
ON,0.3,0.4,1.0,10,123.16666666666667,0.13838860000000003,0.002911921228330185
ON,0.3,0.4,1.0,10,123.33333333333333,0.1383887,0.0029100139879388864
ON,0.3,0.4,1.0,10,123.5,0.1383928,0.0029082138091962887
ON,0.3,0.4,1.0,10,123.66666666666667,0.13839289999999999,0.002924203975443579
ON,0.3,0.4,1.0,10,123.83333333333333,0.13834969999999996,0.002920904142555859
ON,0.3,0.4,1.0,10,124.0,0.1383738,0.0029235230732799107
ON,0.3,0.4,1.0,10,124.16666666666667,0.138393,0.00290727797088617
ON,0.3,0.4,1.0,10,124.33333333333333,0.1383936,0.0029162569571284354
ON,0.3,0.4,1.0,10,124.5,0.1383665,0.0029356488635393693
ON,0.3,0.4,1.0,10,124.66666666666667,0.1383941,0.002944877398127126
ON,0.3,0.4,1.0,10,124.83333333333333,0.13838250000000002,0.0029389921827048127
ON,0.3,0.4,1.0,10,125.0,0.138371,0.0029126807926719363
ON,0.3,0.4,1.0,10,125.16666666666667,0.1383881,0.002889778380775941
ON,0.3,0.4,1.0,10,125.33333333333333,0.13838279999999997,0.002886679365637965
ON,0.3,0.4,1.0,10,125.5,0.1383783,0.0028942557955370847
ON,0.3,0.4,1.0,10,125.66666666666667,0.1383811,0.0028790076224282576
ON,0.3,0.4,1.0,10,125.83333333333333,0.1383772,0.0028811966194621256
ON,0.3,0.4,1.0,10,126.0,0.1383854,0.0029208432070208803
ON,0.3,0.4,1.0,10,126.16666666666667,0.1383905,0.002904030621395027
ON,0.3,0.4,1.0,10,126.33333333333333,0.1383775,0.0029033048496497904
ON,0.3,0.4,1.0,10,126.5,0.1383473,0.0028913318747594485
ON,0.3,0.4,1.0,10,126.66666666666667,0.138357,0.0029219325454226328
ON,0.3,0.4,1.0,10,126.83333333333333,0.1383825,0.002905175252889226
ON,0.3,0.4,1.0,10,127.0,0.13835150000000002,0.0029280952255690083
ON,0.3,0.4,1.0,10,127.16666666666667,0.13831900000000003,0.002913413633523396
ON,0.3,0.4,1.0,10,127.33333333333333,0.1382844,0.002893975611507465
ON,0.3,0.4,1.0,10,127.5,0.13829680000000003,0.0028771729110361093
ON,0.3,0.4,1.0,10,127.66666666666667,0.13830190000000003,0.0028341759807746576
ON,0.3,0.4,1.0,10,127.83333333333333,0.1382847,0.0028369266134322204
ON,0.3,0.4,1.0,10,128.0,0.1382869,0.002843057982173419
ON,0.3,0.4,1.0,10,128.16666666666666,0.13831480000000002,0.0028599293977299494
ON,0.3,0.4,1.0,10,128.33333333333334,0.1383076,0.0028428294426504023
ON,0.3,0.4,1.0,10,128.5,0.13832070000000002,0.0028704320598125976
ON,0.3,0.4,1.0,10,128.66666666666666,0.13832020000000003,0.0028820156418728894
ON,0.3,0.4,1.0,10,128.83333333333334,0.13831330000000003,0.0028835310662449947
ON,0.3,0.4,1.0,10,129.0,0.13832329999999998,0.002883656187897577
ON,0.3,0.4,1.0,10,129.16666666666666,0.138337,0.002871997214483328
ON,0.3,0.4,1.0,10,129.33333333333334,0.13836459999999998,0.0028680622796585166
ON,0.3,0.4,1.0,10,129.5,0.13836839999999997,0.0028875269418656506
ON,0.3,0.4,1.0,10,129.66666666666666,0.13835999999999998,0.0028682998797196907
ON,0.3,0.4,1.0,10,129.83333333333334,0.138304,0.0028688447152120265
ON,0.3,0.4,1.0,10,130.0,0.1383027,0.0028640657132824312
ON,0.3,0.4,1.0,10,130.16666666666666,0.13831219999999997,0.002850331763146183
ON,0.3,0.4,1.0,10,130.33333333333334,0.13831449999999998,0.002826776370709218
ON,0.3,0.4,1.0,10,130.5,0.13832830000000002,0.002825687457947183
ON,0.3,0.4,1.0,10,130.66666666666666,0.1383053,0.002833689469578482
ON,0.3,0.4,1.0,10,130.83333333333334,0.1383089,0.0028351065041722838
ON,0.3,0.4,1.0,10,131.0,0.13827859999999997,0.0028181718968153828
ON,0.3,0.4,1.0,10,131.16666666666666,0.1382658,0.002823501967415643
ON,0.3,0.4,1.0,10,131.33333333333334,0.1382686,0.002782485694482543
ON,0.3,0.4,1.0,10,131.5,0.1382753,0.002771700057726304
ON,0.3,0.4,1.0,10,131.66666666666666,0.1382578,0.002759710847172215
ON,0.3,0.4,1.0,10,131.83333333333334,0.1382366,0.0027449307167941427
ON,0.3,0.4,1.0,10,132.0,0.1382349,0.002735707237626131
ON,0.3,0.4,1.0,10,132.16666666666666,0.1382076,0.002745140987271871
ON,0.3,0.4,1.0,10,132.33333333333334,0.1382002,0.0027607315986890152
ON,0.3,0.4,1.0,10,132.5,0.1382078,0.002754412924744579
ON,0.3,0.4,1.0,10,132.66666666666666,0.1382005,0.0027446680400369
ON,0.3,0.4,1.0,10,132.83333333333334,0.13823159999999998,0.002747493228381102
ON,0.3,0.4,1.0,10,133.0,0.13823119999999997,0.00276508306566005
ON,0.3,0.4,1.0,10,133.16666666666666,0.1382247,0.002770985422191897
ON,0.3,0.4,1.0,10,133.33333333333334,0.13821480000000003,0.0027488795826663627
ON,0.3,0.4,1.0,10,133.5,0.13820069999999998,0.0027217821753402695
ON,0.3,0.4,1.0,10,133.66666666666666,0.1381789,0.002704811322440069
ON,0.3,0.4,1.0,10,133.83333333333334,0.13819610000000002,0.002691921895226534
ON,0.3,0.4,1.0,10,134.0,0.13817000000000002,0.0026712326742535943
ON,0.3,0.4,1.0,10,134.16666666666666,0.13815709999999998,0.002689833617531017
ON,0.3,0.4,1.0,10,134.33333333333334,0.1381653,0.0027093046727896804
ON,0.3,0.4,1.0,10,134.5,0.1381552,0.0027024049215467285
ON,0.3,0.4,1.0,10,134.66666666666666,0.13816270000000003,0.002692550019962486
ON,0.3,0.4,1.0,10,134.83333333333334,0.1381413,0.0027045799692373682
ON,0.3,0.4,1.0,10,135.0,0.1381311,0.0026896386913487086
ON,0.3,0.4,1.0,10,135.16666666666666,0.1381298,0.0027086687062097495
ON,0.3,0.4,1.0,10,135.33333333333334,0.1381235,0.0027069117181762656
ON,0.3,0.4,1.0,10,135.5,0.13814599999999996,0.002707379581809684
ON,0.3,0.4,1.0,10,135.66666666666666,0.1381436,0.002704394172453416
ON,0.3,0.4,1.0,10,135.83333333333334,0.13811239999999997,0.0026917449061900365
ON,0.3,0.4,1.0,10,136.0,0.1381248,0.0026839261092660477
ON,0.3,0.4,1.0,10,136.16666666666666,0.1381096,0.002647357406924871
ON,0.3,0.4,1.0,10,136.33333333333334,0.1381006,0.002659395540343706
ON,0.3,0.4,1.0,10,136.5,0.1380963,0.002663657937874156
ON,0.3,0.4,1.0,10,136.66666666666666,0.13809390000000002,0.0026446032386730485
ON,0.3,0.4,1.0,10,136.83333333333334,0.13809659999999999,0.002647930520236509
ON,0.3,0.4,1.0,10,137.0,0.1381076,0.0026738528830135737
ON,0.3,0.4,1.0,10,137.16666666666666,0.13812939999999999,0.00266343068991855
ON,0.3,0.4,1.0,10,137.33333333333334,0.1381194,0.002638853698104534
ON,0.3,0.4,1.0,10,137.5,0.1381043,0.0026392613379504497
ON,0.3,0.4,1.0,10,137.66666666666666,0.13811750000000003,0.002625167280384243
ON,0.3,0.4,1.0,10,137.83333333333334,0.138126,0.0026238985879793422
ON,0.3,0.4,1.0,10,138.0,0.13814310000000002,0.002620276567463826
ON,0.3,0.4,1.0,10,138.16666666666666,0.1381449,0.0025998843993531697
ON,0.3,0.4,1.0,10,138.33333333333334,0.13816699999999998,0.0025939962220481315
ON,0.3,0.4,1.0,10,138.5,0.1381849,0.0025895466186187854
ON,0.3,0.4,1.0,10,138.66666666666666,0.13819130000000002,0.0026160706431593134
ON,0.3,0.4,1.0,10,138.83333333333334,0.1381638,0.0026030348364937395
ON,0.3,0.4,1.0,10,139.0,0.1381719,0.0025943691506799885
ON,0.3,0.4,1.0,10,139.16666666666666,0.1381976,0.002618410326896839
ON,0.3,0.4,1.0,10,139.33333333333334,0.1382014,0.0026429576689761818
ON,0.3,0.4,1.0,10,139.5,0.1381996,0.0026103248533468
ON,0.3,0.4,1.0,10,139.66666666666666,0.1382118,0.0026109955878936266
ON,0.3,0.4,1.0,10,139.83333333333334,0.1381849,0.0026192833924568028
ON,0.3,0.4,1.0,10,140.0,0.13816200000000003,0.0026556887618845743
ON,0.3,0.4,1.0,10,140.16666666666666,0.13817,0.0026489525854571315
ON,0.3,0.4,1.0,10,140.33333333333334,0.13816820000000002,0.0026450621845242146
ON,0.3,0.4,1.0,10,140.5,0.1381483,0.002639100568375522
ON,0.3,0.4,1.0,10,140.66666666666666,0.13817139999999997,0.0026402295809266297
ON,0.3,0.4,1.0,10,140.83333333333334,0.13818139999999998,0.0026324710140854355
ON,0.3,0.4,1.0,10,141.0,0.1381835,0.0026162305422114474
ON,0.3,0.4,1.0,10,141.16666666666666,0.13818760000000002,0.0026400409163495936
ON,0.3,0.4,1.0,10,141.33333333333334,0.13818409999999998,0.0026529402726032125
ON,0.3,0.4,1.0,10,141.5,0.1381848,0.0026442918068927275
ON,0.3,0.4,1.0,10,141.66666666666666,0.1381869,0.002657962018163541
ON,0.3,0.4,1.0,10,141.83333333333334,0.1381908,0.0026746031406547077
ON,0.3,0.4,1.0,10,142.0,0.1382049,0.002665632137036164
ON,0.3,0.4,1.0,10,142.16666666666666,0.13821089999999997,0.002696752174375689
ON,0.3,0.4,1.0,10,142.33333333333334,0.1381888,0.002703692911556342
ON,0.3,0.4,1.0,10,142.5,0.13816420000000001,0.002689000624767501
ON,0.3,0.4,1.0,10,142.66666666666666,0.13815629999999998,0.002659707053417722
ON,0.3,0.4,1.0,10,142.83333333333334,0.13816830000000002,0.002649714024192042
ON,0.3,0.4,1.0,10,143.0,0.13817809999999997,0.0026532087158759317
ON,0.3,0.4,1.0,10,143.16666666666666,0.13817240000000003,0.002662946758761804
ON,0.3,0.4,1.0,10,143.33333333333334,0.1381842,0.0026635731564948638
ON,0.3,0.4,1.0,10,143.5,0.13818070000000002,0.0026766253398636092
ON,0.3,0.4,1.0,10,143.66666666666666,0.13816599999999998,0.002668409263962332
ON,0.3,0.4,1.0,10,143.83333333333334,0.13816010000000004,0.0026633679599334372
ON,0.3,0.4,1.0,10,144.0,0.1381666,0.0026800731781054066
ON,0.3,0.4,1.0,10,144.16666666666666,0.1381662,0.0026818240359874498
ON,0.3,0.4,1.0,10,144.33333333333334,0.13817210000000002,0.002688853824587719
ON,0.3,0.4,1.0,10,144.5,0.1381574,0.0026872345710786017
ON,0.3,0.4,1.0,10,144.66666666666666,0.1381473,0.0026964075749040628
ON,0.3,0.4,1.0,10,144.83333333333334,0.13815799999999998,0.002665174891071878
ON,0.3,0.4,1.0,10,145.0,0.1381738,0.0026688497822095585
ON,0.3,0.4,1.0,10,145.16666666666666,0.1381865,0.002652919269408703
ON,0.3,0.4,1.0,10,145.33333333333334,0.13818760000000002,0.002667104317419927
ON,0.3,0.4,1.0,10,145.5,0.13819140000000002,0.002656860146865095
ON,0.3,0.4,1.0,10,145.66666666666666,0.13820059999999998,0.0026773977366091914
ON,0.3,0.4,1.0,10,145.83333333333334,0.1382087,0.002696156525500697
ON,0.3,0.4,1.0,10,146.0,0.1381994,0.002697594380183943
ON,0.3,0.4,1.0,10,146.16666666666666,0.13818539999999999,0.0027028193502341195
ON,0.3,0.4,1.0,10,146.33333333333334,0.13817,0.0026907235458144
ON,0.3,0.4,1.0,10,146.5,0.1382074,0.0026738889356141896
ON,0.3,0.4,1.0,10,146.66666666666666,0.13820369999999998,0.002664962703303748
ON,0.3,0.4,1.0,10,146.83333333333334,0.1382053,0.0026758849022332724
ON,0.3,0.4,1.0,10,147.0,0.1382085,0.0026636743138003954
ON,0.3,0.4,1.0,10,147.16666666666666,0.13819859999999998,0.0026730053572711016
ON,0.3,0.4,1.0,10,147.33333333333334,0.13820369999999998,0.0026732510937059373
ON,0.3,0.4,1.0,10,147.5,0.1382078,0.00267484163269529
ON,0.3,0.4,1.0,10,147.66666666666666,0.1382006,0.0026929955514259562
ON,0.3,0.4,1.0,10,147.83333333333334,0.13822779999999998,0.0026966641170156885
ON,0.3,0.4,1.0,10,148.0,0.138235,0.002735500831657704
ON,0.3,0.4,1.0,10,148.16666666666666,0.13822589999999998,0.002741243493380331
ON,0.3,0.4,1.0,10,148.33333333333334,0.1382288,0.0027529596727885433
ON,0.3,0.4,1.0,10,148.5,0.1382407,0.0027561768103661253
ON,0.3,0.4,1.0,10,148.66666666666666,0.13822399999999999,0.0027374246656300875
ON,0.3,0.4,1.0,10,148.83333333333334,0.1382429,0.002755454098692263
ON,0.3,0.4,1.0,10,149.0,0.13824350000000002,0.0027468336407580297
ON,0.3,0.4,1.0,10,149.16666666666666,0.13825130000000002,0.0027521949440401207
ON,0.3,0.4,1.0,10,149.33333333333334,0.1382427,0.0027713684002672787
ON,0.3,0.4,1.0,10,149.5,0.1382285,0.0027823461412987416
ON,0.3,0.4,1.0,10,149.66666666666666,0.13822779999999998,0.002773137385705944
ON,0.3,0.4,1.0,10,149.83333333333334,0.1382292,0.00276395567258232
ON,0.3,0.4,1.0,10,150.0,0.13822,0.0027730203028467006
ON,0.3,0.4,1.0,10,150.16666666666666,0.13822459999999998,0.002785152247185063
ON,0.3,0.4,1.0,10,150.33333333333334,0.138258,0.0027818336039382367
ON,0.3,0.4,1.0,10,150.5,0.1382445,0.0028140293264285626
ON,0.3,0.4,1.0,10,150.66666666666666,0.1382219,0.0028270307904230507
ON,0.3,0.4,1.0,10,150.83333333333334,0.1382434,0.0028287430141318913
ON,0.3,0.4,1.0,10,151.0,0.1382263,0.002824994798225302
ON,0.3,0.4,1.0,10,151.16666666666666,0.1382282,0.0028162559826833944
ON,0.3,0.4,1.0,10,151.33333333333334,0.1382415,0.002813629124458308
ON,0.3,0.4,1.0,10,151.5,0.13825759999999998,0.0028228498082611482
ON,0.3,0.4,1.0,10,151.66666666666666,0.13826219999999997,0.0028376017620518894
ON,0.3,0.4,1.0,10,151.83333333333334,0.138238,0.0028258883558980176
ON,0.3,0.4,1.0,10,152.0,0.1382568,0.0028258190600248963
ON,0.3,0.4,1.0,10,152.16666666666666,0.1382281,0.0028328230248287627
ON,0.3,0.4,1.0,10,152.33333333333334,0.1382034,0.002801982483885296
ON,0.3,0.4,1.0,10,152.5,0.1381999,0.0027847705273505033
ON,0.3,0.4,1.0,10,152.66666666666666,0.13821730000000002,0.0027885789230358846
ON,0.3,0.4,1.0,10,152.83333333333334,0.1382577,0.002832910307440039
ON,0.3,0.4,1.0,10,153.0,0.13824889999999998,0.002814197734701669
ON,0.3,0.4,1.0,10,153.16666666666666,0.1382459,0.0028462493724197885
ON,0.3,0.4,1.0,10,153.33333333333334,0.1382503,0.0028550793351498974
ON,0.3,0.4,1.0,10,153.5,0.1382368,0.002848351516228292
ON,0.3,0.4,1.0,10,153.66666666666666,0.13823309999999997,0.0028575736718412037
ON,0.3,0.4,1.0,10,153.83333333333334,0.1382166,0.002847852671751119
ON,0.3,0.4,1.0,10,154.0,0.1382066,0.002864963392436277
ON,0.3,0.4,1.0,10,154.16666666666666,0.1382033,0.002886222966092535
ON,0.3,0.4,1.0,10,154.33333333333334,0.13821409999999998,0.0029000144982396225
ON,0.3,0.4,1.0,10,154.5,0.1382293,0.0028906930674148005
ON,0.3,0.4,1.0,10,154.66666666666666,0.1382296,0.0028824591306729737
ON,0.3,0.4,1.0,10,154.83333333333334,0.13822050000000002,0.002877215954703437
ON,0.3,0.4,1.0,10,155.0,0.1382227,0.0028938076663800574
ON,0.3,0.4,1.0,10,155.16666666666666,0.13819440000000002,0.002897259159964807
ON,0.3,0.4,1.0,10,155.33333333333334,0.1381941,0.0028830019580291647
ON,0.3,0.4,1.0,10,155.5,0.138178,0.0028821175201577025
ON,0.3,0.4,1.0,10,155.66666666666666,0.1381605,0.0028766497266785856
ON,0.3,0.4,1.0,10,155.83333333333334,0.13816050000000002,0.00287966294034562
ON,0.3,0.4,1.0,10,156.0,0.1381351,0.0028892695772461245
ON,0.3,0.4,1.0,10,156.16666666666666,0.13812770000000002,0.002886590100793669
ON,0.3,0.4,1.0,10,156.33333333333334,0.138099,0.0028865442314296853
ON,0.3,0.4,1.0,10,156.5,0.1381208,0.00291759461885986
ON,0.3,0.4,1.0,10,156.66666666666666,0.1381228,0.0029001651952949158
ON,0.3,0.4,1.0,10,156.83333333333334,0.13810440000000002,0.0029015792320734556
ON,0.3,0.4,1.0,10,157.0,0.1381375,0.00291852014726642
ON,0.3,0.4,1.0,10,157.16666666666666,0.13813709999999998,0.002927685722546056
ON,0.3,0.4,1.0,10,157.33333333333334,0.1381415,0.002930871994816561
ON,0.3,0.4,1.0,10,157.5,0.1381418,0.0029123315333251447
ON,0.3,0.4,1.0,10,157.66666666666666,0.1381326,0.0028970849210887837
ON,0.3,0.4,1.0,10,157.83333333333334,0.1381481,0.002918004470524337
ON,0.3,0.4,1.0,10,158.0,0.1381636,0.0029372660145107754
ON,0.3,0.4,1.0,10,158.16666666666666,0.1381775,0.0029598076035445317
ON,0.3,0.4,1.0,10,158.33333333333334,0.13817600000000002,0.0029444932671004727
ON,0.3,0.4,1.0,10,158.5,0.1381773,0.0029613259884720576
ON,0.3,0.4,1.0,10,158.66666666666666,0.1381655,0.0029579183305155714
ON,0.3,0.4,1.0,10,158.83333333333334,0.13815729999999998,0.0029810755122941747
ON,0.3,0.4,1.0,10,159.0,0.1381425,0.002991310022381501
ON,0.3,0.4,1.0,10,159.16666666666666,0.1381326,0.003003013959341514
ON,0.3,0.4,1.0,10,159.33333333333334,0.1381349,0.003009547323103596
ON,0.3,0.4,1.0,10,159.5,0.1381308,0.0029918790349878805
ON,0.3,0.4,1.0,10,159.66666666666666,0.13811470000000003,0.0029799885922600477
ON,0.3,0.4,1.0,10,159.83333333333334,0.1381087,0.0029671397355028584
ON,0.3,0.4,1.0,10,160.0,0.1381035,0.0029650705640844395
ON,0.3,0.4,1.0,10,160.16666666666666,0.1381206,0.002993726380282605
ON,0.3,0.4,1.0,10,160.33333333333334,0.13810909999999998,0.0030048076627298484
ON,0.3,0.4,1.0,10,160.5,0.1381008,0.0030117694732499
ON,0.3,0.4,1.0,10,160.66666666666666,0.1381081,0.002994684372350451
ON,0.3,0.4,1.0,10,160.83333333333334,0.1381074,0.0029956996578428914
ON,0.3,0.4,1.0,10,161.0,0.1381197,0.002996759751798599
ON,0.3,0.4,1.0,10,161.16666666666666,0.1381064,0.002990771010960213
ON,0.3,0.4,1.0,10,161.33333333333334,0.1380882,0.003004500783824159
ON,0.3,0.4,1.0,10,161.5,0.1381159,0.003007939642014111
ON,0.3,0.4,1.0,10,161.66666666666666,0.1380962,0.0030256984582076266
ON,0.3,0.4,1.0,10,161.83333333333334,0.1380851,0.0030523949433190994
ON,0.3,0.4,1.0,10,162.0,0.138077,0.003058978489626888
ON,0.3,0.4,1.0,10,162.16666666666666,0.138064,0.0030661206434189803
ON,0.3,0.4,1.0,10,162.33333333333334,0.13803859999999998,0.0030609540081484384
ON,0.3,0.4,1.0,10,162.5,0.138092,0.0030638484949487956
ON,0.3,0.4,1.0,10,162.66666666666666,0.13813140000000002,0.003073267518456535
ON,0.3,0.4,1.0,10,162.83333333333334,0.1381414,0.0030760580358634355
ON,0.3,0.4,1.0,10,163.0,0.13810899999999998,0.003109986495147524
ON,0.3,0.4,1.0,10,163.16666666666666,0.1381222,0.0031130967476132184
ON,0.3,0.4,1.0,10,163.33333333333334,0.1381062,0.003117366670765569
ON,0.3,0.4,1.0,10,163.5,0.1381088,0.003107754938858594
ON,0.3,0.4,1.0,10,163.66666666666666,0.1381221,0.003091152712177129
ON,0.3,0.4,1.0,10,163.83333333333334,0.1381322,0.0030710806176328194
ON,0.3,0.4,1.0,10,164.0,0.1381253,0.003092165585799055
ON,0.3,0.4,1.0,10,164.16666666666666,0.1381443,0.0030527942626387443
ON,0.3,0.4,1.0,10,164.33333333333334,0.1381146,0.003041109639588808
ON,0.3,0.4,1.0,10,164.5,0.1381065,0.0030193846144537444
ON,0.3,0.4,1.0,10,164.66666666666666,0.13809880000000002,0.003001790092594751
ON,0.3,0.4,1.0,10,164.83333333333334,0.13810189999999997,0.0030082372064051083
ON,0.3,0.4,1.0,10,165.0,0.13810969999999997,0.003017562958746674
ON,0.3,0.4,1.0,10,165.16666666666666,0.1381231,0.0030140131535877504
ON,0.3,0.4,1.0,10,165.33333333333334,0.13811120000000005,0.0030140218910950163
ON,0.3,0.4,1.0,10,165.5,0.1381203,0.002984627080557969
ON,0.3,0.4,1.0,10,165.66666666666666,0.1381249,0.0029591730415776604
ON,0.3,0.4,1.0,10,165.83333333333334,0.13811210000000002,0.0029453268562249575
ON,0.3,0.4,1.0,10,166.0,0.1381013,0.0029662738932876745
ON,0.3,0.4,1.0,10,166.16666666666666,0.1380821,0.0029684346868341237
ON,0.3,0.4,1.0,10,166.33333333333334,0.13807750000000002,0.002952192041517628
ON,0.3,0.4,1.0,10,166.5,0.13809620000000003,0.0029569655324335467
ON,0.3,0.4,1.0,10,166.66666666666666,0.13809069999999998,0.002942751435306758
ON,0.3,0.4,1.0,10,166.83333333333334,0.13810610000000004,0.0029404780376666674
ON,0.3,0.4,1.0,10,167.0,0.1380932,0.002934774362706607
ON,0.3,0.4,1.0,10,167.16666666666666,0.1380973,0.002914569541115809
ON,0.3,0.4,1.0,10,167.33333333333334,0.1380649,0.0029101283287855206
ON,0.3,0.4,1.0,10,167.5,0.13803859999999998,0.0029046435306247093
ON,0.3,0.4,1.0,10,167.66666666666666,0.1380385,0.0029085919703526635
ON,0.3,0.4,1.0,10,167.83333333333334,0.13804,0.0029114144328830937
ON,0.3,0.4,1.0,10,168.0,0.13804069999999996,0.0029443543621649874
ON,0.3,0.4,1.0,10,168.16666666666666,0.1380443,0.0029424617941444862
ON,0.3,0.4,1.0,10,168.33333333333334,0.13803510000000002,0.0029318720794059183
ON,0.3,0.4,1.0,10,168.5,0.13804609999999998,0.0029203452347282494
ON,0.3,0.4,1.0,10,168.66666666666666,0.1380363,0.002927490667790419
ON,0.3,0.4,1.0,10,168.83333333333334,0.13803929999999998,0.002925601068156763
ON,0.3,0.4,1.0,10,169.0,0.13804330000000004,0.0029046645606678914
ON,0.3,0.4,1.0,10,169.16666666666666,0.13803780000000002,0.002896872340991233
ON,0.3,0.4,1.0,10,169.33333333333334,0.13805810000000002,0.0028878937463140846
ON,0.3,0.4,1.0,10,169.5,0.1380615,0.002894242051038582
ON,0.3,0.4,1.0,10,169.66666666666666,0.1380677,0.0029077479619114173
ON,0.3,0.4,1.0,10,169.83333333333334,0.13804850000000002,0.0029021590325135484
ON,0.3,0.4,1.0,10,170.0,0.1380589,0.002903658638683271
ON,0.3,0.4,1.0,10,170.16666666666666,0.1380592,0.0029054710392636884
ON,0.3,0.4,1.0,10,170.33333333333334,0.13806590000000002,0.0028864357761779463
ON,0.3,0.4,1.0,10,170.5,0.1380984,0.0029035791086175
ON,0.3,0.4,1.0,10,170.66666666666666,0.1381078,0.0029159002657841377
ON,0.3,0.4,1.0,10,170.83333333333334,0.13809150000000003,0.0029164950625708255
ON,0.3,0.4,1.0,10,171.0,0.13805590000000004,0.002911754881510464
ON,0.3,0.4,1.0,10,171.16666666666666,0.1380539,0.002921053797861306
ON,0.3,0.4,1.0,10,171.33333333333334,0.1380731,0.002930905848027193
ON,0.3,0.4,1.0,10,171.5,0.1380675,0.002934162921516118
ON,0.3,0.4,1.0,10,171.66666666666666,0.13806240000000003,0.0029473572297907865
ON,0.3,0.4,1.0,10,171.83333333333334,0.13803959999999998,0.0029459984792935662
ON,0.3,0.4,1.0,10,172.0,0.1380249,0.0029458960758994863
ON,0.3,0.4,1.0,10,172.16666666666666,0.1380523,0.0029196285739799183
ON,0.3,0.4,1.0,10,172.33333333333334,0.1380433,0.0029288026922276605
ON,0.3,0.4,1.0,10,172.5,0.138008,0.002892807079637354
ON,0.3,0.4,1.0,10,172.66666666666666,0.13801599999999997,0.0029270986659147673
ON,0.3,0.4,1.0,10,172.83333333333334,0.13801070000000001,0.002935283190767122
ON,0.3,0.4,1.0,10,173.0,0.1379999,0.0029415436916693937
ON,0.3,0.4,1.0,10,173.16666666666666,0.13799869999999997,0.0029382049639192984
ON,0.3,0.4,1.0,10,173.33333333333334,0.1380114,0.002934980654110009
ON,0.3,0.4,1.0,10,173.5,0.1380492,0.00292993255212471
ON,0.3,0.4,1.0,10,173.66666666666666,0.13804180000000002,0.0029369918896721536
ON,0.3,0.4,1.0,10,173.83333333333334,0.13802029999999998,0.0029359074253116377
ON,0.3,0.4,1.0,10,174.0,0.1380058,0.0029329516122841176
ON,0.3,0.4,1.0,10,174.16666666666666,0.1380068,0.0029268830793183387
ON,0.3,0.4,1.0,10,174.33333333333334,0.1380225,0.00293240509650355
ON,0.3,0.4,1.0,10,174.5,0.1380435,0.0029391288590328935
ON,0.3,0.4,1.0,10,174.66666666666666,0.13804080000000002,0.0029378460749331318
ON,0.3,0.4,1.0,10,174.83333333333334,0.1380554,0.0029733995426111165
ON,0.3,0.4,1.0,10,175.0,0.13806639999999998,0.002973776595509486
ON,0.3,0.4,1.0,10,175.16666666666666,0.138066,0.002962339210826469
ON,0.3,0.4,1.0,10,175.33333333333334,0.1380635,0.0029788346127302906
ON,0.3,0.4,1.0,10,175.5,0.1380505,0.0029682455845162154
ON,0.3,0.4,1.0,10,175.66666666666666,0.1380634,0.0029620892018978762
ON,0.3,0.4,1.0,10,175.83333333333334,0.1380703,0.002960565657100011
ON,0.3,0.4,1.0,10,176.0,0.1380975,0.0029556488373959438
ON,0.3,0.4,1.0,10,176.16666666666666,0.1380917,0.0029361878703516244
ON,0.3,0.4,1.0,10,176.33333333333334,0.1380385,0.0029196205318499863
ON,0.3,0.4,1.0,10,176.5,0.1380255,0.002903544497678655
ON,0.3,0.4,1.0,10,176.66666666666666,0.13804070000000002,0.0029189837974884342
ON,0.3,0.4,1.0,10,176.83333333333334,0.1380653,0.0028958922303842735
ON,0.3,0.4,1.0,10,177.0,0.1380878,0.0028891172631099623
ON,0.3,0.4,1.0,10,177.16666666666666,0.13811230000000002,0.002918319689478864
ON,0.3,0.4,1.0,10,177.33333333333334,0.1381209,0.002909019369134554
ON,0.3,0.4,1.0,10,177.5,0.1381443,0.0029311492984834455
ON,0.3,0.4,1.0,10,177.66666666666666,0.13815000000000005,0.002948224279121249
ON,0.3,0.4,1.0,10,177.83333333333334,0.1381585,0.0029295694308208477
ON,0.3,0.4,1.0,10,178.0,0.1381314,0.002934193047500455
ON,0.3,0.4,1.0,10,178.16666666666666,0.13811489999999998,0.0029084846724712196
ON,0.3,0.4,1.0,10,178.33333333333334,0.13811620000000002,0.0029078347545897446
ON,0.3,0.4,1.0,10,178.5,0.13812339999999998,0.0028724082300397302
ON,0.3,0.4,1.0,10,178.66666666666666,0.1381326,0.0028714265862111094
ON,0.3,0.4,1.0,10,178.83333333333334,0.1381161,0.002880767066251623
ON,0.3,0.4,1.0,10,179.0,0.13810579999999997,0.0028748688944019683
ON,0.3,0.4,1.0,10,179.16666666666666,0.13812219999999997,0.0028606857149991163
ON,0.3,0.4,1.0,10,179.33333333333334,0.138131,0.00286780327079805
ON,0.3,0.4,1.0,10,179.5,0.1381329,0.0028484070794042053
ON,0.3,0.4,1.0,10,179.66666666666666,0.1381051,0.002856928681293955
ON,0.3,0.4,1.0,10,179.83333333333334,0.1380921,0.0028586124763598183
ON,0.3,0.4,1.0,10,180.0,0.1380878,0.002871504128501299
ON,0.3,0.4,1.0,10,180.16666666666666,0.1380693,0.002876597470971569
ON,0.3,0.4,1.0,10,180.33333333333334,0.13807279999999997,0.0028766205450145854
ON,0.3,0.4,1.0,10,180.5,0.1380672,0.0028846660049302057
ON,0.3,0.4,1.0,10,180.66666666666666,0.13807379999999997,0.002880331258727022
ON,0.3,0.4,1.0,10,180.83333333333334,0.1380682,0.002866036908345739
ON,0.3,0.4,1.0,10,181.0,0.13806600000000002,0.0028673627255720513
ON,0.3,0.4,1.0,10,181.16666666666666,0.13806439999999998,0.0028673410400578475
ON,0.3,0.4,1.0,10,181.33333333333334,0.13806919999999998,0.002868893751953879
ON,0.3,0.4,1.0,10,181.5,0.1380634,0.0028702713530257043
ON,0.3,0.4,1.0,10,181.66666666666666,0.13805099999999998,0.0028672695722585986
ON,0.3,0.4,1.0,10,181.83333333333334,0.138076,0.0028875578955234785
ON,0.3,0.4,1.0,10,182.0,0.13806959999999996,0.002869205541609035
ON,0.3,0.4,1.0,10,182.16666666666666,0.138078,0.0029102541469775405
ON,0.3,0.4,1.0,10,182.33333333333334,0.1380844,0.002909732400067059
ON,0.3,0.4,1.0,10,182.5,0.138067,0.002938629204237925
ON,0.3,0.4,1.0,10,182.66666666666666,0.1380656,0.002940243942260571
ON,0.3,0.4,1.0,10,182.83333333333334,0.1380769,0.0029330155284280368
ON,0.3,0.4,1.0,10,183.0,0.1380708,0.0029103621355425864
ON,0.3,0.4,1.0,10,183.16666666666666,0.1380527,0.0029027782226687606
ON,0.3,0.4,1.0,10,183.33333333333334,0.13804239999999998,0.0028884854924337076
ON,0.3,0.4,1.0,10,183.5,0.138063,0.0028932402250763803
ON,0.3,0.4,1.0,10,183.66666666666666,0.13806749999999998,0.0028899071351861784
ON,0.3,0.4,1.0,10,183.83333333333334,0.13807359999999996,0.0028945014493000293
ON,0.3,0.4,1.0,10,184.0,0.13807180000000002,0.0028919103305600573
ON,0.3,0.4,1.0,10,184.16666666666666,0.1380591,0.0028683869491405805
ON,0.3,0.4,1.0,10,184.33333333333334,0.1380575,0.002852426694938893
ON,0.3,0.4,1.0,10,184.5,0.13804049999999998,0.0028744118441865613
ON,0.3,0.4,1.0,10,184.66666666666666,0.13804690000000003,0.002889926796650743
ON,0.3,0.4,1.0,10,184.83333333333334,0.13804619999999998,0.002880450443941019
ON,0.3,0.4,1.0,10,185.0,0.1380377,0.0028677582551533192
ON,0.3,0.4,1.0,10,185.16666666666666,0.13802330000000002,0.0028736300057592627
ON,0.3,0.4,1.0,10,185.33333333333334,0.1380365,0.002861297896060457
ON,0.3,0.4,1.0,10,185.5,0.13804940000000002,0.002862442181075451
ON,0.3,0.4,1.0,10,185.66666666666666,0.13806849999999998,0.002890826118949392
ON,0.3,0.4,1.0,10,185.83333333333334,0.13806990000000002,0.002907992450127752
ON,0.3,0.4,1.0,10,186.0,0.1380344,0.0029362504729671807
ON,0.3,0.4,1.0,10,186.16666666666666,0.1380071,0.00294423716605847
ON,0.3,0.4,1.0,10,186.33333333333334,0.1380121,0.002957570775146387
ON,0.3,0.4,1.0,10,186.5,0.13799940000000002,0.0029374031456373207
ON,0.3,0.4,1.0,10,186.66666666666666,0.138013,0.0029254107062086196
ON,0.3,0.4,1.0,10,186.83333333333334,0.13799810000000004,0.0029125047793952213
ON,0.3,0.4,1.0,10,187.0,0.13798530000000003,0.0029107197752446037
ON,0.3,0.4,1.0,10,187.16666666666666,0.1379843,0.002906758918451958
ON,0.3,0.4,1.0,10,187.33333333333334,0.1379947,0.0028966507573402775
ON,0.3,0.4,1.0,10,187.5,0.1379987,0.002924940411358838
ON,0.3,0.4,1.0,10,187.66666666666666,0.13800030000000002,0.002947849353342199
ON,0.3,0.4,1.0,10,187.83333333333334,0.13798570000000002,0.002941189148966794
ON,0.3,0.4,1.0,10,188.0,0.1379925,0.002920432647742457
ON,0.3,0.4,1.0,10,188.16666666666666,0.13797900000000002,0.002920343883860253
ON,0.3,0.4,1.0,10,188.33333333333334,0.1379797,0.002937407668336149
ON,0.3,0.4,1.0,10,188.5,0.1380201,0.002931599988061129
ON,0.3,0.4,1.0,10,188.66666666666666,0.1380078,0.0029351029896751506
ON,0.3,0.4,1.0,10,188.83333333333334,0.1379889,0.002936551972977834
ON,0.3,0.4,1.0,10,189.0,0.1379815,0.0029488213662410986
ON,0.3,0.4,1.0,10,189.16666666666666,0.13800459999999998,0.0029894723347105895
ON,0.3,0.4,1.0,10,189.33333333333334,0.1379922,0.0029984893129707847
ON,0.3,0.4,1.0,10,189.5,0.1379993,0.003009024860316048
ON,0.3,0.4,1.0,10,189.66666666666666,0.13798509999999997,0.0030064743288443375
ON,0.3,0.4,1.0,10,189.83333333333334,0.1379594,0.0030177610972374853
ON,0.3,0.4,1.0,10,190.0,0.1379472,0.00301023054931014
ON,0.3,0.4,1.0,10,190.16666666666666,0.137935,0.003013611852910062
ON,0.3,0.4,1.0,10,190.33333333333334,0.1379598,0.003022030635185554
ON,0.3,0.4,1.0,10,190.5,0.13798,0.00301584790730567
ON,0.3,0.4,1.0,10,190.66666666666666,0.1380176,0.003030804190309891
ON,0.3,0.4,1.0,10,190.83333333333334,0.13800600000000002,0.003027403772211436
ON,0.3,0.4,1.0,10,191.0,0.137977,0.0030127820033981913
ON,0.3,0.4,1.0,10,191.16666666666666,0.13796630000000001,0.0030078138921815
ON,0.3,0.4,1.0,10,191.33333333333334,0.1379725,0.0030125276181306665
ON,0.3,0.4,1.0,10,191.5,0.1379953,0.0030369166287535837
ON,0.3,0.4,1.0,10,191.66666666666666,0.1379805,0.0030295206303968254
ON,0.3,0.4,1.0,10,191.83333333333334,0.1379824,0.00302868077551927
ON,0.3,0.4,1.0,10,191.99833333333333,0.13800830000000003,0.003018593879606858
ON,0.3,0.4,1.0,10,192.0,0.1380071,0.0030188036521112105
ON,0.3,0.4,3.0,10,0.0,0.09957505,0.0003250554268121059
ON,0.3,0.4,3.0,10,0.16666666666666666,0.1040729,0.0004682698901274777
ON,0.3,0.4,3.0,10,0.3333333333333333,0.10905119999999999,0.0006601069307316785
ON,0.3,0.4,3.0,10,0.5,0.11317650000000001,0.0008342082773504455
ON,0.3,0.4,3.0,10,0.6666666666666666,0.11635730000000002,0.0010124433860715391
ON,0.3,0.4,3.0,10,0.8333333333333334,0.1187092,0.0011652071747118651
ON,0.3,0.4,3.0,10,1.0,0.12052339999999999,0.0012864025186542518
ON,0.3,0.4,3.0,10,1.1666666666666667,0.1220864,0.0013597565370315383
ON,0.3,0.4,3.0,10,1.3333333333333333,0.12332949999999998,0.0014312329824315794
ON,0.3,0.4,3.0,10,1.5,0.12435679999999998,0.0014494216639749783
ON,0.3,0.4,3.0,10,1.6666666666666667,0.1253188,0.0014438174261311603
ON,0.3,0.4,3.0,10,1.8333333333333333,0.12604310000000002,0.001496219666359187
ON,0.3,0.4,3.0,10,2.0,0.126692,0.0014494098109230514
ON,0.3,0.4,3.0,10,2.1666666666666665,0.1273136,0.0014593438388536132
ON,0.3,0.4,3.0,10,2.3333333333333335,0.127815,0.0014204844948115436
ON,0.3,0.4,3.0,10,2.5,0.1282736,0.0014002364943108715
ON,0.3,0.4,3.0,10,2.6666666666666665,0.1287617,0.0013856681456972315
ON,0.3,0.4,3.0,10,2.8333333333333335,0.12920739999999997,0.0014244580162293275
ON,0.3,0.4,3.0,10,3.0,0.12962590000000002,0.0014528936265260416
ON,0.3,0.4,3.0,10,3.1666666666666665,0.13000830000000002,0.0014113389422814053
ON,0.3,0.4,3.0,10,3.3333333333333335,0.1304129,0.0014348198109867363
ON,0.3,0.4,3.0,10,3.5,0.13073490000000001,0.0014341403313483678
ON,0.3,0.4,3.0,10,3.6666666666666665,0.1310309,0.0014804149722290765
ON,0.3,0.4,3.0,10,3.8333333333333335,0.13135409999999997,0.0014748900603095833
ON,0.3,0.4,3.0,10,4.0,0.13162350000000003,0.0015116858966068298
ON,0.3,0.4,3.0,10,4.166666666666667,0.1318866,0.0015360969500653274
ON,0.3,0.4,3.0,10,4.333333333333333,0.1321364,0.0015284049986832708
ON,0.3,0.4,3.0,10,4.5,0.1324284,0.0015111092746720844
ON,0.3,0.4,3.0,10,4.666666666666667,0.1326785,0.0015392006529364559
ON,0.3,0.4,3.0,10,4.833333333333333,0.13291799999999998,0.0015240365481181887
ON,0.3,0.4,3.0,10,5.0,0.13315300000000002,0.0014962079400938878
ON,0.3,0.4,3.0,10,5.166666666666667,0.1333989,0.0015064003086829219
ON,0.3,0.4,3.0,10,5.333333333333333,0.13360219999999998,0.0015519090695011763
ON,0.3,0.4,3.0,10,5.5,0.133791,0.0015618964754425967
ON,0.3,0.4,3.0,10,5.666666666666667,0.13396380000000002,0.001590248269925169
ON,0.3,0.4,3.0,10,5.833333333333333,0.1341722,0.0015965188880811935
ON,0.3,0.4,3.0,10,6.0,0.1343766,0.001564590502335997
ON,0.3,0.4,3.0,10,6.166666666666667,0.13460129999999998,0.0015892523430846323
ON,0.3,0.4,3.0,10,6.333333333333333,0.13477679999999997,0.001592534445467347
ON,0.3,0.4,3.0,10,6.5,0.1349501,0.0016223520240687581
ON,0.3,0.4,3.0,10,6.666666666666667,0.1351565,0.0016272888649529944
ON,0.3,0.4,3.0,10,6.833333333333333,0.13534929999999998,0.0016383370257672843
ON,0.3,0.4,3.0,10,7.0,0.13549039999999998,0.0016804767299787313
ON,0.3,0.4,3.0,10,7.166666666666667,0.13564230000000002,0.0016637890521337137
ON,0.3,0.4,3.0,10,7.333333333333333,0.1358148,0.0016827208800035708
ON,0.3,0.4,3.0,10,7.5,0.13593490000000003,0.0016933880506251366
ON,0.3,0.4,3.0,10,7.666666666666667,0.13606829999999998,0.0016591264599179901
ON,0.3,0.4,3.0,10,7.833333333333333,0.1362372,0.0016617254767259235
ON,0.3,0.4,3.0,10,8.0,0.1363774,0.0016207083759887193
ON,0.3,0.4,3.0,10,8.166666666666666,0.1365246,0.0016669356436287497
ON,0.3,0.4,3.0,10,8.333333333333334,0.1366317,0.001658287010743318
ON,0.3,0.4,3.0,10,8.5,0.1367566,0.001676687221875323
ON,0.3,0.4,3.0,10,8.666666666666666,0.13684979999999997,0.0016641946881299679
ON,0.3,0.4,3.0,10,8.833333333333334,0.1369337,0.001673499091723687
ON,0.3,0.4,3.0,10,9.0,0.1370567,0.0016347810281502548
ON,0.3,0.4,3.0,10,9.166666666666666,0.13716330000000002,0.001623727751194764
ON,0.3,0.4,3.0,10,9.333333333333334,0.1372701,0.0015889439543294163
ON,0.3,0.4,3.0,10,9.5,0.13738389999999998,0.0015861395556507642
ON,0.3,0.4,3.0,10,9.666666666666666,0.1374591,0.0015749721553094222
ON,0.3,0.4,3.0,10,9.833333333333334,0.1375593,0.0016090620901630848
ON,0.3,0.4,3.0,10,10.0,0.1376647,0.0015891634308654323
ON,0.3,0.4,3.0,10,10.166666666666666,0.1377622,0.0015975010359934026
ON,0.3,0.4,3.0,10,10.333333333333334,0.13784729999999998,0.001610242966138958
ON,0.3,0.4,3.0,10,10.5,0.1379679,0.0016323425774021835
ON,0.3,0.4,3.0,10,10.666666666666666,0.1380453,0.0016425651920091342
ON,0.3,0.4,3.0,10,10.833333333333334,0.13809659999999999,0.0016382338172556425
ON,0.3,0.4,3.0,10,11.0,0.1382202,0.001631169445520604
ON,0.3,0.4,3.0,10,11.166666666666666,0.1382922,0.001616654991023133
ON,0.3,0.4,3.0,10,11.333333333333334,0.1383471,0.0015955790453625308
ON,0.3,0.4,3.0,10,11.5,0.1384187,0.0015887868988634063
ON,0.3,0.4,3.0,10,11.666666666666666,0.13847900000000002,0.0015843765335298333
ON,0.3,0.4,3.0,10,11.833333333333334,0.1385465,0.0015464093410219642
ON,0.3,0.4,3.0,10,12.0,0.13859440000000003,0.001534430330774261
ON,0.3,0.4,3.0,10,12.166666666666666,0.1386535,0.0015550992412061686
ON,0.3,0.4,3.0,10,12.333333333333334,0.138705,0.0015439883419249036
ON,0.3,0.4,3.0,10,12.5,0.1387438,0.001559830234352442
ON,0.3,0.4,3.0,10,12.666666666666666,0.1388164,0.0015650519607987427
ON,0.3,0.4,3.0,10,12.833333333333334,0.13890390000000002,0.0015465810324713054
ON,0.3,0.4,3.0,10,13.0,0.13897690000000001,0.0015278799331099274
ON,0.3,0.4,3.0,10,13.166666666666666,0.13905720000000002,0.0015053553600396158
ON,0.3,0.4,3.0,10,13.333333333333334,0.1390978,0.001498862755558355
ON,0.3,0.4,3.0,10,13.5,0.1391512,0.0014956375764201737
ON,0.3,0.4,3.0,10,13.666666666666666,0.1392121,0.001518902593980273
ON,0.3,0.4,3.0,10,13.833333333333334,0.1392674,0.001485026545217289
ON,0.3,0.4,3.0,10,14.0,0.13934649999999998,0.001509825966792197
ON,0.3,0.4,3.0,10,14.166666666666666,0.1393753,0.0015148955772593708
ON,0.3,0.4,3.0,10,14.333333333333334,0.1394437,0.0014826756927932693
ON,0.3,0.4,3.0,10,14.5,0.1394726,0.00149571943893232
ON,0.3,0.4,3.0,10,14.666666666666666,0.13950769999999998,0.0015171541813540272
ON,0.3,0.4,3.0,10,14.833333333333334,0.1395609,0.0015022472799109989
ON,0.3,0.4,3.0,10,15.0,0.13961110000000002,0.0015039488322413116
ON,0.3,0.4,3.0,10,15.166666666666666,0.1396369,0.0014974708311015607
ON,0.3,0.4,3.0,10,15.333333333333334,0.13968240000000004,0.0015206416540395034
ON,0.3,0.4,3.0,10,15.5,0.13973059999999998,0.0014713222080835957
ON,0.3,0.4,3.0,10,15.666666666666666,0.1397669,0.001464814285156995
ON,0.3,0.4,3.0,10,15.833333333333334,0.1398384,0.001470379352412162
ON,0.3,0.4,3.0,10,16.0,0.13986890000000002,0.0014410712300230036
ON,0.3,0.4,3.0,10,16.166666666666668,0.1399454,0.0014559050930606713
ON,0.3,0.4,3.0,10,16.333333333333332,0.1399833,0.0014541862363535126
ON,0.3,0.4,3.0,10,16.5,0.1400113,0.0014543947229002157
ON,0.3,0.4,3.0,10,16.666666666666668,0.140049,0.0014657675804847091
ON,0.3,0.4,3.0,10,16.833333333333332,0.1400663,0.0014915028695916023
ON,0.3,0.4,3.0,10,17.0,0.14010250000000002,0.0014801042699755969
ON,0.3,0.4,3.0,10,17.166666666666668,0.1401636,0.001485830017195777
ON,0.3,0.4,3.0,10,17.333333333333332,0.1401752,0.001471830071713443
ON,0.3,0.4,3.0,10,17.5,0.14021,0.0014778422107924736
ON,0.3,0.4,3.0,10,17.666666666666668,0.1402291,0.001505195033874349
ON,0.3,0.4,3.0,10,17.833333333333332,0.14029209999999998,0.0015067599974780304
ON,0.3,0.4,3.0,10,18.0,0.1403242,0.0015355236110200332
ON,0.3,0.4,3.0,10,18.166666666666668,0.1403383,0.0015218061670265429
ON,0.3,0.4,3.0,10,18.333333333333332,0.14038080000000003,0.0015443881506926962
ON,0.3,0.4,3.0,10,18.5,0.1404341,0.001532206412334838
ON,0.3,0.4,3.0,10,18.666666666666668,0.1404504,0.001530063737234502
ON,0.3,0.4,3.0,10,18.833333333333332,0.14049700000000004,0.0015604412837399541
ON,0.3,0.4,3.0,10,19.0,0.1405541,0.001595023225536232
ON,0.3,0.4,3.0,10,19.166666666666668,0.1405634,0.0015944271196890753
ON,0.3,0.4,3.0,10,19.333333333333332,0.1405837,0.0015964010805558882
ON,0.3,0.4,3.0,10,19.5,0.1406308,0.0016014165479349893
ON,0.3,0.4,3.0,10,19.666666666666668,0.1406738,0.0015680496038072231
ON,0.3,0.4,3.0,10,19.833333333333332,0.1406873,0.0015524229481684406
ON,0.3,0.4,3.0,10,20.0,0.1407212,0.001548810369283474
ON,0.3,0.4,3.0,10,20.166666666666668,0.1407503,0.0015166854024483793
ON,0.3,0.4,3.0,10,20.333333333333332,0.14077559999999997,0.0015083090001720464
ON,0.3,0.4,3.0,10,20.5,0.1408158,0.0014929593966347568
ON,0.3,0.4,3.0,10,20.666666666666668,0.1408101,0.0015058091147286852
ON,0.3,0.4,3.0,10,20.833333333333332,0.14082270000000002,0.0014790294824647715
ON,0.3,0.4,3.0,10,21.0,0.140851,0.0014764516924031072
ON,0.3,0.4,3.0,10,21.166666666666668,0.1408593,0.0015027036334553786
ON,0.3,0.4,3.0,10,21.333333333333332,0.14087509999999998,0.0014887381536052588
ON,0.3,0.4,3.0,10,21.5,0.1409129,0.0015046486932171238
ON,0.3,0.4,3.0,10,21.666666666666668,0.1409206,0.0015227934331353032
ON,0.3,0.4,3.0,10,21.833333333333332,0.1409415,0.0015375243250108249
ON,0.3,0.4,3.0,10,22.0,0.14096009999999998,0.0015211667528578167
ON,0.3,0.4,3.0,10,22.166666666666668,0.1409656,0.001575635059269752
ON,0.3,0.4,3.0,10,22.333333333333332,0.1409856,0.001591257439888343
ON,0.3,0.4,3.0,10,22.5,0.1410076,0.0015891307183488696
ON,0.3,0.4,3.0,10,22.666666666666668,0.14100690000000002,0.0015976571878848125
ON,0.3,0.4,3.0,10,22.833333333333332,0.1410334,0.001580446784931405
ON,0.3,0.4,3.0,10,23.0,0.1410623,0.001608776929844535
ON,0.3,0.4,3.0,10,23.166666666666668,0.1410499,0.0016089417919862717
ON,0.3,0.4,3.0,10,23.333333333333332,0.1410749,0.0016096839099649356
ON,0.3,0.4,3.0,10,23.5,0.14109719999999998,0.001599949361698681
ON,0.3,0.4,3.0,10,23.666666666666668,0.141102,0.001620731193011352
ON,0.3,0.4,3.0,10,23.833333333333332,0.14107740000000002,0.0016146268423385011
ON,0.3,0.4,3.0,10,24.0,0.14107920000000002,0.001630189424576176
ON,0.3,0.4,3.0,10,24.166666666666668,0.14108420000000002,0.0016619467380153906
ON,0.3,0.4,3.0,10,24.333333333333332,0.14111680000000001,0.0016606378774434855
ON,0.3,0.4,3.0,10,24.5,0.14113950000000003,0.0016594398000530147
ON,0.3,0.4,3.0,10,24.666666666666668,0.1411529,0.0016498433531702324
ON,0.3,0.4,3.0,10,24.833333333333332,0.14116430000000002,0.0016581340747961202
ON,0.3,0.4,3.0,10,25.0,0.14119,0.0016622772933539132
ON,0.3,0.4,3.0,10,25.166666666666668,0.14121290000000003,0.0016599429779362886
ON,0.3,0.4,3.0,10,25.333333333333332,0.1412398,0.00166079160643351
ON,0.3,0.4,3.0,10,25.5,0.1412514,0.0016567607069217978
ON,0.3,0.4,3.0,10,25.666666666666668,0.14126409999999998,0.0016479200496383303
ON,0.3,0.4,3.0,10,25.833333333333332,0.14130749999999997,0.0017037835103087464
ON,0.3,0.4,3.0,10,26.0,0.14130910000000002,0.0017092851985552313
ON,0.3,0.4,3.0,10,26.166666666666668,0.1413275,0.0017388726951677647
ON,0.3,0.4,3.0,10,26.333333333333332,0.141338,0.0017706614583256725
ON,0.3,0.4,3.0,10,26.5,0.14134130000000003,0.0017797325108004254
ON,0.3,0.4,3.0,10,26.666666666666668,0.1413459,0.0018058158516305093
ON,0.3,0.4,3.0,10,26.833333333333332,0.1413566,0.001799020911496026
ON,0.3,0.4,3.0,10,27.0,0.1413564,0.0017857726171044267
ON,0.3,0.4,3.0,10,27.166666666666668,0.1414109,0.0018100420685718938
ON,0.3,0.4,3.0,10,27.333333333333332,0.1414162,0.0017988841430175537
ON,0.3,0.4,3.0,10,27.5,0.1414395,0.001792426916222807
ON,0.3,0.4,3.0,10,27.666666666666668,0.14140930000000002,0.0017850100307841396
ON,0.3,0.4,3.0,10,27.833333333333332,0.141413,0.0017884288635559454
ON,0.3,0.4,3.0,10,28.0,0.1414299,0.0018018179958031256
ON,0.3,0.4,3.0,10,28.166666666666668,0.1414403,0.0018399018479255903
ON,0.3,0.4,3.0,10,28.333333333333332,0.1414548,0.001840805682303265
ON,0.3,0.4,3.0,10,28.5,0.14143299999999998,0.0018582016037018223
ON,0.3,0.4,3.0,10,28.666666666666668,0.1414487,0.001864472367722296
ON,0.3,0.4,3.0,10,28.833333333333332,0.1414598,0.001861664459562998
ON,0.3,0.4,3.0,10,29.0,0.14145190000000002,0.001883522893410109
ON,0.3,0.4,3.0,10,29.166666666666668,0.14144440000000003,0.0018867190675879663
ON,0.3,0.4,3.0,10,29.333333333333332,0.1414411,0.0018929248505949682
ON,0.3,0.4,3.0,10,29.5,0.14143089999999997,0.0019067873740928746
ON,0.3,0.4,3.0,10,29.666666666666668,0.14143770000000003,0.0019132260739389937
ON,0.3,0.4,3.0,10,29.833333333333332,0.14146959999999997,0.001887798410847938
ON,0.3,0.4,3.0,10,30.0,0.14148290000000002,0.0018892827448531875
ON,0.3,0.4,3.0,10,30.166666666666668,0.1415008,0.0019061627317729206
ON,0.3,0.4,3.0,10,30.333333333333332,0.1414938,0.0019135046799002074
ON,0.3,0.4,3.0,10,30.5,0.1414808,0.0019177787567912971
ON,0.3,0.4,3.0,10,30.666666666666668,0.14146050000000002,0.0019227723344171588
ON,0.3,0.4,3.0,10,30.833333333333332,0.1414731,0.0019477304459293125
ON,0.3,0.4,3.0,10,31.0,0.1414927,0.001941969930251235
ON,0.3,0.4,3.0,10,31.166666666666668,0.141493,0.001970243030694433
ON,0.3,0.4,3.0,10,31.333333333333332,0.1414949,0.0019782158855898425
ON,0.3,0.4,3.0,10,31.5,0.14152349999999997,0.0019790312402789426
ON,0.3,0.4,3.0,10,31.666666666666668,0.1415446,0.0019775765573044122
ON,0.3,0.4,3.0,10,31.833333333333332,0.1415418,0.0019890077827901978
ON,0.3,0.4,3.0,10,32.0,0.1415435,0.0019781521806979353
ON,0.3,0.4,3.0,10,32.166666666666664,0.14151949999999996,0.0019995805685193093
ON,0.3,0.4,3.0,10,32.333333333333336,0.14153240000000003,0.002025638329021251
ON,0.3,0.4,3.0,10,32.5,0.1415324,0.0020097823862299095
ON,0.3,0.4,3.0,10,32.666666666666664,0.1415498,0.0020033630624527337
ON,0.3,0.4,3.0,10,32.833333333333336,0.1415381,0.002022897202034744
ON,0.3,0.4,3.0,10,33.0,0.1415517,0.002034517439099497
ON,0.3,0.4,3.0,10,33.166666666666664,0.14154680000000003,0.0020186440399436404
ON,0.3,0.4,3.0,10,33.333333333333336,0.14153310000000002,0.002039735740236954
ON,0.3,0.4,3.0,10,33.5,0.14150449999999998,0.0020314620473934515
ON,0.3,0.4,3.0,10,33.666666666666664,0.14149810000000002,0.002051458040029092
ON,0.3,0.4,3.0,10,33.833333333333336,0.14148260000000001,0.002071077265579437
ON,0.3,0.4,3.0,10,34.0,0.1414808,0.002050969175780074
ON,0.3,0.4,3.0,10,34.166666666666664,0.1414828,0.00204572484953378
ON,0.3,0.4,3.0,10,34.333333333333336,0.14148460000000002,0.002057492269730315
ON,0.3,0.4,3.0,10,34.5,0.1414798,0.0020376292008115735
ON,0.3,0.4,3.0,10,34.666666666666664,0.14148829999999998,0.0020618861777508468
ON,0.3,0.4,3.0,10,34.833333333333336,0.14147780000000001,0.0020722662377214
ON,0.3,0.4,3.0,10,35.0,0.1414762,0.0020651890857739876
ON,0.3,0.4,3.0,10,35.166666666666664,0.1414876,0.002075330152048102
ON,0.3,0.4,3.0,10,35.333333333333336,0.14148220000000003,0.0020866676208730487
ON,0.3,0.4,3.0,10,35.5,0.141478,0.002089410921767186
ON,0.3,0.4,3.0,10,35.666666666666664,0.1414865,0.0021022007634857315
ON,0.3,0.4,3.0,10,35.833333333333336,0.14148339999999998,0.002097340849742834
ON,0.3,0.4,3.0,10,36.0,0.1414756,0.002096329945404583
ON,0.3,0.4,3.0,10,36.166666666666664,0.14145580000000002,0.0020973055476014944
ON,0.3,0.4,3.0,10,36.333333333333336,0.1414381,0.0020876159824067273
ON,0.3,0.4,3.0,10,36.5,0.14144720000000002,0.00208187698003508
ON,0.3,0.4,3.0,10,36.666666666666664,0.1414418,0.002107159310541087
ON,0.3,0.4,3.0,10,36.833333333333336,0.1414535,0.002121300509121701
ON,0.3,0.4,3.0,10,37.0,0.14147690000000002,0.002105979745866518
ON,0.3,0.4,3.0,10,37.166666666666664,0.14148339999999998,0.0021025312459033766
ON,0.3,0.4,3.0,10,37.333333333333336,0.1414977,0.0021000757629190425
ON,0.3,0.4,3.0,10,37.5,0.1415044,0.002078714371913562
ON,0.3,0.4,3.0,10,37.666666666666664,0.141489,0.002087024436847831
ON,0.3,0.4,3.0,10,37.833333333333336,0.1414888,0.002068062852042947
ON,0.3,0.4,3.0,10,38.0,0.1414826,0.0020815519306517432
ON,0.3,0.4,3.0,10,38.166666666666664,0.141491,0.0020505918657792413
ON,0.3,0.4,3.0,10,38.333333333333336,0.1414736,0.002081493848177311
ON,0.3,0.4,3.0,10,38.5,0.1414759,0.002078620092753849
ON,0.3,0.4,3.0,10,38.666666666666664,0.1414765,0.0020672865427898467
ON,0.3,0.4,3.0,10,38.833333333333336,0.14145900000000003,0.0020751215867991957
ON,0.3,0.4,3.0,10,39.0,0.1414486,0.002078137541165165
ON,0.3,0.4,3.0,10,39.166666666666664,0.1414589,0.0020859016491675732
ON,0.3,0.4,3.0,10,39.333333333333336,0.14145900000000003,0.002092002103249418
ON,0.3,0.4,3.0,10,39.5,0.1414813,0.0020993035059276243
ON,0.3,0.4,3.0,10,39.666666666666664,0.1414901,0.002110488874644929
ON,0.3,0.4,3.0,10,39.833333333333336,0.14148739999999999,0.0021240205366238785
ON,0.3,0.4,3.0,10,40.0,0.1414918,0.0021305736692262
ON,0.3,0.4,3.0,10,40.166666666666664,0.1415007,0.002152855919470693
ON,0.3,0.4,3.0,10,40.333333333333336,0.14148460000000002,0.0021318897344844083
ON,0.3,0.4,3.0,10,40.5,0.1414783,0.0021330573386573563
ON,0.3,0.4,3.0,10,40.666666666666664,0.14146889999999998,0.0021673169334455885
ON,0.3,0.4,3.0,10,40.833333333333336,0.14148389999999997,0.0021886712612907452
ON,0.3,0.4,3.0,10,41.0,0.1415084,0.00218395756369028
ON,0.3,0.4,3.0,10,41.166666666666664,0.1415045,0.0021933662826805708
ON,0.3,0.4,3.0,10,41.333333333333336,0.14149319999999999,0.0021994940236336183
ON,0.3,0.4,3.0,10,41.5,0.14150049999999997,0.0021973469116186475
ON,0.3,0.4,3.0,10,41.666666666666664,0.141537,0.0022012285206220662
ON,0.3,0.4,3.0,10,41.833333333333336,0.14155230000000002,0.002216465296367169
ON,0.3,0.4,3.0,10,42.0,0.1415676,0.0022250497162984877
ON,0.3,0.4,3.0,10,42.166666666666664,0.1415462,0.0022500776342162065
ON,0.3,0.4,3.0,10,42.333333333333336,0.1415404,0.002261762551639756
ON,0.3,0.4,3.0,10,42.5,0.141531,0.002269183112928531
ON,0.3,0.4,3.0,10,42.666666666666664,0.1415353,0.002267923325423503
ON,0.3,0.4,3.0,10,42.833333333333336,0.14156380000000002,0.0022626578530568838
ON,0.3,0.4,3.0,10,43.0,0.14154879999999997,0.002267684360752174
ON,0.3,0.4,3.0,10,43.166666666666664,0.1415179,0.0022771695347514245
ON,0.3,0.4,3.0,10,43.333333333333336,0.1414949,0.0022967180257924594
ON,0.3,0.4,3.0,10,43.5,0.1415072,0.002303275745541558
ON,0.3,0.4,3.0,10,43.666666666666664,0.1415106,0.002297761266972702
ON,0.3,0.4,3.0,10,43.833333333333336,0.14154269999999997,0.0023058306117319225
ON,0.3,0.4,3.0,10,44.0,0.1415262,0.002300220111206749
ON,0.3,0.4,3.0,10,44.166666666666664,0.1415091,0.0022770533349045644
ON,0.3,0.4,3.0,10,44.333333333333336,0.14150919999999997,0.002267889494662385
ON,0.3,0.4,3.0,10,44.5,0.14149309999999998,0.0022994595647673395
ON,0.3,0.4,3.0,10,44.666666666666664,0.14146569999999997,0.002279404310340752
ON,0.3,0.4,3.0,10,44.833333333333336,0.14145629999999998,0.002260062656211106
ON,0.3,0.4,3.0,10,45.0,0.1414648,0.002265484177830426
ON,0.3,0.4,3.0,10,45.166666666666664,0.1414643,0.0022725761615400267
ON,0.3,0.4,3.0,10,45.333333333333336,0.14146430000000002,0.002268572813466655
ON,0.3,0.4,3.0,10,45.5,0.1414722,0.0022871670599236976
ON,0.3,0.4,3.0,10,45.666666666666664,0.14149910000000004,0.0022904428152651997
ON,0.3,0.4,3.0,10,45.833333333333336,0.1414747,0.0022767372729412573
ON,0.3,0.4,3.0,10,46.0,0.1414684,0.0023101419090609957
ON,0.3,0.4,3.0,10,46.166666666666664,0.1414887,0.0023441367302271406
ON,0.3,0.4,3.0,10,46.333333333333336,0.14151419999999998,0.0023556843506717965
ON,0.3,0.4,3.0,10,46.5,0.141512,0.002352788388274642
ON,0.3,0.4,3.0,10,46.666666666666664,0.1415111,0.0023632352591310083
ON,0.3,0.4,3.0,10,46.833333333333336,0.14150100000000002,0.002362144788111005
ON,0.3,0.4,3.0,10,47.0,0.1414915,0.0023611274954987113
ON,0.3,0.4,3.0,10,47.166666666666664,0.14148739999999999,0.002350189277483834
ON,0.3,0.4,3.0,10,47.333333333333336,0.1414952,0.002346914007798324
ON,0.3,0.4,3.0,10,47.5,0.1414866,0.0023167183341960282
ON,0.3,0.4,3.0,10,47.666666666666664,0.1414781,0.002305373741934268
ON,0.3,0.4,3.0,10,47.833333333333336,0.1414864,0.0022924889181847735
ON,0.3,0.4,3.0,10,48.0,0.1414686,0.0023127119232623887
ON,0.3,0.4,3.0,10,48.166666666666664,0.1414624,0.002296790508514001
ON,0.3,0.4,3.0,10,48.333333333333336,0.14147420000000002,0.0023023680765681238
ON,0.3,0.4,3.0,10,48.5,0.14147769999999998,0.0022931605286154733
ON,0.3,0.4,3.0,10,48.666666666666664,0.1414772,0.0022927131438538074
ON,0.3,0.4,3.0,10,48.833333333333336,0.14146399999999998,0.00229694753967086
ON,0.3,0.4,3.0,10,49.0,0.14145519999999998,0.0023005781795018393
ON,0.3,0.4,3.0,10,49.166666666666664,0.1414566,0.002303829472856009
ON,0.3,0.4,3.0,10,49.333333333333336,0.1414674,0.002293017932768951
ON,0.3,0.4,3.0,10,49.5,0.14146849999999997,0.0022612672663796284
ON,0.3,0.4,3.0,10,49.666666666666664,0.14144230000000002,0.00226273127215761
ON,0.3,0.4,3.0,10,49.833333333333336,0.1414235,0.002279045951708742
ON,0.3,0.4,3.0,10,50.0,0.14143379999999997,0.0022989306557614966
ON,0.3,0.4,3.0,10,50.166666666666664,0.1414382,0.0022935324196531413
ON,0.3,0.4,3.0,10,50.333333333333336,0.1414428,0.0022919710207592084
ON,0.3,0.4,3.0,10,50.5,0.14144859999999998,0.0022986497427837974
ON,0.3,0.4,3.0,10,50.666666666666664,0.14145480000000005,0.0022614533733862387
ON,0.3,0.4,3.0,10,50.833333333333336,0.1414282,0.002284567784067701
ON,0.3,0.4,3.0,10,51.0,0.14142000000000002,0.0022677899814577155
ON,0.3,0.4,3.0,10,51.166666666666664,0.14141890000000001,0.002242346291276169
ON,0.3,0.4,3.0,10,51.333333333333336,0.14141850000000003,0.0022252432338960163
ON,0.3,0.4,3.0,10,51.5,0.1414357,0.002226674742749827
ON,0.3,0.4,3.0,10,51.666666666666664,0.1414239,0.0022273849891745264
ON,0.3,0.4,3.0,10,51.833333333333336,0.1414047,0.0022230441763491783
ON,0.3,0.4,3.0,10,52.0,0.14138979999999998,0.0022191266660558165
ON,0.3,0.4,3.0,10,52.166666666666664,0.14139549999999998,0.0022050519835142175
ON,0.3,0.4,3.0,10,52.333333333333336,0.141417,0.0022198236416436272
ON,0.3,0.4,3.0,10,52.5,0.1414341,0.002233413237625318
ON,0.3,0.4,3.0,10,52.666666666666664,0.141412,0.00222832825230037
ON,0.3,0.4,3.0,10,52.833333333333336,0.1414032,0.002232023691630537
ON,0.3,0.4,3.0,10,53.0,0.1413935,0.0022360810920000183
ON,0.3,0.4,3.0,10,53.166666666666664,0.1413889,0.0022501077951955955
ON,0.3,0.4,3.0,10,53.333333333333336,0.141386,0.002252638541799371
ON,0.3,0.4,3.0,10,53.5,0.1413526,0.002247772506282609
ON,0.3,0.4,3.0,10,53.666666666666664,0.14134660000000002,0.0022394299363900565
ON,0.3,0.4,3.0,10,53.833333333333336,0.1413317,0.0022437799825294805
ON,0.3,0.4,3.0,10,54.0,0.14132709999999998,0.0022548318540414466
ON,0.3,0.4,3.0,10,54.166666666666664,0.1413279,0.0022603088926073807
ON,0.3,0.4,3.0,10,54.333333333333336,0.14132229999999998,0.00228735887214927
ON,0.3,0.4,3.0,10,54.5,0.14130800000000002,0.0022896087438686956
ON,0.3,0.4,3.0,10,54.666666666666664,0.14130959999999998,0.0022942804187805815
ON,0.3,0.4,3.0,10,54.833333333333336,0.1413187,0.0022924811907625267
ON,0.3,0.4,3.0,10,55.0,0.1413127,0.0022901422685064786
ON,0.3,0.4,3.0,10,55.166666666666664,0.1412828,0.0022884585117497742
ON,0.3,0.4,3.0,10,55.333333333333336,0.1413016,0.002301060937915376
ON,0.3,0.4,3.0,10,55.5,0.14131110000000002,0.0023281277649647996
ON,0.3,0.4,3.0,10,55.666666666666664,0.141318,0.002336555541817911
ON,0.3,0.4,3.0,10,55.833333333333336,0.1413294,0.0023285703854511214
ON,0.3,0.4,3.0,10,56.0,0.14133269999999998,0.002317345423108087
ON,0.3,0.4,3.0,10,56.166666666666664,0.14130879999999998,0.0023138897899424677
ON,0.3,0.4,3.0,10,56.333333333333336,0.14129440000000001,0.002310490173101802
ON,0.3,0.4,3.0,10,56.5,0.14127669999999998,0.0023166888461768026
ON,0.3,0.4,3.0,10,56.666666666666664,0.141276,0.0023107126173542245
ON,0.3,0.4,3.0,10,56.833333333333336,0.14125609999999997,0.0022925815339917546
ON,0.3,0.4,3.0,10,57.0,0.1412679,0.0023050294770349464
ON,0.3,0.4,3.0,10,57.166666666666664,0.14127930000000002,0.0023094776054337534
ON,0.3,0.4,3.0,10,57.333333333333336,0.14126329999999998,0.0022736019022687303
ON,0.3,0.4,3.0,10,57.5,0.14126790000000003,0.0022605727349501495
ON,0.3,0.4,3.0,10,57.666666666666664,0.1412305,0.0022425108360942213
ON,0.3,0.4,3.0,10,57.833333333333336,0.1412408,0.0022280564086216495
ON,0.3,0.4,3.0,10,58.0,0.141237,0.0022341506216009706
ON,0.3,0.4,3.0,10,58.166666666666664,0.14121679999999998,0.0022312724979257886
ON,0.3,0.4,3.0,10,58.333333333333336,0.1412174,0.0022399438475104658
ON,0.3,0.4,3.0,10,58.5,0.141218,0.0022559651149785093
ON,0.3,0.4,3.0,10,58.666666666666664,0.14119489999999998,0.002240128632467343
ON,0.3,0.4,3.0,10,58.833333333333336,0.14118170000000002,0.002245545058554825
ON,0.3,0.4,3.0,10,59.0,0.1411681,0.002261878398588216
ON,0.3,0.4,3.0,10,59.166666666666664,0.1411321,0.0022779239868792856
ON,0.3,0.4,3.0,10,59.333333333333336,0.14111300000000002,0.0022808114783997393
ON,0.3,0.4,3.0,10,59.5,0.14112850000000002,0.002287766738546565
ON,0.3,0.4,3.0,10,59.666666666666664,0.14114140000000003,0.002270764197357358
ON,0.3,0.4,3.0,10,59.833333333333336,0.1411517,0.002283241645117747
ON,0.3,0.4,3.0,10,60.0,0.1411196,0.002278978200861082
ON,0.3,0.4,3.0,10,60.166666666666664,0.14112780000000003,0.002267098489258902
ON,0.3,0.4,3.0,10,60.333333333333336,0.1411067,0.00225771459888091
ON,0.3,0.4,3.0,10,60.5,0.1411096,0.002264459635321418
ON,0.3,0.4,3.0,10,60.666666666666664,0.1411054,0.0022618412499554393
ON,0.3,0.4,3.0,10,60.833333333333336,0.14109929999999998,0.002241647610575756
ON,0.3,0.4,3.0,10,61.0,0.1410929,0.002260488153032441
ON,0.3,0.4,3.0,10,61.166666666666664,0.14108839999999997,0.002250017475487693
ON,0.3,0.4,3.0,10,61.333333333333336,0.14109239999999998,0.0022398448696282517
ON,0.3,0.4,3.0,10,61.5,0.1410744,0.0022523657873444996
ON,0.3,0.4,3.0,10,61.666666666666664,0.1410675,0.0022514129008247242
ON,0.3,0.4,3.0,10,61.833333333333336,0.14106939999999998,0.002267684290195617
ON,0.3,0.4,3.0,10,62.0,0.14106789999999997,0.002279901684283774
ON,0.3,0.4,3.0,10,62.166666666666664,0.1410642,0.002284506765146473
ON,0.3,0.4,3.0,10,62.333333333333336,0.1410653,0.0022964754320479908
ON,0.3,0.4,3.0,10,62.5,0.1410954,0.0022990631222304454
ON,0.3,0.4,3.0,10,62.666666666666664,0.141103,0.002319923705642062
ON,0.3,0.4,3.0,10,62.833333333333336,0.1410868,0.0023227939555629934
ON,0.3,0.4,3.0,10,63.0,0.1410981,0.0022829890691810155
ON,0.3,0.4,3.0,10,63.166666666666664,0.14108179999999998,0.002303284515642825
ON,0.3,0.4,3.0,10,63.333333333333336,0.14108400000000001,0.002303920354526176
ON,0.3,0.4,3.0,10,63.5,0.1410867,0.0022968032588796088
ON,0.3,0.4,3.0,10,63.666666666666664,0.1410764,0.002297973246145391
ON,0.3,0.4,3.0,10,63.833333333333336,0.14107370000000002,0.0022982697426542427
ON,0.3,0.4,3.0,10,64.0,0.1410642,0.002309059020466998
ON,0.3,0.4,3.0,10,64.16666666666667,0.14104370000000002,0.002320955624306504
ON,0.3,0.4,3.0,10,64.33333333333333,0.1410576,0.002340353016106758
ON,0.3,0.4,3.0,10,64.5,0.1410535,0.0023316405490555357
ON,0.3,0.4,3.0,10,64.66666666666667,0.14105859999999998,0.0023472750243633596
ON,0.3,0.4,3.0,10,64.83333333333333,0.14105050000000002,0.0023353972360178944
ON,0.3,0.4,3.0,10,65.0,0.1410303,0.0023461401087744057
ON,0.3,0.4,3.0,10,65.16666666666667,0.14101869999999997,0.002352983937471734
ON,0.3,0.4,3.0,10,65.33333333333333,0.14101769999999997,0.0023427303750111787
ON,0.3,0.4,3.0,10,65.5,0.14100600000000002,0.002336817279977195
ON,0.3,0.4,3.0,10,65.66666666666667,0.14100150000000003,0.002329527430617633
ON,0.3,0.4,3.0,10,65.83333333333333,0.14100390000000002,0.002315450947439826
ON,0.3,0.4,3.0,10,66.0,0.1410019,0.002319398950159288
ON,0.3,0.4,3.0,10,66.16666666666667,0.1409964,0.002332850711040038
ON,0.3,0.4,3.0,10,66.33333333333333,0.14098319999999998,0.0023395672163885315
ON,0.3,0.4,3.0,10,66.5,0.1409747,0.0023275969603863984
ON,0.3,0.4,3.0,10,66.66666666666667,0.14097200000000001,0.0023550875142975044
ON,0.3,0.4,3.0,10,66.83333333333333,0.1409536,0.0023699892489207628
ON,0.3,0.4,3.0,10,67.0,0.14093840000000002,0.002385802431049145
ON,0.3,0.4,3.0,10,67.16666666666667,0.1409419,0.002378128863203168
ON,0.3,0.4,3.0,10,67.33333333333333,0.1409385,0.0023660986560158502
ON,0.3,0.4,3.0,10,67.5,0.1409313,0.002354273605594728
ON,0.3,0.4,3.0,10,67.66666666666667,0.14091040000000002,0.0023572816208505903
ON,0.3,0.4,3.0,10,67.83333333333333,0.1409016,0.0023551337626555317
ON,0.3,0.4,3.0,10,68.0,0.14089279999999998,0.002378902049265584
ON,0.3,0.4,3.0,10,68.16666666666667,0.1408762,0.002375823343601118
ON,0.3,0.4,3.0,10,68.33333333333333,0.1408504,0.0023737799898052884
ON,0.3,0.4,3.0,10,68.5,0.140839,0.002358653726175168
ON,0.3,0.4,3.0,10,68.66666666666667,0.1408371,0.0023774846140406417
ON,0.3,0.4,3.0,10,68.83333333333333,0.14083479999999998,0.0023717607299219698
ON,0.3,0.4,3.0,10,69.0,0.14084049999999998,0.0023821144493915477
ON,0.3,0.4,3.0,10,69.16666666666667,0.1408315,0.0023983509021825774
ON,0.3,0.4,3.0,10,69.33333333333333,0.1408066,0.0024156151680265617
ON,0.3,0.4,3.0,10,69.5,0.14079809999999998,0.0024288523812698057
ON,0.3,0.4,3.0,10,69.66666666666667,0.14076450000000001,0.002431457104289529
ON,0.3,0.4,3.0,10,69.83333333333333,0.1407592,0.002432554369382112
ON,0.3,0.4,3.0,10,70.0,0.14073180000000002,0.0024517903580852903
ON,0.3,0.4,3.0,10,70.16666666666667,0.14071640000000002,0.0024561632356176998
ON,0.3,0.4,3.0,10,70.33333333333333,0.1407293,0.0024763441622682424
ON,0.3,0.4,3.0,10,70.5,0.1407212,0.002499408722078088
ON,0.3,0.4,3.0,10,70.66666666666667,0.14070670000000002,0.002494272040095068
ON,0.3,0.4,3.0,10,70.83333333333333,0.1406667,0.0024690322820894784
ON,0.3,0.4,3.0,10,71.0,0.14067900000000003,0.002453056256998602
ON,0.3,0.4,3.0,10,71.16666666666667,0.1406955,0.002424637715206131
ON,0.3,0.4,3.0,10,71.33333333333333,0.14067770000000002,0.0024444194423216344
ON,0.3,0.4,3.0,10,71.5,0.1406366,0.0024369193339132114
ON,0.3,0.4,3.0,10,71.66666666666667,0.1406104,0.002445453217708329
ON,0.3,0.4,3.0,10,71.83333333333333,0.140604,0.0024292050963226606
ON,0.3,0.4,3.0,10,72.0,0.14062080000000005,0.0024340456363840016
ON,0.3,0.4,3.0,10,72.16666666666667,0.1406244,0.0024343737264438305
ON,0.3,0.4,3.0,10,72.33333333333333,0.1406388,0.0024601458412053545
ON,0.3,0.4,3.0,10,72.5,0.14063940000000003,0.00246064390759817
ON,0.3,0.4,3.0,10,72.66666666666667,0.1406443,0.0024582257849920944
ON,0.3,0.4,3.0,10,72.83333333333333,0.1406078,0.002474459973408341
ON,0.3,0.4,3.0,10,73.0,0.1406041,0.002453929438675854
ON,0.3,0.4,3.0,10,73.16666666666667,0.14060319999999998,0.0024506164857031397
ON,0.3,0.4,3.0,10,73.33333333333333,0.1405908,0.0024489991751734026
ON,0.3,0.4,3.0,10,73.5,0.1405934,0.002446712128551297
ON,0.3,0.4,3.0,10,73.66666666666667,0.14058670000000004,0.002446789081633313
ON,0.3,0.4,3.0,10,73.83333333333333,0.1405853,0.002463456719733469
ON,0.3,0.4,3.0,10,74.0,0.1405973,0.002475105737135286
ON,0.3,0.4,3.0,10,74.16666666666667,0.1405948,0.0024761679991470715
ON,0.3,0.4,3.0,10,74.33333333333333,0.1405784,0.002465926689907869
ON,0.3,0.4,3.0,10,74.5,0.1405835,0.002474724641247992
ON,0.3,0.4,3.0,10,74.66666666666667,0.1405592,0.0024541543879715425
ON,0.3,0.4,3.0,10,74.83333333333333,0.1405431,0.0024421242167424646
ON,0.3,0.4,3.0,10,75.0,0.140534,0.002442945435330069
ON,0.3,0.4,3.0,10,75.16666666666667,0.1405043,0.002461544354668427
ON,0.3,0.4,3.0,10,75.33333333333333,0.14051109999999997,0.0024617836399651333
ON,0.3,0.4,3.0,10,75.5,0.14048699999999997,0.0024704342938034196
ON,0.3,0.4,3.0,10,75.66666666666667,0.1404525,0.002469401516562262
ON,0.3,0.4,3.0,10,75.83333333333333,0.14044519999999996,0.0025044692371837987
ON,0.3,0.4,3.0,10,76.0,0.1404457,0.0024939642760071733
ON,0.3,0.4,3.0,10,76.16666666666667,0.1404316,0.0024767707685613535
ON,0.3,0.4,3.0,10,76.33333333333333,0.1404229,0.0024630159337690046
ON,0.3,0.4,3.0,10,76.5,0.14041890000000004,0.0024791670960223715
ON,0.3,0.4,3.0,10,76.66666666666667,0.1404041,0.002469301498399899
ON,0.3,0.4,3.0,10,76.83333333333333,0.1403882,0.002491870293574687
ON,0.3,0.4,3.0,10,77.0,0.14037449999999999,0.002493772573832668
ON,0.3,0.4,3.0,10,77.16666666666667,0.1403795,0.0024804050576468385
ON,0.3,0.4,3.0,10,77.33333333333333,0.14037020000000003,0.002471116662563709
ON,0.3,0.4,3.0,10,77.5,0.1403587,0.002474396332441509
ON,0.3,0.4,3.0,10,77.66666666666667,0.14035020000000004,0.002478674637785283
ON,0.3,0.4,3.0,10,77.83333333333333,0.1403101,0.0024980167513449503
ON,0.3,0.4,3.0,10,78.0,0.14027660000000003,0.002463853047565945
ON,0.3,0.4,3.0,10,78.16666666666667,0.1402563,0.0024799961310453694
ON,0.3,0.4,3.0,10,78.33333333333333,0.14024660000000003,0.0024788104889240724
ON,0.3,0.4,3.0,10,78.5,0.1402211,0.0024888755473104684
ON,0.3,0.4,3.0,10,78.66666666666667,0.1402202,0.0024773026783176926
ON,0.3,0.4,3.0,10,78.83333333333333,0.1402297,0.0024901617236637507
ON,0.3,0.4,3.0,10,79.0,0.14021129999999998,0.0025027757410523237
ON,0.3,0.4,3.0,10,79.16666666666667,0.14020919999999998,0.00249063392733657
ON,0.3,0.4,3.0,10,79.33333333333333,0.14019389999999998,0.002475313574075009
ON,0.3,0.4,3.0,10,79.5,0.14019230000000002,0.0024915852002289646
ON,0.3,0.4,3.0,10,79.66666666666667,0.1402038,0.0024806513983226266
ON,0.3,0.4,3.0,10,79.83333333333333,0.1401885,0.002482606503254191
ON,0.3,0.4,3.0,10,80.0,0.14018250000000002,0.0024854143417144758
ON,0.3,0.4,3.0,10,80.16666666666667,0.14016670000000003,0.002485817895582859
ON,0.3,0.4,3.0,10,80.33333333333333,0.1401583,0.002489043392550643
ON,0.3,0.4,3.0,10,80.5,0.14013910000000002,0.0025035187416913808
ON,0.3,0.4,3.0,10,80.66666666666667,0.1401301,0.0025349311410766194
ON,0.3,0.4,3.0,10,80.83333333333333,0.140115,0.002536469160072721
ON,0.3,0.4,3.0,10,81.0,0.14011959999999998,0.002558003291631965
ON,0.3,0.4,3.0,10,81.16666666666667,0.1401155,0.002558746656079881
ON,0.3,0.4,3.0,10,81.33333333333333,0.14008349999999997,0.00256843926344385
ON,0.3,0.4,3.0,10,81.5,0.14004830000000001,0.002561613048452088
ON,0.3,0.4,3.0,10,81.66666666666667,0.1400446,0.0025521139551360154
ON,0.3,0.4,3.0,10,81.83333333333333,0.1400257,0.0025750473801466247
ON,0.3,0.4,3.0,10,82.0,0.14002050000000002,0.0025735826487602825
ON,0.3,0.4,3.0,10,82.16666666666667,0.1400126,0.0025706199719133854
ON,0.3,0.4,3.0,10,82.33333333333333,0.140023,0.002581650596033479
ON,0.3,0.4,3.0,10,82.5,0.1400242,0.002575870563518285
ON,0.3,0.4,3.0,10,82.66666666666667,0.13999350000000002,0.002562411139922709
ON,0.3,0.4,3.0,10,82.83333333333333,0.1400073,0.0025715093641672797
ON,0.3,0.4,3.0,10,83.0,0.13999309999999998,0.0025690188574629003
ON,0.3,0.4,3.0,10,83.16666666666667,0.1400018,0.002556843984290005
ON,0.3,0.4,3.0,10,83.33333333333333,0.13998339999999998,0.0025715702673658396
ON,0.3,0.4,3.0,10,83.5,0.1399584,0.002574924356170488
ON,0.3,0.4,3.0,10,83.66666666666667,0.13999080000000003,0.002575839001180006
ON,0.3,0.4,3.0,10,83.83333333333333,0.14001190000000002,0.0025682634775271835
ON,0.3,0.4,3.0,10,84.0,0.1400168,0.0025714518778308893
ON,0.3,0.4,3.0,10,84.16666666666667,0.1400123,0.002582927178609568
ON,0.3,0.4,3.0,10,84.33333333333333,0.1400203,0.002575616976570852
ON,0.3,0.4,3.0,10,84.5,0.14003410000000002,0.0025751459162540653
ON,0.3,0.4,3.0,10,84.66666666666667,0.1400369,0.0025817339309076783
ON,0.3,0.4,3.0,10,84.83333333333333,0.1400432,0.0026019370784090873
ON,0.3,0.4,3.0,10,85.0,0.1400333,0.0026047179137096603
ON,0.3,0.4,3.0,10,85.16666666666667,0.1400459,0.002600148359228758
ON,0.3,0.4,3.0,10,85.33333333333333,0.1400207,0.0026176477627824564
ON,0.3,0.4,3.0,10,85.5,0.1399924,0.002606201342951078
ON,0.3,0.4,3.0,10,85.66666666666667,0.1400099,0.0026027569402462454
ON,0.3,0.4,3.0,10,85.83333333333333,0.14000479999999998,0.002593548796533428
ON,0.3,0.4,3.0,10,86.0,0.1400043,0.0025804963107898425
ON,0.3,0.4,3.0,10,86.16666666666667,0.1399947,0.0025818045646407856
ON,0.3,0.4,3.0,10,86.33333333333333,0.14000169999999998,0.002592818198408826
ON,0.3,0.4,3.0,10,86.5,0.1399878,0.002576875231748716
ON,0.3,0.4,3.0,10,86.66666666666667,0.1399762,0.002585009818163169
ON,0.3,0.4,3.0,10,86.83333333333333,0.1399726,0.0025891464307759783
ON,0.3,0.4,3.0,10,87.0,0.1399665,0.0025832390617207684
ON,0.3,0.4,3.0,10,87.16666666666667,0.1399688,0.002565432431384623
ON,0.3,0.4,3.0,10,87.33333333333333,0.13998829999999998,0.0025521862020628505
ON,0.3,0.4,3.0,10,87.5,0.1399955,0.002584918499682338
ON,0.3,0.4,3.0,10,87.66666666666667,0.1399821,0.002595194653585734
ON,0.3,0.4,3.0,10,87.83333333333333,0.1399807,0.0025758760082736903
ON,0.3,0.4,3.0,10,88.0,0.13999199999999998,0.002590675896363731
ON,0.3,0.4,3.0,10,88.16666666666667,0.1399953,0.0025791866566807465
ON,0.3,0.4,3.0,10,88.33333333333333,0.1399855,0.002579393814445555
ON,0.3,0.4,3.0,10,88.5,0.1399836,0.002601453101633781
ON,0.3,0.4,3.0,10,88.66666666666667,0.1399644,0.002594365093813902
ON,0.3,0.4,3.0,10,88.83333333333333,0.13994440000000002,0.002598107742184683
ON,0.3,0.4,3.0,10,89.0,0.1399519,0.002621602542339325
ON,0.3,0.4,3.0,10,89.16666666666667,0.1399583,0.0026264607383321044
ON,0.3,0.4,3.0,10,89.33333333333333,0.1399535,0.0026341290116469276
ON,0.3,0.4,3.0,10,89.5,0.1399538,0.0026331699071651285
ON,0.3,0.4,3.0,10,89.66666666666667,0.13996179999999997,0.0026093130436956008
ON,0.3,0.4,3.0,10,89.83333333333333,0.1399478,0.00262749012557612
ON,0.3,0.4,3.0,10,90.0,0.13994230000000002,0.002653842536775688
ON,0.3,0.4,3.0,10,90.16666666666667,0.13991729999999997,0.0026452041149975505
ON,0.3,0.4,3.0,10,90.33333333333333,0.1399128,0.002630197969735359
ON,0.3,0.4,3.0,10,90.5,0.1399094,0.002634257512089508
ON,0.3,0.4,3.0,10,90.66666666666667,0.13991669999999998,0.0026406946453537564
ON,0.3,0.4,3.0,10,90.83333333333333,0.13989880000000002,0.00263861212761558
ON,0.3,0.4,3.0,10,91.0,0.1398855,0.002628720953239427
ON,0.3,0.4,3.0,10,91.16666666666667,0.13988130000000001,0.0026425595187242247
ON,0.3,0.4,3.0,10,91.33333333333333,0.1398673,0.002644392711001902
ON,0.3,0.4,3.0,10,91.5,0.13986900000000002,0.00263255036039199
ON,0.3,0.4,3.0,10,91.66666666666667,0.1398725,0.0026429376931740136
ON,0.3,0.4,3.0,10,91.83333333333333,0.1398655,0.002631384283984385
ON,0.3,0.4,3.0,10,92.0,0.1398387,0.002649541056485069
ON,0.3,0.4,3.0,10,92.16666666666667,0.1398412,0.002648299220254384
ON,0.3,0.4,3.0,10,92.33333333333333,0.1398254,0.0026592120712722414
ON,0.3,0.4,3.0,10,92.5,0.1397995,0.0026567179093761515
ON,0.3,0.4,3.0,10,92.66666666666667,0.13979219999999998,0.0026382610863976285
ON,0.3,0.4,3.0,10,92.83333333333333,0.1397953,0.002648829479222855
ON,0.3,0.4,3.0,10,93.0,0.139805,0.0026606939696252195
ON,0.3,0.4,3.0,10,93.16666666666667,0.13980990000000001,0.0026547597424249184
ON,0.3,0.4,3.0,10,93.33333333333333,0.1398238,0.002657735381861786
ON,0.3,0.4,3.0,10,93.5,0.13980820000000002,0.002665940314410654
ON,0.3,0.4,3.0,10,93.66666666666667,0.139793,0.002675690714563251
ON,0.3,0.4,3.0,10,93.83333333333333,0.1397964,0.002666690315728468
ON,0.3,0.4,3.0,10,94.0,0.1397892,0.002650034558265225
ON,0.3,0.4,3.0,10,94.16666666666667,0.1397777,0.002660056730598053
ON,0.3,0.4,3.0,10,94.33333333333333,0.1397875,0.002639794887865344
ON,0.3,0.4,3.0,10,94.5,0.13978569999999998,0.00265218449773013
ON,0.3,0.4,3.0,10,94.66666666666667,0.13979060000000001,0.00266946231290123
ON,0.3,0.4,3.0,10,94.83333333333333,0.139798,0.002661039608874699
ON,0.3,0.4,3.0,10,95.0,0.1397971,0.0026817171159538838
ON,0.3,0.4,3.0,10,95.16666666666667,0.1398103,0.0026813151269479718
ON,0.3,0.4,3.0,10,95.33333333333333,0.139788,0.0026890801401222675
ON,0.3,0.4,3.0,10,95.5,0.1398017,0.0027020538503146063
ON,0.3,0.4,3.0,10,95.66666666666667,0.1397937,0.002692805156337905
ON,0.3,0.4,3.0,10,95.83333333333333,0.13978069999999998,0.0026800483596383117
ON,0.3,0.4,3.0,10,96.0,0.13977499999999998,0.0026897991746597004
ON,0.3,0.4,3.0,10,96.16666666666667,0.13978600000000002,0.002716675284239907
ON,0.3,0.4,3.0,10,96.33333333333333,0.13976380000000002,0.002712725374968874
ON,0.3,0.4,3.0,10,96.5,0.1397598,0.0026955433144358843
ON,0.3,0.4,3.0,10,96.66666666666667,0.13973470000000002,0.002683674907659274
ON,0.3,0.4,3.0,10,96.83333333333333,0.139735,0.0026543165598699753
ON,0.3,0.4,3.0,10,97.0,0.13971689999999998,0.0026684244958401966
ON,0.3,0.4,3.0,10,97.16666666666667,0.139698,0.0026642989697104186
ON,0.3,0.4,3.0,10,97.33333333333333,0.1396913,0.002671554680331289
ON,0.3,0.4,3.0,10,97.5,0.1397006,0.0026888217568295614
ON,0.3,0.4,3.0,10,97.66666666666667,0.1397,0.002675744606646907
ON,0.3,0.4,3.0,10,97.83333333333333,0.1396923,0.0026676074692502977
ON,0.3,0.4,3.0,10,98.0,0.1397055,0.002662445539349118
ON,0.3,0.4,3.0,10,98.16666666666667,0.1396779,0.0026464985339123078
ON,0.3,0.4,3.0,10,98.33333333333333,0.1396718,0.0026372269071886826
ON,0.3,0.4,3.0,10,98.5,0.13966629999999997,0.002643839406998842
ON,0.3,0.4,3.0,10,98.66666666666667,0.1396801,0.002649543751290021
ON,0.3,0.4,3.0,10,98.83333333333333,0.1396857,0.0026349793187044166
ON,0.3,0.4,3.0,10,99.0,0.1396763,0.002630193759022326
ON,0.3,0.4,3.0,10,99.16666666666667,0.1396614,0.0026239687574359564
ON,0.3,0.4,3.0,10,99.33333333333333,0.1396478,0.0026136867371588314
ON,0.3,0.4,3.0,10,99.5,0.1396462,0.002627710859284177
ON,0.3,0.4,3.0,10,99.66666666666667,0.13964459999999998,0.002617523531890402
ON,0.3,0.4,3.0,10,99.83333333333333,0.1396642,0.0026343667474366572
ON,0.3,0.4,3.0,10,100.0,0.1396538,0.002636842687761251
ON,0.3,0.4,3.0,10,100.16666666666667,0.1396588,0.0026175967145456165
ON,0.3,0.4,3.0,10,100.33333333333333,0.1396496,0.0025935990129547794
ON,0.3,0.4,3.0,10,100.5,0.1396485,0.0025816408057667503
ON,0.3,0.4,3.0,10,100.66666666666667,0.1396576,0.002581042277840486
ON,0.3,0.4,3.0,10,100.83333333333333,0.13964959999999998,0.00257472966347926
ON,0.3,0.4,3.0,10,101.0,0.1396408,0.002556252092419679
ON,0.3,0.4,3.0,10,101.16666666666667,0.1396281,0.0025494304638487425
ON,0.3,0.4,3.0,10,101.33333333333333,0.1396134,0.0025521827207314134
ON,0.3,0.4,3.0,10,101.5,0.1396251,0.002591056905974857
ON,0.3,0.4,3.0,10,101.66666666666667,0.13962750000000002,0.0025921550975973626
ON,0.3,0.4,3.0,10,101.83333333333333,0.13962100000000002,0.002600766656199665
ON,0.3,0.4,3.0,10,102.0,0.13961229999999997,0.0025922353307522026
ON,0.3,0.4,3.0,10,102.16666666666667,0.1396136,0.0025856666529156446
ON,0.3,0.4,3.0,10,102.33333333333333,0.139613,0.002590256357969225
ON,0.3,0.4,3.0,10,102.5,0.13960440000000002,0.0026005134185387276
ON,0.3,0.4,3.0,10,102.66666666666667,0.1396053,0.0026163581578216716
ON,0.3,0.4,3.0,10,102.83333333333333,0.1396186,0.002614210289934605
ON,0.3,0.4,3.0,10,103.0,0.1396021,0.002641275693675309
ON,0.3,0.4,3.0,10,103.16666666666667,0.13957930000000002,0.0026626823712189228
ON,0.3,0.4,3.0,10,103.33333333333333,0.13957460000000002,0.0026546435994310082
ON,0.3,0.4,3.0,10,103.5,0.139581,0.002657696897691683
ON,0.3,0.4,3.0,10,103.66666666666667,0.1395536,0.0026620749876740896
ON,0.3,0.4,3.0,10,103.83333333333333,0.13956549999999998,0.0026665843789387194
ON,0.3,0.4,3.0,10,104.0,0.1395691,0.0026883047985673
ON,0.3,0.4,3.0,10,104.16666666666667,0.1395669,0.002679322990981117
ON,0.3,0.4,3.0,10,104.33333333333333,0.13957,0.0026843403658999734
ON,0.3,0.4,3.0,10,104.5,0.1395572,0.0026914039756231315
ON,0.3,0.4,3.0,10,104.66666666666667,0.13954219999999998,0.0026637961183243694
ON,0.3,0.4,3.0,10,104.83333333333333,0.1395349,0.002674006636117421
ON,0.3,0.4,3.0,10,105.0,0.1394981,0.002696478090027807
ON,0.3,0.4,3.0,10,105.16666666666667,0.1394926,0.002692370709987761
ON,0.3,0.4,3.0,10,105.33333333333333,0.13949229999999999,0.0026861968673200457
ON,0.3,0.4,3.0,10,105.5,0.1394847,0.0026791173565187446
ON,0.3,0.4,3.0,10,105.66666666666667,0.1394968,0.002675192097775409
ON,0.3,0.4,3.0,10,105.83333333333333,0.13947729999999997,0.002686450075843586
ON,0.3,0.4,3.0,10,106.0,0.13946989999999998,0.0027051801215445905
ON,0.3,0.4,3.0,10,106.16666666666667,0.13946999999999998,0.002679846637402967
ON,0.3,0.4,3.0,10,106.33333333333333,0.13947299999999996,0.0026964653530130887
ON,0.3,0.4,3.0,10,106.5,0.13944059999999997,0.0026816227251423687
ON,0.3,0.4,3.0,10,106.66666666666667,0.1394379,0.0026918987889591977
ON,0.3,0.4,3.0,10,106.83333333333333,0.1394336,0.0027004666707811805
ON,0.3,0.4,3.0,10,107.0,0.139424,0.002723941519196034
ON,0.3,0.4,3.0,10,107.16666666666667,0.1393977,0.002739854523510326
ON,0.3,0.4,3.0,10,107.33333333333333,0.1393951,0.0027478835655827963
ON,0.3,0.4,3.0,10,107.5,0.1393897,0.002758391997160668
ON,0.3,0.4,3.0,10,107.66666666666667,0.13937660000000002,0.0027654708170581008
ON,0.3,0.4,3.0,10,107.83333333333333,0.13935559999999997,0.0027640535884819587
ON,0.3,0.4,3.0,10,108.0,0.1393499,0.002747663860445812
ON,0.3,0.4,3.0,10,108.16666666666667,0.13934269999999999,0.0027566736495276342
ON,0.3,0.4,3.0,10,108.33333333333333,0.1393353,0.0027336447483167926
ON,0.3,0.4,3.0,10,108.5,0.13932819999999999,0.0027438967108839945
ON,0.3,0.4,3.0,10,108.66666666666667,0.1393288,0.0027565403969468686
ON,0.3,0.4,3.0,10,108.83333333333333,0.1393346,0.0027750124035758835
ON,0.3,0.4,3.0,10,109.0,0.1393633,0.0027811317498457355
ON,0.3,0.4,3.0,10,109.16666666666667,0.1393774,0.002789042280066761
ON,0.3,0.4,3.0,10,109.33333333333333,0.13939390000000002,0.0027790855132579155
ON,0.3,0.4,3.0,10,109.5,0.13939420000000002,0.0027734071752990026
ON,0.3,0.4,3.0,10,109.66666666666667,0.13940460000000002,0.002773063259285659
ON,0.3,0.4,3.0,10,109.83333333333333,0.1394131,0.0027686519264797423
ON,0.3,0.4,3.0,10,110.0,0.1394168,0.0027667245905583027
ON,0.3,0.4,3.0,10,110.16666666666667,0.13940529999999998,0.002764742412956405
ON,0.3,0.4,3.0,10,110.33333333333333,0.1393982,0.0027999614568775767
ON,0.3,0.4,3.0,10,110.5,0.1393763,0.002805730993876641
ON,0.3,0.4,3.0,10,110.66666666666667,0.1393668,0.0028013629111559267
ON,0.3,0.4,3.0,10,110.83333333333333,0.1393579,0.00282102117858055
ON,0.3,0.4,3.0,10,111.0,0.1393553,0.002841662332157005
ON,0.3,0.4,3.0,10,111.16666666666667,0.139353,0.002845655144250619
ON,0.3,0.4,3.0,10,111.33333333333333,0.1393413,0.002839235532674245
ON,0.3,0.4,3.0,10,111.5,0.1393293,0.0028621742102814046
ON,0.3,0.4,3.0,10,111.66666666666667,0.1393324,0.0028397479536043345
ON,0.3,0.4,3.0,10,111.83333333333333,0.1393144,0.0028492405725034837
ON,0.3,0.4,3.0,10,112.0,0.13930969999999998,0.002863363618194522
ON,0.3,0.4,3.0,10,112.16666666666667,0.13929909999999998,0.0028841795176444834
ON,0.3,0.4,3.0,10,112.33333333333333,0.1392938,0.0028760892475721274
ON,0.3,0.4,3.0,10,112.5,0.13927969999999998,0.002875581542923098
ON,0.3,0.4,3.0,10,112.66666666666667,0.13926310000000003,0.002884486382356486
ON,0.3,0.4,3.0,10,112.83333333333333,0.1392487,0.0028891579067264537
ON,0.3,0.4,3.0,10,113.0,0.13923020000000003,0.0029033557756499664
ON,0.3,0.4,3.0,10,113.16666666666667,0.1392447,0.0029032074693345626
ON,0.3,0.4,3.0,10,113.33333333333333,0.1392511,0.0029226141192432533
ON,0.3,0.4,3.0,10,113.5,0.1392847,0.002895525308126318
ON,0.3,0.4,3.0,10,113.66666666666667,0.1392727,0.0028957653927761504
ON,0.3,0.4,3.0,10,113.83333333333333,0.13927050000000002,0.0028989805535739664
ON,0.3,0.4,3.0,10,114.0,0.1392284,0.002906248447741517
ON,0.3,0.4,3.0,10,114.16666666666667,0.1392063,0.002906269638213223
ON,0.3,0.4,3.0,10,114.33333333333333,0.1392042,0.002915940321748713
ON,0.3,0.4,3.0,10,114.5,0.1392123,0.002897534608939127
ON,0.3,0.4,3.0,10,114.66666666666667,0.1392161,0.002900779428015857
ON,0.3,0.4,3.0,10,114.83333333333333,0.13920120000000002,0.0029084072548389785
ON,0.3,0.4,3.0,10,115.0,0.13920190000000002,0.0029091056168520243
ON,0.3,0.4,3.0,10,115.16666666666667,0.1391845,0.0029103041507718766
ON,0.3,0.4,3.0,10,115.33333333333333,0.1391654,0.0029130279847608687
ON,0.3,0.4,3.0,10,115.5,0.13916559999999997,0.002906138923038605
ON,0.3,0.4,3.0,10,115.66666666666667,0.13915960000000002,0.0029056956206732986
ON,0.3,0.4,3.0,10,115.83333333333333,0.1391508,0.002916344828719676
ON,0.3,0.4,3.0,10,116.0,0.13913769999999998,0.002919972433089047
ON,0.3,0.4,3.0,10,116.16666666666667,0.13912940000000001,0.002905780590478225
ON,0.3,0.4,3.0,10,116.33333333333333,0.1391413,0.0028929269970049375
ON,0.3,0.4,3.0,10,116.5,0.13913740000000002,0.002904178031732904
ON,0.3,0.4,3.0,10,116.66666666666667,0.13914889999999996,0.002908953160502936
ON,0.3,0.4,3.0,10,116.83333333333333,0.1391351,0.002918457073523613
ON,0.3,0.4,3.0,10,117.0,0.13912670000000002,0.0029094997525347926
ON,0.3,0.4,3.0,10,117.16666666666667,0.13913950000000003,0.002906485446376771
ON,0.3,0.4,3.0,10,117.33333333333333,0.1391442,0.0028929081492505104
ON,0.3,0.4,3.0,10,117.5,0.139118,0.002885985412298546
ON,0.3,0.4,3.0,10,117.66666666666667,0.13912270000000002,0.002886474287084504
ON,0.3,0.4,3.0,10,117.83333333333333,0.13912780000000002,0.0028673956755216013
ON,0.3,0.4,3.0,10,118.0,0.13912370000000002,0.0028656462115899794
ON,0.3,0.4,3.0,10,118.16666666666667,0.139131,0.002855221707678755
ON,0.3,0.4,3.0,10,118.33333333333333,0.1391144,0.0028524813829366186
ON,0.3,0.4,3.0,10,118.5,0.1391149,0.002851796782731896
ON,0.3,0.4,3.0,10,118.66666666666667,0.1391389,0.0028279297533708287
ON,0.3,0.4,3.0,10,118.83333333333333,0.1391558,0.0028247986052106497
ON,0.3,0.4,3.0,10,119.0,0.13914429999999997,0.0028105134068351287
ON,0.3,0.4,3.0,10,119.16666666666667,0.139119,0.00282403045309359
ON,0.3,0.4,3.0,10,119.33333333333333,0.1391233,0.0028249855592551235
ON,0.3,0.4,3.0,10,119.5,0.1391157,0.0028050399301970705
ON,0.3,0.4,3.0,10,119.66666666666667,0.13910459999999997,0.0028120808380983644
ON,0.3,0.4,3.0,10,119.83333333333333,0.139108,0.00279684154002332
ON,0.3,0.4,3.0,10,120.0,0.13912470000000002,0.0027925067609586907
ON,0.3,0.4,3.0,10,120.16666666666667,0.13912439999999998,0.002785896415877662
ON,0.3,0.4,3.0,10,120.33333333333333,0.13912660000000002,0.002775352237104324
ON,0.3,0.4,3.0,10,120.5,0.13913120000000004,0.002775610087890588
ON,0.3,0.4,3.0,10,120.66666666666667,0.1391176,0.0027654660439065232
ON,0.3,0.4,3.0,10,120.83333333333333,0.1391165,0.0027567678991891934
ON,0.3,0.4,3.0,10,121.0,0.1391061,0.0027427409082886444
ON,0.3,0.4,3.0,10,121.16666666666667,0.1390847,0.0027596056258096017
ON,0.3,0.4,3.0,10,121.33333333333333,0.13906039999999997,0.002745920035252299
ON,0.3,0.4,3.0,10,121.5,0.1390714,0.0027470403782980674
ON,0.3,0.4,3.0,10,121.66666666666667,0.13905420000000002,0.002747884087802833
ON,0.3,0.4,3.0,10,121.83333333333333,0.13906829999999998,0.002738021185089703
ON,0.3,0.4,3.0,10,122.0,0.1390752,0.0027128785376422603
ON,0.3,0.4,3.0,10,122.16666666666667,0.1390495,0.002700084933849303
ON,0.3,0.4,3.0,10,122.33333333333333,0.1390205,0.002696308559864764
ON,0.3,0.4,3.0,10,122.5,0.1390059,0.0026974277914339068
ON,0.3,0.4,3.0,10,122.66666666666667,0.13899530000000002,0.002701108700145178
ON,0.3,0.4,3.0,10,122.83333333333333,0.138981,0.002717437947773599
ON,0.3,0.4,3.0,10,123.0,0.1389969,0.0027181405206500994
ON,0.3,0.4,3.0,10,123.16666666666667,0.1390165,0.002729174060040878
ON,0.3,0.4,3.0,10,123.33333333333333,0.1389976,0.0027439425722853607
ON,0.3,0.4,3.0,10,123.5,0.13898039999999998,0.002743458299300357
ON,0.3,0.4,3.0,10,123.66666666666667,0.1389834,0.002750722566890382
ON,0.3,0.4,3.0,10,123.83333333333333,0.1389648,0.0027473939943153435
ON,0.3,0.4,3.0,10,124.0,0.1389682,0.0027407704318311646
ON,0.3,0.4,3.0,10,124.16666666666667,0.13896170000000002,0.0027467464407913617
ON,0.3,0.4,3.0,10,124.33333333333333,0.13894779999999998,0.0027537959183643176
ON,0.3,0.4,3.0,10,124.5,0.1389532,0.0027466372093889694
ON,0.3,0.4,3.0,10,124.66666666666667,0.1389386,0.002733291612689726
ON,0.3,0.4,3.0,10,124.83333333333333,0.1389497,0.0027522946808072736
ON,0.3,0.4,3.0,10,125.0,0.13895010000000002,0.0027608950885537084
ON,0.3,0.4,3.0,10,125.16666666666667,0.1389367,0.00276444059621472
ON,0.3,0.4,3.0,10,125.33333333333333,0.1389187,0.0027719658746095683
ON,0.3,0.4,3.0,10,125.5,0.1389157,0.0027610911629281617
ON,0.3,0.4,3.0,10,125.66666666666667,0.13890360000000002,0.0027541693920309263
ON,0.3,0.4,3.0,10,125.83333333333333,0.13891320000000001,0.00276933810864618
ON,0.3,0.4,3.0,10,126.0,0.1388934,0.002763515811425729
ON,0.3,0.4,3.0,10,126.16666666666667,0.1388993,0.0027611912302482763
ON,0.3,0.4,3.0,10,126.33333333333333,0.1389019,0.0027817800218565055
ON,0.3,0.4,3.0,10,126.5,0.1389128,0.0027718732582858153
ON,0.3,0.4,3.0,10,126.66666666666667,0.1388983,0.002767877961543822
ON,0.3,0.4,3.0,10,126.83333333333333,0.13889020000000002,0.002777366047174918
ON,0.3,0.4,3.0,10,127.0,0.1388759,0.002785613916177183
ON,0.3,0.4,3.0,10,127.16666666666667,0.13887290000000002,0.0027596211134864146
ON,0.3,0.4,3.0,10,127.33333333333333,0.13888629999999996,0.002775643927091513
ON,0.3,0.4,3.0,10,127.5,0.1388673,0.002771359126854545
ON,0.3,0.4,3.0,10,127.66666666666667,0.13886300000000001,0.0027953542172683573
ON,0.3,0.4,3.0,10,127.83333333333333,0.13885950000000002,0.0028061665755973924
ON,0.3,0.4,3.0,10,128.0,0.1388503,0.002812401288934419
ON,0.3,0.4,3.0,10,128.16666666666666,0.1388419,0.0028202255033950726
ON,0.3,0.4,3.0,10,128.33333333333334,0.13884280000000002,0.0028136998702775716
ON,0.3,0.4,3.0,10,128.5,0.1388409,0.0028048452524158983
ON,0.3,0.4,3.0,10,128.66666666666666,0.1388459,0.0028064739603281563
ON,0.3,0.4,3.0,10,128.83333333333334,0.13885229999999998,0.0027972050711379745
ON,0.3,0.4,3.0,10,129.0,0.13885419999999998,0.002805422028857694
ON,0.3,0.4,3.0,10,129.16666666666666,0.1388594,0.0028164038488824677
ON,0.3,0.4,3.0,10,129.33333333333334,0.1388508,0.002831233257787139
ON,0.3,0.4,3.0,10,129.5,0.13882860000000002,0.002844036539849658
ON,0.3,0.4,3.0,10,129.66666666666666,0.1388324,0.0028465856459976777
ON,0.3,0.4,3.0,10,129.83333333333334,0.13882440000000001,0.00284748693412279
ON,0.3,0.4,3.0,10,130.0,0.1388198,0.0028441311784093213
ON,0.3,0.4,3.0,10,130.16666666666666,0.13881329999999997,0.0028495226635350686
ON,0.3,0.4,3.0,10,130.33333333333334,0.13880640000000002,0.002848239252590975
ON,0.3,0.4,3.0,10,130.5,0.13879879999999997,0.0028416406106332296
ON,0.3,0.4,3.0,10,130.66666666666666,0.138821,0.002854743210868537
ON,0.3,0.4,3.0,10,130.83333333333334,0.1388163,0.0028447046612961402
ON,0.3,0.4,3.0,10,131.0,0.138835,0.002842379883126112
ON,0.3,0.4,3.0,10,131.16666666666666,0.138856,0.0028258431308195403
ON,0.3,0.4,3.0,10,131.33333333333334,0.13885119999999998,0.0027877506631691406
ON,0.3,0.4,3.0,10,131.5,0.1388577,0.0027704567511513288
ON,0.3,0.4,3.0,10,131.66666666666666,0.1388318,0.0027621818839460945
ON,0.3,0.4,3.0,10,131.83333333333334,0.1388491,0.002760398139761727
ON,0.3,0.4,3.0,10,132.0,0.13884749999999998,0.0027564334292705154
ON,0.3,0.4,3.0,10,132.16666666666666,0.1388637,0.0027494346709823845
ON,0.3,0.4,3.0,10,132.33333333333334,0.13886499999999996,0.0027587425033880958
ON,0.3,0.4,3.0,10,132.5,0.1388498,0.002759201181501629
ON,0.3,0.4,3.0,10,132.66666666666666,0.1388362,0.002767332571267865
ON,0.3,0.4,3.0,10,132.83333333333334,0.1388338,0.0027510737103901843
ON,0.3,0.4,3.0,10,133.0,0.1388287,0.002762500173755654
ON,0.3,0.4,3.0,10,133.16666666666666,0.1388107,0.002769680885950585
ON,0.3,0.4,3.0,10,133.33333333333334,0.13880679999999995,0.0027889011384414496
ON,0.3,0.4,3.0,10,133.5,0.13879799999999998,0.0027793135123623572
ON,0.3,0.4,3.0,10,133.66666666666666,0.1387624,0.0027660651185393305
ON,0.3,0.4,3.0,10,133.83333333333334,0.13874789999999998,0.0027669691161991685
ON,0.3,0.4,3.0,10,134.0,0.1387476,0.002766081857067867
ON,0.3,0.4,3.0,10,134.16666666666666,0.13873839999999998,0.0027929994701037775
ON,0.3,0.4,3.0,10,134.33333333333334,0.1387182,0.0028015418183564523
ON,0.3,0.4,3.0,10,134.5,0.1387567,0.002810681769606801
ON,0.3,0.4,3.0,10,134.66666666666666,0.13877350000000002,0.002810791427694344
ON,0.3,0.4,3.0,10,134.83333333333334,0.1387681,0.002809917986347644
ON,0.3,0.4,3.0,10,135.0,0.13875520000000002,0.002807925810985758
ON,0.3,0.4,3.0,10,135.16666666666666,0.1387218,0.002804965233296131
ON,0.3,0.4,3.0,10,135.33333333333334,0.1387203,0.0028050637800235505
ON,0.3,0.4,3.0,10,135.5,0.13870830000000003,0.002806000358161064
ON,0.3,0.4,3.0,10,135.66666666666666,0.13868930000000002,0.002820370473891687
ON,0.3,0.4,3.0,10,135.83333333333334,0.13868640000000002,0.0028232704510903653
ON,0.3,0.4,3.0,10,136.0,0.1386896,0.002813763820934514
ON,0.3,0.4,3.0,10,136.16666666666666,0.138687,0.0028018617025113886
ON,0.3,0.4,3.0,10,136.33333333333334,0.138676,0.0028040886933190967
ON,0.3,0.4,3.0,10,136.5,0.1386849,0.00279747484170993
ON,0.3,0.4,3.0,10,136.66666666666666,0.1386722,0.0027926803898763626
ON,0.3,0.4,3.0,10,136.83333333333334,0.13868160000000002,0.002792129409608374
ON,0.3,0.4,3.0,10,137.0,0.1386731,0.0027739456177077425
ON,0.3,0.4,3.0,10,137.16666666666666,0.1386416,0.002769454285594905
ON,0.3,0.4,3.0,10,137.33333333333334,0.13863429999999996,0.0027764262659037025
ON,0.3,0.4,3.0,10,137.5,0.13862229999999998,0.0027863004881024563
ON,0.3,0.4,3.0,10,137.66666666666666,0.13859879999999997,0.002778518662884959
ON,0.3,0.4,3.0,10,137.83333333333334,0.1385795,0.002790207994039159
ON,0.3,0.4,3.0,10,138.0,0.13857399999999997,0.0027787678924300267
ON,0.3,0.4,3.0,10,138.16666666666666,0.1385713,0.002787061213895384
ON,0.3,0.4,3.0,10,138.33333333333334,0.1385565,0.002800058079754778
ON,0.3,0.4,3.0,10,138.5,0.1385496,0.0027811270089659686
ON,0.3,0.4,3.0,10,138.66666666666666,0.1385477,0.002790203506914864
ON,0.3,0.4,3.0,10,138.83333333333334,0.1385393,0.002795687001436324
ON,0.3,0.4,3.0,10,139.0,0.1385321,0.002795826727463632
ON,0.3,0.4,3.0,10,139.16666666666666,0.1385521,0.002795769391419832
ON,0.3,0.4,3.0,10,139.33333333333334,0.13853759999999998,0.002806424885864576
ON,0.3,0.4,3.0,10,139.5,0.13852989999999998,0.002786818883601876
ON,0.3,0.4,3.0,10,139.66666666666666,0.1385307,0.002789229070908305
ON,0.3,0.4,3.0,10,139.83333333333334,0.13851180000000002,0.0027908116668811603
ON,0.3,0.4,3.0,10,140.0,0.1385033,0.0028062578659132516
ON,0.3,0.4,3.0,10,140.16666666666666,0.1384923,0.0027860318393729843
ON,0.3,0.4,3.0,10,140.33333333333334,0.13848129999999997,0.0028040261428881157
ON,0.3,0.4,3.0,10,140.5,0.13846799999999998,0.0028230395321355343
ON,0.3,0.4,3.0,10,140.66666666666666,0.1384758,0.002811127275667185
ON,0.3,0.4,3.0,10,140.83333333333334,0.1384723,0.0028015578184288825
ON,0.3,0.4,3.0,10,141.0,0.13846600000000003,0.002804774286818815
ON,0.3,0.4,3.0,10,141.16666666666666,0.1384613,0.0028049887361627657
ON,0.3,0.4,3.0,10,141.33333333333334,0.13843370000000002,0.0028049465253369844
ON,0.3,0.4,3.0,10,141.5,0.1384395,0.0028153274853913537
ON,0.3,0.4,3.0,10,141.66666666666666,0.13844459999999997,0.002822772438578785
ON,0.3,0.4,3.0,10,141.83333333333334,0.138443,0.002827601846087953
ON,0.3,0.4,3.0,10,142.0,0.1384555,0.0028045869303696047
ON,0.3,0.4,3.0,10,142.16666666666666,0.1384506,0.0028181979064643434
ON,0.3,0.4,3.0,10,142.33333333333334,0.1384395,0.002812249962218867
ON,0.3,0.4,3.0,10,142.5,0.13844679999999998,0.002821437250764226
ON,0.3,0.4,3.0,10,142.66666666666666,0.13845469999999999,0.0028256682413192093
ON,0.3,0.4,3.0,10,142.83333333333334,0.138468,0.0028515892761756534
ON,0.3,0.4,3.0,10,143.0,0.13844260000000003,0.002853167159491361
ON,0.3,0.4,3.0,10,143.16666666666666,0.1384402,0.002846334618417172
ON,0.3,0.4,3.0,10,143.33333333333334,0.1384241,0.0028363212247557597
ON,0.3,0.4,3.0,10,143.5,0.1384265,0.00284482580310289
ON,0.3,0.4,3.0,10,143.66666666666666,0.13841080000000003,0.002833664052071102
ON,0.3,0.4,3.0,10,143.83333333333334,0.1384113,0.0028225732249137483
ON,0.3,0.4,3.0,10,144.0,0.1384159,0.002825029042328593
ON,0.3,0.4,3.0,10,144.16666666666666,0.13841320000000001,0.0028183288239664304
ON,0.3,0.4,3.0,10,144.33333333333334,0.13840000000000002,0.002827919553311232
ON,0.3,0.4,3.0,10,144.5,0.13840879999999997,0.0028370135988394583
ON,0.3,0.4,3.0,10,144.66666666666666,0.1384169,0.00285330960289976
ON,0.3,0.4,3.0,10,144.83333333333334,0.1383934,0.0028626125549923824
ON,0.3,0.4,3.0,10,145.0,0.13840769999999997,0.0028688970023338276
ON,0.3,0.4,3.0,10,145.16666666666666,0.1383975,0.0028825222722470016
ON,0.3,0.4,3.0,10,145.33333333333334,0.13840570000000002,0.002874856798172736
ON,0.3,0.4,3.0,10,145.5,0.1384002,0.0028679185762500274
ON,0.3,0.4,3.0,10,145.66666666666666,0.13843319999999998,0.00287550996520617
ON,0.3,0.4,3.0,10,145.83333333333334,0.13840980000000003,0.0028897941379966803
ON,0.3,0.4,3.0,10,146.0,0.1383924,0.0028833683496910364
ON,0.3,0.4,3.0,10,146.16666666666666,0.1383897,0.0028900022162621293
ON,0.3,0.4,3.0,10,146.33333333333334,0.1383931,0.002883737070192075
ON,0.3,0.4,3.0,10,146.5,0.13838029999999998,0.0028905337932637943
ON,0.3,0.4,3.0,10,146.66666666666666,0.13837270000000002,0.0028873010251790512
ON,0.3,0.4,3.0,10,146.83333333333334,0.1383694,0.002906374655821237
ON,0.3,0.4,3.0,10,147.0,0.13837739999999998,0.0028895569971883234
ON,0.3,0.4,3.0,10,147.16666666666666,0.1383798,0.002875522171710736
ON,0.3,0.4,3.0,10,147.33333333333334,0.13839289999999999,0.0028869850172801364
ON,0.3,0.4,3.0,10,147.5,0.1383945,0.0029100820005628705
ON,0.3,0.4,3.0,10,147.66666666666666,0.13839680000000004,0.0029294330782593404
ON,0.3,0.4,3.0,10,147.83333333333334,0.13839969999999996,0.0029101160818771486
ON,0.3,0.4,3.0,10,148.0,0.1383986,0.002908718865755163
ON,0.3,0.4,3.0,10,148.16666666666666,0.13839410000000002,0.0029158041240796716
ON,0.3,0.4,3.0,10,148.33333333333334,0.1384109,0.0029177796506933136
ON,0.3,0.4,3.0,10,148.5,0.13840120000000003,0.002920440850282712
ON,0.3,0.4,3.0,10,148.66666666666666,0.13840239999999998,0.002920743028751418
ON,0.3,0.4,3.0,10,148.83333333333334,0.1384126,0.002925911727991804
ON,0.3,0.4,3.0,10,149.0,0.13840460000000002,0.0029330085305024328
ON,0.3,0.4,3.0,10,149.16666666666666,0.1384004,0.002940435620788186
ON,0.3,0.4,3.0,10,149.33333333333334,0.13839159999999998,0.0029314897646077493
ON,0.3,0.4,3.0,10,149.5,0.13836540000000003,0.002927778755302386
ON,0.3,0.4,3.0,10,149.66666666666666,0.1383726,0.002923046191903232
ON,0.3,0.4,3.0,10,149.83333333333334,0.13838019999999998,0.0029332164529744477
ON,0.3,0.4,3.0,10,150.0,0.138395,0.00295771567260952
ON,0.3,0.4,3.0,10,150.16666666666666,0.13840539999999998,0.002971589682308106
ON,0.3,0.4,3.0,10,150.33333333333334,0.13840190000000002,0.002966514771579602
ON,0.3,0.4,3.0,10,150.5,0.13839059999999997,0.0029704989547212437
ON,0.3,0.4,3.0,10,150.66666666666666,0.1384048,0.002962818786223687
ON,0.3,0.4,3.0,10,150.83333333333334,0.1383994,0.0029898706058958456
ON,0.3,0.4,3.0,10,151.0,0.1383924,0.0029688053556944385
ON,0.3,0.4,3.0,10,151.16666666666666,0.13838509999999998,0.0029791467050147105
ON,0.3,0.4,3.0,10,151.33333333333334,0.13836569999999998,0.0029754533452904263
ON,0.3,0.4,3.0,10,151.5,0.1383594,0.002983725195121026
ON,0.3,0.4,3.0,10,151.66666666666666,0.13834950000000001,0.0029896261722830862
ON,0.3,0.4,3.0,10,151.83333333333334,0.138328,0.0030109993357687738
ON,0.3,0.4,3.0,10,152.0,0.13831259999999998,0.0029987787914416038
ON,0.3,0.4,3.0,10,152.16666666666666,0.1383152,0.0029903384691368972
ON,0.3,0.4,3.0,10,152.33333333333334,0.13831380000000001,0.0030014710993111347
ON,0.3,0.4,3.0,10,152.5,0.13831890000000002,0.0029948494269328506
ON,0.3,0.4,3.0,10,152.66666666666666,0.1383275,0.002983866191704986
ON,0.3,0.4,3.0,10,152.83333333333334,0.13833869999999998,0.002968898147461446
ON,0.3,0.4,3.0,10,153.0,0.1383234,0.0029838330114133377
ON,0.3,0.4,3.0,10,153.16666666666666,0.1383121,0.002975254693299376
ON,0.3,0.4,3.0,10,153.33333333333334,0.1382939,0.002972648598472413
ON,0.3,0.4,3.0,10,153.5,0.13829439999999998,0.002970559381665346
ON,0.3,0.4,3.0,10,153.66666666666666,0.1382968,0.0029697016954569736
ON,0.3,0.4,3.0,10,153.83333333333334,0.1383122,0.002982523287419565
ON,0.3,0.4,3.0,10,154.0,0.1383186,0.002981381196693915
ON,0.3,0.4,3.0,10,154.16666666666666,0.13831909999999997,0.0029837532555491235
ON,0.3,0.4,3.0,10,154.33333333333334,0.1383228,0.0029790071433281264
ON,0.3,0.4,3.0,10,154.5,0.13831390000000002,0.0029752757334405118
ON,0.3,0.4,3.0,10,154.66666666666666,0.13830910000000002,0.0029897373613747415
ON,0.3,0.4,3.0,10,154.83333333333334,0.1382941,0.0029886259535110765
ON,0.3,0.4,3.0,10,155.0,0.1382851,0.0029807884007423237
ON,0.3,0.4,3.0,10,155.16666666666666,0.1382809,0.0029789156903141756
ON,0.3,0.4,3.0,10,155.33333333333334,0.13828079999999998,0.002977831284676821
ON,0.3,0.4,3.0,10,155.5,0.1382648,0.0029923577259412023
ON,0.3,0.4,3.0,10,155.66666666666666,0.13826860000000002,0.0029869888248870327
ON,0.3,0.4,3.0,10,155.83333333333334,0.13826259999999999,0.002991043737560525
ON,0.3,0.4,3.0,10,156.0,0.1382751,0.0029936322569747965
ON,0.3,0.4,3.0,10,156.16666666666666,0.13825839999999998,0.0030240637956233675
ON,0.3,0.4,3.0,10,156.33333333333334,0.13824609999999998,0.00303095636557177
ON,0.3,0.4,3.0,10,156.5,0.13824619999999999,0.003027797311578173
ON,0.3,0.4,3.0,10,156.66666666666666,0.1382457,0.0030111852832398096
ON,0.3,0.4,3.0,10,156.83333333333334,0.13825839999999998,0.0029908974974077623
ON,0.3,0.4,3.0,10,157.0,0.1382485,0.002983961871405198
ON,0.3,0.4,3.0,10,157.16666666666666,0.1382438,0.002981228129479526
ON,0.3,0.4,3.0,10,157.33333333333334,0.1382212,0.002967101980047196
ON,0.3,0.4,3.0,10,157.5,0.13821199999999997,0.002953083405527179
ON,0.3,0.4,3.0,10,157.66666666666666,0.13819759999999998,0.0029669536632714708
ON,0.3,0.4,3.0,10,157.83333333333334,0.13818709999999998,0.002963363948285798
ON,0.3,0.4,3.0,10,158.0,0.138191,0.0029508117527216183
ON,0.3,0.4,3.0,10,158.16666666666666,0.1381849,0.0029698675206143513
ON,0.3,0.4,3.0,10,158.33333333333334,0.13821719999999998,0.002964933989147146
ON,0.3,0.4,3.0,10,158.5,0.1381936,0.0029854982900681787
ON,0.3,0.4,3.0,10,158.66666666666666,0.1382082,0.0029749359589745757
ON,0.3,0.4,3.0,10,158.83333333333334,0.13820249999999998,0.002979846514503729
ON,0.3,0.4,3.0,10,159.0,0.1382074,0.002985716403143471
ON,0.3,0.4,3.0,10,159.16666666666666,0.1382121,0.0029604172493079414
ON,0.3,0.4,3.0,10,159.33333333333334,0.1382014,0.0029445562721741284
ON,0.3,0.4,3.0,10,159.5,0.1382032,0.0029586537073473117
ON,0.3,0.4,3.0,10,159.66666666666666,0.1381981,0.002952273884652303
ON,0.3,0.4,3.0,10,159.83333333333334,0.1381815,0.002975422869106172
ON,0.3,0.4,3.0,10,160.0,0.1381773,0.0029828871601185318
ON,0.3,0.4,3.0,10,160.16666666666666,0.13819189999999998,0.00297152040040111
ON,0.3,0.4,3.0,10,160.33333333333334,0.13820059999999998,0.002982152886758156
ON,0.3,0.4,3.0,10,160.5,0.1382171,0.002979252605939955
ON,0.3,0.4,3.0,10,160.66666666666666,0.1382059,0.002991026026299332
ON,0.3,0.4,3.0,10,160.83333333333334,0.1381978,0.00299347640044147
ON,0.3,0.4,3.0,10,161.0,0.1381868,0.003004025858743567
ON,0.3,0.4,3.0,10,161.16666666666666,0.1381868,0.003007431854589562
ON,0.3,0.4,3.0,10,161.33333333333334,0.1381868,0.0030008364100696946
ON,0.3,0.4,3.0,10,161.5,0.13819090000000003,0.003004879313716278
ON,0.3,0.4,3.0,10,161.66666666666666,0.13820130000000003,0.003008210832039534
ON,0.3,0.4,3.0,10,161.83333333333334,0.1382033,0.0030232519263203965
ON,0.3,0.4,3.0,10,162.0,0.13819589999999998,0.0030407289076798687
ON,0.3,0.4,3.0,10,162.16666666666666,0.1381868,0.0030550373418339726
ON,0.3,0.4,3.0,10,162.33333333333334,0.1381983,0.0030552575685202053
ON,0.3,0.4,3.0,10,162.5,0.13817629999999997,0.003046136965075604
ON,0.3,0.4,3.0,10,162.66666666666666,0.13817310000000002,0.0030553482436540707
ON,0.3,0.4,3.0,10,162.83333333333334,0.1381557,0.003064246858528211
ON,0.3,0.4,3.0,10,163.0,0.13814189999999998,0.0030690234423998747
ON,0.3,0.4,3.0,10,163.16666666666666,0.13812799999999997,0.0030507837025918476
ON,0.3,0.4,3.0,10,163.33333333333334,0.1381081,0.0030468861629539086
ON,0.3,0.4,3.0,10,163.5,0.1381081,0.0030287692368353193
ON,0.3,0.4,3.0,10,163.66666666666666,0.1381307,0.003044273642430984
ON,0.3,0.4,3.0,10,163.83333333333334,0.1381397,0.0030320186691377713
ON,0.3,0.4,3.0,10,164.0,0.1381487,0.0030254743446276313
ON,0.3,0.4,3.0,10,164.16666666666666,0.1381493,0.003027330244621487
ON,0.3,0.4,3.0,10,164.33333333333334,0.13813450000000002,0.0030138311581772454
ON,0.3,0.4,3.0,10,164.5,0.13811030000000002,0.003003109190489082
ON,0.3,0.4,3.0,10,164.66666666666666,0.13809900000000003,0.0029937205948451498
ON,0.3,0.4,3.0,10,164.83333333333334,0.13810650000000002,0.002985625838915521
ON,0.3,0.4,3.0,10,165.0,0.13810460000000002,0.002977595949755436
ON,0.3,0.4,3.0,10,165.16666666666666,0.13809100000000002,0.0029844638379447662
ON,0.3,0.4,3.0,10,165.33333333333334,0.1380497,0.0029761831949663272
ON,0.3,0.4,3.0,10,165.5,0.13804560000000002,0.0029809749478987564
ON,0.3,0.4,3.0,10,165.66666666666666,0.1380462,0.0030032527965524326
ON,0.3,0.4,3.0,10,165.83333333333334,0.13803359999999998,0.0030252211886075387
ON,0.3,0.4,3.0,10,166.0,0.1380528,0.003044399277361629
ON,0.3,0.4,3.0,10,166.16666666666666,0.13803340000000003,0.003061105329778768
ON,0.3,0.4,3.0,10,166.33333333333334,0.13801890000000003,0.003073746132978452
ON,0.3,0.4,3.0,10,166.5,0.1380187,0.0030880470219865497
ON,0.3,0.4,3.0,10,166.66666666666666,0.13800339999999997,0.0030744368329825894
ON,0.3,0.4,3.0,10,166.83333333333334,0.1380103,0.003078333089514517
ON,0.3,0.4,3.0,10,167.0,0.1380039,0.0030882358863920985
ON,0.3,0.4,3.0,10,167.16666666666666,0.1380152,0.0031009192121046925
ON,0.3,0.4,3.0,10,167.33333333333334,0.1380239,0.003122096649689113
ON,0.3,0.4,3.0,10,167.5,0.1380309,0.0030973627959927515
ON,0.3,0.4,3.0,10,167.66666666666666,0.1380423,0.0030972651500961275
ON,0.3,0.4,3.0,10,167.83333333333334,0.13803769999999999,0.0030872640978704697
ON,0.3,0.4,3.0,10,168.0,0.1380027,0.0030848960128341423
ON,0.3,0.4,3.0,10,168.16666666666666,0.1380037,0.003064619978072325
ON,0.3,0.4,3.0,10,168.33333333333334,0.1379968,0.003053371212283237
ON,0.3,0.4,3.0,10,168.5,0.13797310000000002,0.003054887934114772
ON,0.3,0.4,3.0,10,168.66666666666666,0.1379937,0.0030421593005626755
ON,0.3,0.4,3.0,10,168.83333333333334,0.13797990000000002,0.003041115829757233
ON,0.3,0.4,3.0,10,169.0,0.1379689,0.0030301806695311084
ON,0.3,0.4,3.0,10,169.16666666666666,0.1379721,0.003047668467861946
ON,0.3,0.4,3.0,10,169.33333333333334,0.13795439999999998,0.003047701107392256
ON,0.3,0.4,3.0,10,169.5,0.1379464,0.003060034940976984
ON,0.3,0.4,3.0,10,169.66666666666666,0.1379518,0.0030613742600342103
ON,0.3,0.4,3.0,10,169.83333333333334,0.13794510000000001,0.003040868311847787
ON,0.3,0.4,3.0,10,170.0,0.1379537,0.0030460438949562094
ON,0.3,0.4,3.0,10,170.16666666666666,0.1379727,0.0030516405440352886
ON,0.3,0.4,3.0,10,170.33333333333334,0.1379701,0.003058863823382795
ON,0.3,0.4,3.0,10,170.5,0.13796529999999999,0.003054243312180615
ON,0.3,0.4,3.0,10,170.66666666666666,0.1379515,0.0030632184136949797
ON,0.3,0.4,3.0,10,170.83333333333334,0.13796440000000001,0.0030624653859268403
ON,0.3,0.4,3.0,10,171.0,0.1379575,0.003060009942794302
ON,0.3,0.4,3.0,10,171.16666666666666,0.1379476,0.0030818310531240995
ON,0.3,0.4,3.0,10,171.33333333333334,0.137947,0.0030915774290805
ON,0.3,0.4,3.0,10,171.5,0.1379529,0.003103015547817957
ON,0.3,0.4,3.0,10,171.66666666666666,0.1379266,0.003117254792281183
ON,0.3,0.4,3.0,10,171.83333333333334,0.13792770000000001,0.0031233590907867167
ON,0.3,0.4,3.0,10,172.0,0.1379341,0.0031128580259947593
ON,0.3,0.4,3.0,10,172.16666666666666,0.1379495,0.0031132326687865757
ON,0.3,0.4,3.0,10,172.33333333333334,0.1379537,0.003100457838771564
ON,0.3,0.4,3.0,10,172.5,0.1379539,0.0030997041939514135
ON,0.3,0.4,3.0,10,172.66666666666666,0.137948,0.003105106858064632
ON,0.3,0.4,3.0,10,172.83333333333334,0.1379349,0.0031089200520437953
ON,0.3,0.4,3.0,10,173.0,0.1379322,0.0031190731892663244
ON,0.3,0.4,3.0,10,173.16666666666666,0.13793429999999998,0.003126196252636744
ON,0.3,0.4,3.0,10,173.33333333333334,0.1379169,0.0031063753620578444
ON,0.3,0.4,3.0,10,173.5,0.1379239,0.003112201839534194
ON,0.3,0.4,3.0,10,173.66666666666666,0.1379035,0.003089339031249239
ON,0.3,0.4,3.0,10,173.83333333333334,0.13787760000000002,0.0030769061799151426
ON,0.3,0.4,3.0,10,174.0,0.13786930000000003,0.0030847314648118074
ON,0.3,0.4,3.0,10,174.16666666666666,0.1378473,0.0031258187423457567
ON,0.3,0.4,3.0,10,174.33333333333334,0.13784049999999998,0.003113493801182205
ON,0.3,0.4,3.0,10,174.5,0.13784709999999997,0.003120262727720218
ON,0.3,0.4,3.0,10,174.66666666666666,0.137828,0.0031208998702297345
ON,0.3,0.4,3.0,10,174.83333333333334,0.13782139999999998,0.0031243411849540344
ON,0.3,0.4,3.0,10,175.0,0.13783109999999998,0.0031349428527486754
ON,0.3,0.4,3.0,10,175.16666666666666,0.137836,0.0031234867376059073
ON,0.3,0.4,3.0,10,175.33333333333334,0.13783969999999998,0.0031216018660296828
ON,0.3,0.4,3.0,10,175.5,0.13783299999999998,0.0031080612928319185
ON,0.3,0.4,3.0,10,175.66666666666666,0.13781369999999998,0.003119134496939819
ON,0.3,0.4,3.0,10,175.83333333333334,0.1378289,0.0031291623943157753
ON,0.3,0.4,3.0,10,176.0,0.1378184,0.0031355863949188234
ON,0.3,0.4,3.0,10,176.16666666666666,0.13783289999999998,0.00315660996798781
ON,0.3,0.4,3.0,10,176.33333333333334,0.137829,0.0031607140965294565
ON,0.3,0.4,3.0,10,176.5,0.1378429,0.0031360607918214903
ON,0.3,0.4,3.0,10,176.66666666666666,0.13783969999999998,0.0031299674455176046
ON,0.3,0.4,3.0,10,176.83333333333334,0.13782680000000003,0.0031384414858333745
ON,0.3,0.4,3.0,10,177.0,0.1378218,0.00311852409963431
ON,0.3,0.4,3.0,10,177.16666666666666,0.13781110000000002,0.0031173880878068395
ON,0.3,0.4,3.0,10,177.33333333333334,0.1377951,0.0031316233633692323
ON,0.3,0.4,3.0,10,177.5,0.13778059999999998,0.003158198606801032
ON,0.3,0.4,3.0,10,177.66666666666666,0.1377761,0.00316746439443287
ON,0.3,0.4,3.0,10,177.83333333333334,0.13777290000000003,0.0031787321513458765
ON,0.3,0.4,3.0,10,178.0,0.137774,0.003182079005933072
ON,0.3,0.4,3.0,10,178.16666666666666,0.13778930000000003,0.0031976373481056274
ON,0.3,0.4,3.0,10,178.33333333333334,0.1377863,0.0032051497640515946
ON,0.3,0.4,3.0,10,178.5,0.1377725,0.003226642163302276
ON,0.3,0.4,3.0,10,178.66666666666666,0.1377755,0.0032297315445714665
ON,0.3,0.4,3.0,10,178.83333333333334,0.1377687,0.0032374065870693484
ON,0.3,0.4,3.0,10,179.0,0.13777140000000002,0.0032417417910746704
ON,0.3,0.4,3.0,10,179.16666666666666,0.1377643,0.003233857048479418
ON,0.3,0.4,3.0,10,179.33333333333334,0.1377518,0.0032318452871386042
ON,0.3,0.4,3.0,10,179.5,0.13775379999999998,0.0032244495902401674
ON,0.3,0.4,3.0,10,179.66666666666666,0.13776479999999997,0.003221285482536437
ON,0.3,0.4,3.0,10,179.83333333333334,0.13776990000000003,0.003202615070532206
ON,0.3,0.4,3.0,10,180.0,0.13776019999999997,0.0032022213789805395
ON,0.3,0.4,3.0,10,180.16666666666666,0.1377784,0.0032182079858206793
ON,0.3,0.4,3.0,10,180.33333333333334,0.13778739999999998,0.0032065237937679496
ON,0.3,0.4,3.0,10,180.5,0.13777470000000003,0.0031971035344511424
ON,0.3,0.4,3.0,10,180.66666666666666,0.1377832,0.0032086479644859813
ON,0.3,0.4,3.0,10,180.83333333333334,0.13777520000000001,0.0032097016621486793
ON,0.3,0.4,3.0,10,181.0,0.1377608,0.003204148492189462
ON,0.3,0.4,3.0,10,181.16666666666666,0.13775520000000002,0.003208876962427822
ON,0.3,0.4,3.0,10,181.33333333333334,0.1377631,0.0031863544827906366
ON,0.3,0.4,3.0,10,181.5,0.1377362,0.003169767871627202
ON,0.3,0.4,3.0,10,181.66666666666666,0.1377435,0.0031657115866736848
ON,0.3,0.4,3.0,10,181.83333333333334,0.1377399,0.0031760112547029842
ON,0.3,0.4,3.0,10,182.0,0.1377419,0.00317320174114411
ON,0.3,0.4,3.0,10,182.16666666666666,0.13773770000000002,0.003161808756076184
ON,0.3,0.4,3.0,10,182.33333333333334,0.1377468,0.0031770839082403885
ON,0.3,0.4,3.0,10,182.5,0.13773200000000002,0.0031562538554431906
ON,0.3,0.4,3.0,10,182.66666666666666,0.13775129999999997,0.0031534005787403558
ON,0.3,0.4,3.0,10,182.83333333333334,0.13776250000000004,0.0031312430199522956
ON,0.3,0.4,3.0,10,183.0,0.1377835,0.0031333604404855807
ON,0.3,0.4,3.0,10,183.16666666666666,0.13780540000000002,0.003152103938641618
ON,0.3,0.4,3.0,10,183.33333333333334,0.13781709999999997,0.0031443885717258317
ON,0.3,0.4,3.0,10,183.5,0.1378291,0.003155349535313007
ON,0.3,0.4,3.0,10,183.66666666666666,0.1378438,0.003162775262328954
ON,0.3,0.4,3.0,10,183.83333333333334,0.1378356,0.003158986869235132
ON,0.3,0.4,3.0,10,184.0,0.1378268,0.003142249697271046
ON,0.3,0.4,3.0,10,184.16666666666666,0.1378129,0.0031586221505586886
ON,0.3,0.4,3.0,10,184.33333333333334,0.13780280000000003,0.003119529765846128
ON,0.3,0.4,3.0,10,184.5,0.1377942,0.0031089426434078807
ON,0.3,0.4,3.0,10,184.66666666666666,0.1377892,0.0030908336027680294
ON,0.3,0.4,3.0,10,184.83333333333334,0.1377867,0.003089786531461359
ON,0.3,0.4,3.0,10,185.0,0.1377816,0.003074840327561742
ON,0.3,0.4,3.0,10,185.16666666666666,0.1377909,0.003078441698327254
ON,0.3,0.4,3.0,10,185.33333333333334,0.13779619999999998,0.0030665937389879367
ON,0.3,0.4,3.0,10,185.5,0.1377942,0.0030896847670919443
ON,0.3,0.4,3.0,10,185.66666666666666,0.1377814,0.0031024934875032327
ON,0.3,0.4,3.0,10,185.83333333333334,0.13778010000000002,0.003116472539587023
ON,0.3,0.4,3.0,10,186.0,0.13776660000000002,0.003116375048032577
ON,0.3,0.4,3.0,10,186.16666666666666,0.1377793,0.0031003538523852376
ON,0.3,0.4,3.0,10,186.33333333333334,0.13777630000000002,0.003097774686771135
ON,0.3,0.4,3.0,10,186.5,0.1377768,0.0031016896298630553
ON,0.3,0.4,3.0,10,186.66666666666666,0.13781040000000003,0.003096236883702539
ON,0.3,0.4,3.0,10,186.83333333333334,0.13782060000000002,0.0031085222598527446
ON,0.3,0.4,3.0,10,187.0,0.1378088,0.0031136620818579537
ON,0.3,0.4,3.0,10,187.16666666666666,0.1377924,0.0031375930010120847
ON,0.3,0.4,3.0,10,187.33333333333334,0.1378076,0.0031195853634738047
ON,0.3,0.4,3.0,10,187.5,0.1378314,0.00311982163592729
ON,0.3,0.4,3.0,10,187.66666666666666,0.1378091,0.003135945230707959
ON,0.3,0.4,3.0,10,187.83333333333334,0.13777520000000001,0.0031402862863121285
ON,0.3,0.4,3.0,10,188.0,0.1377795,0.003149038623135642
ON,0.3,0.4,3.0,10,188.16666666666666,0.13778700000000002,0.0031481277610668863
ON,0.3,0.4,3.0,10,188.33333333333334,0.137781,0.0031345788233828114
ON,0.3,0.4,3.0,10,188.5,0.13778400000000002,0.0031379884002335
ON,0.3,0.4,3.0,10,188.66666666666666,0.1377934,0.0031351333368773997
ON,0.3,0.4,3.0,10,188.83333333333334,0.1377781,0.003113207138948515
ON,0.3,0.4,3.0,10,189.0,0.13777889999999998,0.003115265845798715
ON,0.3,0.4,3.0,10,189.16666666666666,0.1377607,0.0031051486937021203
ON,0.3,0.4,3.0,10,189.33333333333334,0.1377539,0.0031231043994717823
ON,0.3,0.4,3.0,10,189.5,0.1377443,0.003136777647523011
ON,0.3,0.4,3.0,10,189.66666666666666,0.1377634,0.0031220541379034395
ON,0.3,0.4,3.0,10,189.83333333333334,0.137766,0.0031147235190302214
ON,0.3,0.4,3.0,10,190.0,0.13778870000000001,0.003119427641411167
ON,0.3,0.4,3.0,10,190.16666666666666,0.1377799,0.003105270405294844
ON,0.3,0.4,3.0,10,190.33333333333334,0.13777979999999998,0.0030982729963642663
ON,0.3,0.4,3.0,10,190.5,0.13776940000000001,0.0030973792212126657
ON,0.3,0.4,3.0,10,190.66666666666666,0.13777860000000003,0.00308394018100222
ON,0.3,0.4,3.0,10,190.83333333333334,0.1377721,0.003094393396127904
ON,0.3,0.4,3.0,10,191.0,0.13778010000000002,0.0030880464844299216
ON,0.3,0.4,3.0,10,191.16666666666666,0.1377844,0.0030807125863994535
ON,0.3,0.4,3.0,10,191.33333333333334,0.1377801,0.0030917351907949727
ON,0.3,0.4,3.0,10,191.5,0.1377553,0.003077404037496542
ON,0.3,0.4,3.0,10,191.66666666666666,0.1377733,0.0030685650082734085
ON,0.3,0.4,3.0,10,191.83333333333334,0.1377896,0.003060046019261805
ON,0.3,0.4,3.0,10,191.99833333333333,0.13778410000000002,0.00304307093081972
ON,0.3,0.4,3.0,10,192.0,0.1377848,0.003042917343603013
ON,0.3,0.4,5.0,10,0.0,0.09957505,0.0003250554268121059
ON,0.3,0.4,5.0,10,0.16666666666666666,0.1048943,0.00042246681526482036
ON,0.3,0.4,5.0,10,0.3333333333333333,0.11385540000000001,0.00045304728230064476
ON,0.3,0.4,5.0,10,0.5,0.11877059999999999,0.0006289892208933308
ON,0.3,0.4,5.0,10,0.6666666666666666,0.11988190000000001,0.0007813746156613992
ON,0.3,0.4,5.0,10,0.8333333333333334,0.119287,0.0007112472144057962
ON,0.3,0.4,5.0,10,1.0,0.11788069999999999,0.0006965736213782421
ON,0.3,0.4,5.0,10,1.1666666666666667,0.1164215,0.0006271416506659405
ON,0.3,0.4,5.0,10,1.3333333333333333,0.11515380000000001,0.000675325225354423
ON,0.3,0.4,5.0,10,1.5,0.1139938,0.0006612267084744849
ON,0.3,0.4,5.0,10,1.6666666666666667,0.11292719999999998,0.0005898618143260343
ON,0.3,0.4,5.0,10,1.8333333333333333,0.11202370000000002,0.00044137740087140905
ON,0.3,0.4,5.0,10,2.0,0.1113173,0.0003844411658498577
ON,0.3,0.4,5.0,10,2.1666666666666665,0.11060750000000001,0.0005103848058083254
ON,0.3,0.4,5.0,10,2.3333333333333335,0.1102443,0.0003882937161479713
ON,0.3,0.4,5.0,10,2.5,0.10996089999999999,0.00046333367026366544
ON,0.3,0.4,5.0,10,2.6666666666666665,0.1097766,0.0006057813466920238
ON,0.3,0.4,5.0,10,2.8333333333333335,0.1095209,0.00042905767677551345
ON,0.3,0.4,5.0,10,3.0,0.1091837,0.00046219823669070705
ON,0.3,0.4,5.0,10,3.1666666666666665,0.10901730000000001,0.000675805304803093
ON,0.3,0.4,5.0,10,3.3333333333333335,0.10892349999999998,0.0006893839641302968
ON,0.3,0.4,5.0,10,3.5,0.1087593,0.0006001076653401472
ON,0.3,0.4,5.0,10,3.6666666666666665,0.1086622,0.000496734697801551
ON,0.3,0.4,5.0,10,3.8333333333333335,0.1085272,0.0006134557522755806
ON,0.3,0.4,5.0,10,4.0,0.1084259,0.0006676364954074947
ON,0.3,0.4,5.0,10,4.166666666666667,0.1083461,0.0006362580372773296
ON,0.3,0.4,5.0,10,4.333333333333333,0.1082639,0.0004891610062137038
ON,0.3,0.4,5.0,10,4.5,0.1083844,0.0006398915845672624
ON,0.3,0.4,5.0,10,4.666666666666667,0.108218,0.0006564630987344219
ON,0.3,0.4,5.0,10,4.833333333333333,0.10827830000000001,0.00048099273383285035
ON,0.3,0.4,5.0,10,5.0,0.10822780000000001,0.000474538681247376
ON,0.3,0.4,5.0,10,5.166666666666667,0.10811219999999999,0.0005240759105320518
ON,0.3,0.4,5.0,10,5.333333333333333,0.10818950000000001,0.0005866097936448069
ON,0.3,0.4,5.0,10,5.5,0.1082273,0.0005554126483975682
ON,0.3,0.4,5.0,10,5.666666666666667,0.10822989999999999,0.00048718301489276256
ON,0.3,0.4,5.0,10,5.833333333333333,0.10804640000000001,0.000532791366296413
ON,0.3,0.4,5.0,10,6.0,0.10806009999999999,0.000512808044008672
ON,0.3,0.4,5.0,10,6.166666666666667,0.1080101,0.000593487902151341
ON,0.3,0.4,5.0,10,6.333333333333333,0.1079918,0.0005332173665588914
ON,0.3,0.4,5.0,10,6.5,0.1080298,0.0005552085734208372
ON,0.3,0.4,5.0,10,6.666666666666667,0.10808799999999999,0.0007244110711467613
ON,0.3,0.4,5.0,10,6.833333333333333,0.1080428,0.0006806846259465532
ON,0.3,0.4,5.0,10,7.0,0.10777269999999999,0.0005537550090066922
ON,0.3,0.4,5.0,10,7.166666666666667,0.10773039999999998,0.0005286869016724359
ON,0.3,0.4,5.0,10,7.333333333333333,0.1078908,0.0005570796711422861
ON,0.3,0.4,5.0,10,7.5,0.10795699999999997,0.0006341480899600647
ON,0.3,0.4,5.0,10,7.666666666666667,0.10800099999999999,0.0006513195836146779
ON,0.3,0.4,5.0,10,7.833333333333333,0.1079359,0.0007010872199662476
ON,0.3,0.4,5.0,10,8.0,0.1079947,0.000522430866239735
ON,0.3,0.4,5.0,10,8.166666666666666,0.10784760000000002,0.0004909843582029905
ON,0.3,0.4,5.0,10,8.333333333333334,0.10781959999999999,0.00035783297779829956
ON,0.3,0.4,5.0,10,8.5,0.10774489999999999,0.00035187766340022175
ON,0.3,0.4,5.0,10,8.666666666666666,0.10779260000000002,0.00032906905050460167
ON,0.3,0.4,5.0,10,8.833333333333334,0.1078718,0.00037667752786700825
ON,0.3,0.4,5.0,10,9.0,0.10792220000000001,0.0003890847722540681
ON,0.3,0.4,5.0,10,9.166666666666666,0.1077291,0.0005115962177342606
ON,0.3,0.4,5.0,10,9.333333333333334,0.1077331,0.0005345395121036428
ON,0.3,0.4,5.0,10,9.5,0.1078278,0.0004940546123658791
ON,0.3,0.4,5.0,10,9.666666666666666,0.10786449999999999,0.0005850911467455308
ON,0.3,0.4,5.0,10,9.833333333333334,0.10797540000000001,0.0005207110907211403
ON,0.3,0.4,5.0,10,10.0,0.10812629999999998,0.0004317478546559336
ON,0.3,0.4,5.0,10,10.166666666666666,0.10821940000000001,0.0004776681274692712
ON,0.3,0.4,5.0,10,10.333333333333334,0.1082012,0.0005826077239446805
ON,0.3,0.4,5.0,10,10.5,0.10821689999999999,0.0005889187465177214
ON,0.3,0.4,5.0,10,10.666666666666666,0.10820349999999998,0.00046238366104351005
ON,0.3,0.4,5.0,10,10.833333333333334,0.10805529999999999,0.0006203141220381814
ON,0.3,0.4,5.0,10,11.0,0.1081328,0.000561286522196998
ON,0.3,0.4,5.0,10,11.166666666666666,0.10810519999999998,0.0005671181182081911
ON,0.3,0.4,5.0,10,11.333333333333334,0.10821080000000001,0.0004339570946533762
ON,0.3,0.4,5.0,10,11.5,0.1081507,0.0004138606166331838
ON,0.3,0.4,5.0,10,11.666666666666666,0.10808549999999999,0.0004953534596628956
ON,0.3,0.4,5.0,10,11.833333333333334,0.10815480000000002,0.0005283623377948145
ON,0.3,0.4,5.0,10,12.0,0.10811979999999999,0.00042919478095615514
ON,0.3,0.4,5.0,10,12.166666666666666,0.1081138,0.00048738645857265963
ON,0.3,0.4,5.0,10,12.333333333333334,0.108148,0.0005211990023014224
ON,0.3,0.4,5.0,10,12.5,0.1081553,0.0004748281899803342
ON,0.3,0.4,5.0,10,12.666666666666666,0.1082502,0.0005856331274782869
ON,0.3,0.4,5.0,10,12.833333333333334,0.1083477,0.0005740935550935927
ON,0.3,0.4,5.0,10,13.0,0.1083414,0.0006708426343040497
ON,0.3,0.4,5.0,10,13.166666666666666,0.1082093,0.0006832349595856445
ON,0.3,0.4,5.0,10,13.333333333333334,0.10832199999999999,0.0005487934037504472
ON,0.3,0.4,5.0,10,13.5,0.1084314,0.00046263121381938816
ON,0.3,0.4,5.0,10,13.666666666666666,0.10824220000000002,0.0007311798410787884
ON,0.3,0.4,5.0,10,13.833333333333334,0.1083296,0.0008072166004239502
ON,0.3,0.4,5.0,10,14.0,0.10838309999999998,0.0007163816650361743
ON,0.3,0.4,5.0,10,14.166666666666666,0.10835519999999998,0.0006161134311147605
ON,0.3,0.4,5.0,10,14.333333333333334,0.10832610000000001,0.00047936425607256113
ON,0.3,0.4,5.0,10,14.5,0.10837120000000003,0.0004936111424998427
ON,0.3,0.4,5.0,10,14.666666666666666,0.1083045,0.0005241954311132434
ON,0.3,0.4,5.0,10,14.833333333333334,0.1084719,0.0005538043788198166
ON,0.3,0.4,5.0,10,15.0,0.10836290000000001,0.0005157641806097017
ON,0.3,0.4,5.0,10,15.166666666666666,0.10832849999999998,0.0007213886955033327
ON,0.3,0.4,5.0,10,15.333333333333334,0.108213,0.0006975550157514455
ON,0.3,0.4,5.0,10,15.5,0.10813890000000001,0.0006710400062589378
ON,0.3,0.4,5.0,10,15.666666666666666,0.1079604,0.0007205158152323917
ON,0.3,0.4,5.0,10,15.833333333333334,0.107854,0.0006734450237398751
ON,0.3,0.4,5.0,10,16.0,0.10800099999999999,0.0006045287420793163
ON,0.3,0.4,5.0,10,16.166666666666668,0.10813559999999997,0.0006263338087633447
ON,0.3,0.4,5.0,10,16.333333333333332,0.10785609999999998,0.0006355705232309006
ON,0.3,0.4,5.0,10,16.5,0.1077269,0.000631210971070688
ON,0.3,0.4,5.0,10,16.666666666666668,0.1078376,0.0006988656809430541
ON,0.3,0.4,5.0,10,16.833333333333332,0.10804290000000001,0.0008405602238983233
ON,0.3,0.4,5.0,10,17.0,0.10805870000000002,0.0009224222514662145
ON,0.3,0.4,5.0,10,17.166666666666668,0.1081952,0.0007866394091322911
ON,0.3,0.4,5.0,10,17.333333333333332,0.1083388,0.0006064766772102626
ON,0.3,0.4,5.0,10,17.5,0.10847069999999999,0.0006276373236193007
ON,0.3,0.4,5.0,10,17.666666666666668,0.10845370000000001,0.0006522119364133106
ON,0.3,0.4,5.0,10,17.833333333333332,0.1084354,0.00028995661744474747
ON,0.3,0.4,5.0,10,18.0,0.10840000000000001,0.00028770262424941505
ON,0.3,0.4,5.0,10,18.166666666666668,0.10816370000000002,0.0003123712694855267
ON,0.3,0.4,5.0,10,18.333333333333332,0.10795930000000001,0.00032077158539995407
ON,0.3,0.4,5.0,10,18.5,0.10793409999999999,0.00036153767438539474
ON,0.3,0.4,5.0,10,18.666666666666668,0.10794200000000001,0.000399826962572561
ON,0.3,0.4,5.0,10,18.833333333333332,0.1079666,0.00030922005109630126
ON,0.3,0.4,5.0,10,19.0,0.10813829999999998,0.00024613209867873693
ON,0.3,0.4,5.0,10,19.166666666666668,0.10801209999999999,0.0004268349681082845
ON,0.3,0.4,5.0,10,19.333333333333332,0.1079417,0.00044868185833617165
ON,0.3,0.4,5.0,10,19.5,0.1079992,0.0003553971862578547
ON,0.3,0.4,5.0,10,19.666666666666668,0.10791449999999998,0.00033142699045189146
ON,0.3,0.4,5.0,10,19.833333333333332,0.10799339999999999,0.00045438842414832666
ON,0.3,0.4,5.0,10,20.0,0.10795600000000001,0.0004916541467332482
ON,0.3,0.4,5.0,10,20.166666666666668,0.10814760000000001,0.0004515777230997993
ON,0.3,0.4,5.0,10,20.333333333333332,0.10798300000000001,0.0004540951442153964
ON,0.3,0.4,5.0,10,20.5,0.10785460000000002,0.0005260698052540178
ON,0.3,0.4,5.0,10,20.666666666666668,0.10792520000000001,0.00043831970067520574
ON,0.3,0.4,5.0,10,20.833333333333332,0.1077839,0.0005291023435971541
ON,0.3,0.4,5.0,10,21.0,0.10781649999999998,0.0006243164662252633
ON,0.3,0.4,5.0,10,21.166666666666668,0.10782399999999999,0.00047273480938047973
ON,0.3,0.4,5.0,10,21.333333333333332,0.1079012,0.0004846978027596156
ON,0.3,0.4,5.0,10,21.5,0.10781479999999999,0.0005667256479108733
ON,0.3,0.4,5.0,10,21.666666666666668,0.1078683,0.0005821757552492185
ON,0.3,0.4,5.0,10,21.833333333333332,0.10806700000000002,0.0003810787320226632
ON,0.3,0.4,5.0,10,22.0,0.1082367,0.00038329493865690454
ON,0.3,0.4,5.0,10,22.166666666666668,0.10811029999999999,0.00033325817319309844
ON,0.3,0.4,5.0,10,22.333333333333332,0.10811790000000002,0.0003882732156613451
ON,0.3,0.4,5.0,10,22.5,0.10812980000000001,0.0003324021058898391
ON,0.3,0.4,5.0,10,22.666666666666668,0.1080419,0.0005204762146342527
ON,0.3,0.4,5.0,10,22.833333333333332,0.1080025,0.0006261944186911903
ON,0.3,0.4,5.0,10,23.0,0.1081306,0.000452740367097966
ON,0.3,0.4,5.0,10,23.166666666666668,0.108127,0.00039745490310222705
ON,0.3,0.4,5.0,10,23.333333333333332,0.10810339999999999,0.00041386596864202463
ON,0.3,0.4,5.0,10,23.5,0.1080899,0.00042745981097642364
ON,0.3,0.4,5.0,10,23.666666666666668,0.10807359999999999,0.0003737414079279946
ON,0.3,0.4,5.0,10,23.833333333333332,0.10804369999999999,0.0006400793778899613
ON,0.3,0.4,5.0,10,24.0,0.10814379999999998,0.0006014595248227438
ON,0.3,0.4,5.0,10,24.166666666666668,0.10796130000000001,0.0005457101886532815
ON,0.3,0.4,5.0,10,24.333333333333332,0.10794489999999998,0.000576458749608329
ON,0.3,0.4,5.0,10,24.5,0.10797629999999998,0.0005939410829366828
ON,0.3,0.4,5.0,10,24.666666666666668,0.10803309999999999,0.0006995073194756432
ON,0.3,0.4,5.0,10,24.833333333333332,0.10824020000000001,0.0006037234134932994
ON,0.3,0.4,5.0,10,25.0,0.1081178,0.0005360206712431878
ON,0.3,0.4,5.0,10,25.166666666666668,0.1082062,0.0005426064503855423
ON,0.3,0.4,5.0,10,25.333333333333332,0.1084157,0.00048719914819301424
ON,0.3,0.4,5.0,10,25.5,0.10839459999999998,0.000495485660741056
ON,0.3,0.4,5.0,10,25.666666666666668,0.10831049999999998,0.0006551977182499973
ON,0.3,0.4,5.0,10,25.833333333333332,0.1082774,0.0006092589268939749
ON,0.3,0.4,5.0,10,26.0,0.1083347,0.0005137557882885609
ON,0.3,0.4,5.0,10,26.166666666666668,0.108318,0.0005796333323748716
ON,0.3,0.4,5.0,10,26.333333333333332,0.1082585,0.000634253143468757
ON,0.3,0.4,5.0,10,26.5,0.1084221,0.0007041844147664736
ON,0.3,0.4,5.0,10,26.666666666666668,0.10840920000000001,0.0005275164073277743
ON,0.3,0.4,5.0,10,26.833333333333332,0.10846419999999998,0.0004916461735842151
ON,0.3,0.4,5.0,10,27.0,0.1084179,0.00043943929046001207
ON,0.3,0.4,5.0,10,27.166666666666668,0.10832240000000001,0.0005203283963037183
ON,0.3,0.4,5.0,10,27.333333333333332,0.10818900000000001,0.0005235223013396843
ON,0.3,0.4,5.0,10,27.5,0.10811600000000002,0.0005365036812548456
ON,0.3,0.4,5.0,10,27.666666666666668,0.1080691,0.00048024503120802886
ON,0.3,0.4,5.0,10,27.833333333333332,0.10812409999999999,0.0004589974836532325
ON,0.3,0.4,5.0,10,28.0,0.1080033,0.0004938068549544442
ON,0.3,0.4,5.0,10,28.166666666666668,0.1079178,0.0005331764811017107
ON,0.3,0.4,5.0,10,28.333333333333332,0.10809690000000001,0.0005168811178598029
ON,0.3,0.4,5.0,10,28.5,0.10784200000000002,0.00041901264897374905
ON,0.3,0.4,5.0,10,28.666666666666668,0.10765280000000002,0.0003449941448778503
ON,0.3,0.4,5.0,10,28.833333333333332,0.10767750000000001,0.0003645416985750742
ON,0.3,0.4,5.0,10,29.0,0.1077793,0.0004218570966571526
ON,0.3,0.4,5.0,10,29.166666666666668,0.1079324,0.0004919599983738497
ON,0.3,0.4,5.0,10,29.333333333333332,0.10776140000000001,0.0006315539881910322
ON,0.3,0.4,5.0,10,29.5,0.10774869999999999,0.0005114182339338303
ON,0.3,0.4,5.0,10,29.666666666666668,0.10787080000000002,0.0006203912958770473
ON,0.3,0.4,5.0,10,29.833333333333332,0.10800939999999999,0.000447424004720354
ON,0.3,0.4,5.0,10,30.0,0.10812600000000001,0.0005667860266449756
ON,0.3,0.4,5.0,10,30.166666666666668,0.1081531,0.0005465000365965236
ON,0.3,0.4,5.0,10,30.333333333333332,0.1081542,0.00042903305233979336
ON,0.3,0.4,5.0,10,30.5,0.1080911,0.0004468947191453464
ON,0.3,0.4,5.0,10,30.666666666666668,0.1080169,0.0005636982260039508
ON,0.3,0.4,5.0,10,30.833333333333332,0.10797029999999999,0.0007119577304868593
ON,0.3,0.4,5.0,10,31.0,0.1080511,0.0008352264902408219
ON,0.3,0.4,5.0,10,31.166666666666668,0.1081576,0.0008235675078583447
ON,0.3,0.4,5.0,10,31.333333333333332,0.10821,0.0007893911577918786
ON,0.3,0.4,5.0,10,31.5,0.1081294,0.0005678653361493377
ON,0.3,0.4,5.0,10,31.666666666666668,0.10807159999999998,0.0005927073814286438
ON,0.3,0.4,5.0,10,31.833333333333332,0.1080543,0.0006009194704783655
ON,0.3,0.4,5.0,10,32.0,0.10800670000000001,0.0006234534545577569
ON,0.3,0.4,5.0,10,32.166666666666664,0.10813120000000001,0.0005310653067184857
ON,0.3,0.4,5.0,10,32.333333333333336,0.1080501,0.0005490284965281864
ON,0.3,0.4,5.0,10,32.5,0.10790580000000001,0.0005809452297764413
ON,0.3,0.4,5.0,10,32.666666666666664,0.1080229,0.0007210716261232308
ON,0.3,0.4,5.0,10,32.833333333333336,0.10792160000000002,0.0006286242438850097
ON,0.3,0.4,5.0,10,33.0,0.1079812,0.0005566415004291345
ON,0.3,0.4,5.0,10,33.166666666666664,0.10786449999999999,0.000496937873380568
ON,0.3,0.4,5.0,10,33.333333333333336,0.1079099,0.0006005817929308227
ON,0.3,0.4,5.0,10,33.5,0.10790759999999999,0.00048701975319282435
ON,0.3,0.4,5.0,10,33.666666666666664,0.1080092,0.0003140738129803255
ON,0.3,0.4,5.0,10,33.833333333333336,0.1080028,0.0005181858353911276
ON,0.3,0.4,5.0,10,34.0,0.10808100000000001,0.000516116072216318
ON,0.3,0.4,5.0,10,34.166666666666664,0.1081542,0.000524768291725025
ON,0.3,0.4,5.0,10,34.333333333333336,0.10801730000000001,0.000374321532909877
ON,0.3,0.4,5.0,10,34.5,0.10791759999999999,0.0005247451190816374
ON,0.3,0.4,5.0,10,34.666666666666664,0.10780370000000002,0.0005750485283869518
ON,0.3,0.4,5.0,10,34.833333333333336,0.10777500000000002,0.0004877714628799026
ON,0.3,0.4,5.0,10,35.0,0.1078387,0.0003410381356974627
ON,0.3,0.4,5.0,10,35.166666666666664,0.10806750000000001,0.00038420365693209906
ON,0.3,0.4,5.0,10,35.333333333333336,0.1078611,0.0004345272028308488
ON,0.3,0.4,5.0,10,35.5,0.1078935,0.0003307972944266633
ON,0.3,0.4,5.0,10,35.666666666666664,0.10796539999999999,0.0005383322765727523
ON,0.3,0.4,5.0,10,35.833333333333336,0.10767420000000001,0.0006675818751284394
ON,0.3,0.4,5.0,10,36.0,0.1075443,0.0006248916786131807
ON,0.3,0.4,5.0,10,36.166666666666664,0.10763310000000001,0.0005568092043061071
ON,0.3,0.4,5.0,10,36.333333333333336,0.10778309999999999,0.0005923143506618762
ON,0.3,0.4,5.0,10,36.5,0.1078446,0.0008111058130725007
ON,0.3,0.4,5.0,10,36.666666666666664,0.1078946,0.0006703647067082209
ON,0.3,0.4,5.0,10,36.833333333333336,0.1079945,0.0006259406121989533
ON,0.3,0.4,5.0,10,37.0,0.10799779999999999,0.0006383907580784672
ON,0.3,0.4,5.0,10,37.166666666666664,0.10794600000000001,0.0006180597058537294
ON,0.3,0.4,5.0,10,37.333333333333336,0.10789549999999999,0.0005674125923875832
ON,0.3,0.4,5.0,10,37.5,0.1079164,0.0006783371138305787
ON,0.3,0.4,5.0,10,37.666666666666664,0.1079535,0.0005504905539607401
ON,0.3,0.4,5.0,10,37.833333333333336,0.1079779,0.0006222022902561497
ON,0.3,0.4,5.0,10,38.0,0.10807430000000003,0.0006027717727299436
ON,0.3,0.4,5.0,10,38.166666666666664,0.10815079999999999,0.0005500665050700698
ON,0.3,0.4,5.0,10,38.333333333333336,0.10824370000000001,0.0005839544588407552
ON,0.3,0.4,5.0,10,38.5,0.1080589,0.0005971576759952092
ON,0.3,0.4,5.0,10,38.666666666666664,0.10799799999999997,0.0006514229041106883
ON,0.3,0.4,5.0,10,38.833333333333336,0.10800059999999997,0.0006191105232508966
ON,0.3,0.4,5.0,10,39.0,0.108036,0.0005871258808807535
ON,0.3,0.4,5.0,10,39.166666666666664,0.10815980000000003,0.0005781151788354975
ON,0.3,0.4,5.0,10,39.333333333333336,0.10830220000000002,0.0004932226272181774
ON,0.3,0.4,5.0,10,39.5,0.1082465,0.0003659675532065655
ON,0.3,0.4,5.0,10,39.666666666666664,0.1082665,0.00044333085838908445
ON,0.3,0.4,5.0,10,39.833333333333336,0.10827869999999999,0.0004996052541757351
ON,0.3,0.4,5.0,10,40.0,0.10809669999999998,0.0004226355522196412
ON,0.3,0.4,5.0,10,40.166666666666664,0.10816889999999998,0.000484810158721948
ON,0.3,0.4,5.0,10,40.333333333333336,0.10808809999999999,0.0006045647111765601
ON,0.3,0.4,5.0,10,40.5,0.1081407,0.0005833179321776394
ON,0.3,0.4,5.0,10,40.666666666666664,0.10789629999999999,0.0006300896840926672
ON,0.3,0.4,5.0,10,40.833333333333336,0.1081029,0.0006162271415638867
ON,0.3,0.4,5.0,10,41.0,0.1080686,0.0006071227552974779
ON,0.3,0.4,5.0,10,41.166666666666664,0.1080025,0.0005627712235002792
ON,0.3,0.4,5.0,10,41.333333333333336,0.1079547,0.000458992821294624
ON,0.3,0.4,5.0,10,41.5,0.1078041,0.0005944882589252689
ON,0.3,0.4,5.0,10,41.666666666666664,0.10772079999999999,0.0006125936336593783
ON,0.3,0.4,5.0,10,41.833333333333336,0.10773410000000001,0.0005480135855980209
ON,0.3,0.4,5.0,10,42.0,0.1078801,0.0005653824280962391
ON,0.3,0.4,5.0,10,42.166666666666664,0.1079698,0.0007885499096442818
ON,0.3,0.4,5.0,10,42.333333333333336,0.10791029999999999,0.0005851898922572061
ON,0.3,0.4,5.0,10,42.5,0.1078266,0.0006522128793576511
ON,0.3,0.4,5.0,10,42.666666666666664,0.10793489999999999,0.0006621036852336651
ON,0.3,0.4,5.0,10,42.833333333333336,0.1079539,0.000551444185752286
ON,0.3,0.4,5.0,10,43.0,0.1078983,0.0002897985679743775
ON,0.3,0.4,5.0,10,43.166666666666664,0.10770389999999999,0.0003976348702012928
ON,0.3,0.4,5.0,10,43.333333333333336,0.10780679999999998,0.0005004235805794942
ON,0.3,0.4,5.0,10,43.5,0.10791999999999999,0.00040435553662587456
ON,0.3,0.4,5.0,10,43.666666666666664,0.10788590000000002,0.00048041179211172645
ON,0.3,0.4,5.0,10,43.833333333333336,0.10793060000000002,0.0006145108949400318
ON,0.3,0.4,5.0,10,44.0,0.10792120000000001,0.00059942936197687
ON,0.3,0.4,5.0,10,44.166666666666664,0.10798579999999999,0.0006813134080582875
ON,0.3,0.4,5.0,10,44.333333333333336,0.10794169999999999,0.0007135574328671792
ON,0.3,0.4,5.0,10,44.5,0.1079302,0.0006854226141585922
ON,0.3,0.4,5.0,10,44.666666666666664,0.10789009999999999,0.0007120082092223376
ON,0.3,0.4,5.0,10,44.833333333333336,0.10785680000000002,0.0005827326659798652
ON,0.3,0.4,5.0,10,45.0,0.1078986,0.0007255563658324565
ON,0.3,0.4,5.0,10,45.166666666666664,0.10804319999999998,0.0005910630761602363
ON,0.3,0.4,5.0,10,45.333333333333336,0.1080093,0.0004903939334861326
ON,0.3,0.4,5.0,10,45.5,0.1081309,0.0006125015020389755
ON,0.3,0.4,5.0,10,45.666666666666664,0.10816980000000001,0.0006632436656312658
ON,0.3,0.4,5.0,10,45.833333333333336,0.1081577,0.0007358985052301708
ON,0.3,0.4,5.0,10,46.0,0.1081782,0.0006905471453854544
ON,0.3,0.4,5.0,10,46.166666666666664,0.10813999999999999,0.0006124534268007644
ON,0.3,0.4,5.0,10,46.333333333333336,0.10815880000000003,0.0006069993080720918
ON,0.3,0.4,5.0,10,46.5,0.1079367,0.00065229963207103
ON,0.3,0.4,5.0,10,46.666666666666664,0.1079615,0.000589995805069832
ON,0.3,0.4,5.0,10,46.833333333333336,0.1078337,0.000664664885487417
ON,0.3,0.4,5.0,10,47.0,0.1079407,0.0006838834769169371
ON,0.3,0.4,5.0,10,47.166666666666664,0.10800620000000001,0.0005637000620897607
ON,0.3,0.4,5.0,10,47.333333333333336,0.1079078,0.0006856526525872999
ON,0.3,0.4,5.0,10,47.5,0.10778080000000001,0.0007435476850881842
ON,0.3,0.4,5.0,10,47.666666666666664,0.10772489999999998,0.0007038028772319701
ON,0.3,0.4,5.0,10,47.833333333333336,0.10799289999999999,0.0006987135965472541
ON,0.3,0.4,5.0,10,48.0,0.108048,0.000602967329131521
ON,0.3,0.4,5.0,10,48.166666666666664,0.10835760000000001,0.0007244503019531436
ON,0.3,0.4,5.0,10,48.333333333333336,0.10820640000000001,0.0005928310383237351
ON,0.3,0.4,5.0,10,48.5,0.10799230000000001,0.0005948324217794463
ON,0.3,0.4,5.0,10,48.666666666666664,0.10780870000000001,0.0005064383575520328
ON,0.3,0.4,5.0,10,48.833333333333336,0.1077532,0.0005954518956221411
ON,0.3,0.4,5.0,10,49.0,0.1076989,0.0005382017186891937
ON,0.3,0.4,5.0,10,49.166666666666664,0.1077058,0.0006701080211428595
ON,0.3,0.4,5.0,10,49.333333333333336,0.1076673,0.0007360307126744095
ON,0.3,0.4,5.0,10,49.5,0.10765960000000001,0.0006390494816522407
ON,0.3,0.4,5.0,10,49.666666666666664,0.107761,0.000549667717807767
ON,0.3,0.4,5.0,10,49.833333333333336,0.1076004,0.0004746045090388416
ON,0.3,0.4,5.0,10,50.0,0.1075855,0.00047394139933118397
ON,0.3,0.4,5.0,10,50.166666666666664,0.107647,0.0004358318483084964
ON,0.3,0.4,5.0,10,50.333333333333336,0.1076649,0.00031059892144049626
ON,0.3,0.4,5.0,10,50.5,0.1077172,0.00043294059638708055
ON,0.3,0.4,5.0,10,50.666666666666664,0.1077418,0.0005098438584508011
ON,0.3,0.4,5.0,10,50.833333333333336,0.1080181,0.0004247958215425377
ON,0.3,0.4,5.0,10,51.0,0.1083161,0.0003325671210447603
ON,0.3,0.4,5.0,10,51.166666666666664,0.1083418,0.00039028984101562166
ON,0.3,0.4,5.0,10,51.333333333333336,0.10827120000000001,0.0004323440296800666
ON,0.3,0.4,5.0,10,51.5,0.10822759999999998,0.00048718316883899083
ON,0.3,0.4,5.0,10,51.666666666666664,0.1081659,0.0006069358203302893
ON,0.3,0.4,5.0,10,51.833333333333336,0.108152,0.00047440952772894596
ON,0.3,0.4,5.0,10,52.0,0.1082368,0.0004900785243203375
ON,0.3,0.4,5.0,10,52.166666666666664,0.1082019,0.00042134699476796897
ON,0.3,0.4,5.0,10,52.333333333333336,0.1080885,0.00043517956064135165
ON,0.3,0.4,5.0,10,52.5,0.1081048,0.00038666724712600146
ON,0.3,0.4,5.0,10,52.666666666666664,0.10809229999999999,0.0002669063693507525
ON,0.3,0.4,5.0,10,52.833333333333336,0.1082313,0.00035157134411097784
ON,0.3,0.4,5.0,10,53.0,0.1082737,0.00042867424695215993
ON,0.3,0.4,5.0,10,53.166666666666664,0.108325,0.00044063023046540947
ON,0.3,0.4,5.0,10,53.333333333333336,0.10846320000000001,0.0005716117213633748
ON,0.3,0.4,5.0,10,53.5,0.10824549999999997,0.0005480962050589305
ON,0.3,0.4,5.0,10,53.666666666666664,0.10806420000000001,0.0006801090794865181
ON,0.3,0.4,5.0,10,53.833333333333336,0.10815830000000001,0.0008037981152005778
ON,0.3,0.4,5.0,10,54.0,0.1080923,0.0008470021310480882
ON,0.3,0.4,5.0,10,54.166666666666664,0.10811299999999999,0.0007535518562116349
ON,0.3,0.4,5.0,10,54.333333333333336,0.10810040000000001,0.000658596568469651
ON,0.3,0.4,5.0,10,54.5,0.10818180000000002,0.0007107695547784789
ON,0.3,0.4,5.0,10,54.666666666666664,0.10812,0.0006713364283278532
ON,0.3,0.4,5.0,10,54.833333333333336,0.10808630000000001,0.0008620578924875072
ON,0.3,0.4,5.0,10,55.0,0.10822120000000002,0.0007274515516513796
ON,0.3,0.4,5.0,10,55.166666666666664,0.1081315,0.0006951656277463654
ON,0.3,0.4,5.0,10,55.333333333333336,0.10795430000000002,0.0006772199125837926
ON,0.3,0.4,5.0,10,55.5,0.1080712,0.000672067079985322
ON,0.3,0.4,5.0,10,55.666666666666664,0.108025,0.0007773777717429279
ON,0.3,0.4,5.0,10,55.833333333333336,0.1079876,0.0006482404183634336
ON,0.3,0.4,5.0,10,56.0,0.1079118,0.0005900740292539575
ON,0.3,0.4,5.0,10,56.166666666666664,0.10785879999999999,0.0006853349254196832
ON,0.3,0.4,5.0,10,56.333333333333336,0.1077475,0.0007370719435713179
ON,0.3,0.4,5.0,10,56.5,0.1076402,0.0008702925714953575
ON,0.3,0.4,5.0,10,56.666666666666664,0.10759910000000002,0.000664829519501053
ON,0.3,0.4,5.0,10,56.833333333333336,0.10749420000000001,0.0006277531043332242
ON,0.3,0.4,5.0,10,57.0,0.10768739999999999,0.0005782932128254655
ON,0.3,0.4,5.0,10,57.166666666666664,0.1078948,0.0005177999227500901
ON,0.3,0.4,5.0,10,57.333333333333336,0.1080785,0.0005699635514662339
ON,0.3,0.4,5.0,10,57.5,0.1082762,0.0007001042493800495
ON,0.3,0.4,5.0,10,57.666666666666664,0.108236,0.000711353217466542
ON,0.3,0.4,5.0,10,57.833333333333336,0.10818759999999998,0.0006366548829625035
ON,0.3,0.4,5.0,10,58.0,0.10819400000000001,0.00041176328151014066
ON,0.3,0.4,5.0,10,58.166666666666664,0.1081855,0.0005157625907333725
ON,0.3,0.4,5.0,10,58.333333333333336,0.10824340000000002,0.0006200269671554617
ON,0.3,0.4,5.0,10,58.5,0.108187,0.0007556737391229089
ON,0.3,0.4,5.0,10,58.666666666666664,0.10820669999999999,0.0006348697582969276
ON,0.3,0.4,5.0,10,58.833333333333336,0.10810020000000001,0.0005309681346370993
ON,0.3,0.4,5.0,10,59.0,0.10801279999999999,0.00047731871951558525
ON,0.3,0.4,5.0,10,59.166666666666664,0.10812930000000001,0.000510398873431358
ON,0.3,0.4,5.0,10,59.333333333333336,0.1082002,0.0005771384236039051
ON,0.3,0.4,5.0,10,59.5,0.10789280000000001,0.0005928004385963306
ON,0.3,0.4,5.0,10,59.666666666666664,0.1079434,0.0007076083945234124
ON,0.3,0.4,5.0,10,59.833333333333336,0.10795670000000002,0.0006806197249566011
ON,0.3,0.4,5.0,10,60.0,0.10814810000000001,0.0006096237282127388
ON,0.3,0.4,5.0,10,60.166666666666664,0.1081529,0.0005873968760557026
ON,0.3,0.4,5.0,10,60.333333333333336,0.1082009,0.0005989160959600251
ON,0.3,0.4,5.0,10,60.5,0.1082398,0.0009328032804402018
ON,0.3,0.4,5.0,10,60.666666666666664,0.10813049999999999,0.000855360187289543
ON,0.3,0.4,5.0,10,60.833333333333336,0.10799720000000002,0.0007338371481466426
ON,0.3,0.4,5.0,10,61.0,0.10808499999999999,0.000584908539859009
ON,0.3,0.4,5.0,10,61.166666666666664,0.10788230000000001,0.0005957133622808884
ON,0.3,0.4,5.0,10,61.333333333333336,0.10793430000000001,0.000616754416279282
ON,0.3,0.4,5.0,10,61.5,0.1080743,0.000595823136509483
ON,0.3,0.4,5.0,10,61.666666666666664,0.1080312,0.0006532793889294232
ON,0.3,0.4,5.0,10,61.833333333333336,0.1079224,0.0006118259883332823
ON,0.3,0.4,5.0,10,62.0,0.10801129999999999,0.0006859984037882295
ON,0.3,0.4,5.0,10,62.166666666666664,0.10818539999999999,0.0006719942261656696
ON,0.3,0.4,5.0,10,62.333333333333336,0.1080273,0.000705818397323278
ON,0.3,0.4,5.0,10,62.5,0.1080544,0.0007132535594022648
ON,0.3,0.4,5.0,10,62.666666666666664,0.1081126,0.000667083083281234
ON,0.3,0.4,5.0,10,62.833333333333336,0.1082119,0.0006074098204672051
ON,0.3,0.4,5.0,10,63.0,0.1083018,0.00047309318321024163
ON,0.3,0.4,5.0,10,63.166666666666664,0.1081259,0.0005464945470908203
ON,0.3,0.4,5.0,10,63.333333333333336,0.10810310000000001,0.00047073144148229376
ON,0.3,0.4,5.0,10,63.5,0.1080581,0.0005606142078113962
ON,0.3,0.4,5.0,10,63.666666666666664,0.10808109999999997,0.000528233934918988
ON,0.3,0.4,5.0,10,63.833333333333336,0.10792070000000001,0.00047845648704976097
ON,0.3,0.4,5.0,10,64.0,0.10793470000000001,0.0004961816300509312
ON,0.3,0.4,5.0,10,64.16666666666667,0.10800639999999999,0.00048166631603216697
ON,0.3,0.4,5.0,10,64.33333333333333,0.10805139999999999,0.0006421648075066104
ON,0.3,0.4,5.0,10,64.5,0.10801079999999999,0.0007843774346575759
ON,0.3,0.4,5.0,10,64.66666666666667,0.10798719999999999,0.0007320496977664842
ON,0.3,0.4,5.0,10,64.83333333333333,0.10802149999999999,0.0007899682588560122
ON,0.3,0.4,5.0,10,65.0,0.10792249999999999,0.0005997985078340883
ON,0.3,0.4,5.0,10,65.16666666666667,0.1081766,0.0004517349222718982
ON,0.3,0.4,5.0,10,65.33333333333333,0.1079952,0.00042768675452952744
ON,0.3,0.4,5.0,10,65.5,0.1078541,0.00043092863678339757
ON,0.3,0.4,5.0,10,65.66666666666667,0.10793559999999999,0.0006078866999696569
ON,0.3,0.4,5.0,10,65.83333333333333,0.1078152,0.0004157558899161871
ON,0.3,0.4,5.0,10,66.0,0.1079661,0.0004943930521356448
ON,0.3,0.4,5.0,10,66.16666666666667,0.10793280000000001,0.00058236067861764
ON,0.3,0.4,5.0,10,66.33333333333333,0.1079068,0.0007691511944994932
ON,0.3,0.4,5.0,10,66.5,0.1079107,0.0006924816315253424
ON,0.3,0.4,5.0,10,66.66666666666667,0.1078811,0.0007661715800001988
ON,0.3,0.4,5.0,10,66.83333333333333,0.1081059,0.0005996509734837417
ON,0.3,0.4,5.0,10,67.0,0.1081465,0.0006304252929570668
ON,0.3,0.4,5.0,10,67.16666666666667,0.10821610000000001,0.0006714434376773664
ON,0.3,0.4,5.0,10,67.33333333333333,0.10821830000000002,0.00052494076808722
ON,0.3,0.4,5.0,10,67.5,0.10815629999999998,0.0006409240282591991
ON,0.3,0.4,5.0,10,67.66666666666667,0.1080816,0.0004755906222792877
ON,0.3,0.4,5.0,10,67.83333333333333,0.10810679999999999,0.00044944694903848256
ON,0.3,0.4,5.0,10,68.0,0.10830669999999998,0.00042157088371945164
ON,0.3,0.4,5.0,10,68.16666666666667,0.1083951,0.000541653662408001
ON,0.3,0.4,5.0,10,68.33333333333333,0.1082929,0.0006022568305963818
ON,0.3,0.4,5.0,10,68.5,0.1080598,0.0006654007514272902
ON,0.3,0.4,5.0,10,68.66666666666667,0.1080963,0.0006508476088916673
ON,0.3,0.4,5.0,10,68.83333333333333,0.1081245,0.0006355599499653844
ON,0.3,0.4,5.0,10,69.0,0.10812759999999999,0.000618097921044878
ON,0.3,0.4,5.0,10,69.16666666666667,0.10824179999999999,0.0006768953833495995
ON,0.3,0.4,5.0,10,69.33333333333333,0.1083755,0.0006758430661033666
ON,0.3,0.4,5.0,10,69.5,0.1083412,0.0006236386453708581
ON,0.3,0.4,5.0,10,69.66666666666667,0.10829870000000001,0.000756650520385732
ON,0.3,0.4,5.0,10,69.83333333333333,0.10825270000000001,0.0007846083162954627
ON,0.3,0.4,5.0,10,70.0,0.10820339999999999,0.0006834831673128455
ON,0.3,0.4,5.0,10,70.16666666666667,0.108079,0.0005648026203905203
ON,0.3,0.4,5.0,10,70.33333333333333,0.10794489999999998,0.00047179538997323904
ON,0.3,0.4,5.0,10,70.5,0.1080518,0.000634233837003354
ON,0.3,0.4,5.0,10,70.66666666666667,0.10803719999999999,0.0007206360801403155
ON,0.3,0.4,5.0,10,70.83333333333333,0.10804319999999998,0.0006130722306547568
ON,0.3,0.4,5.0,10,71.0,0.10804040000000001,0.0005704195298199399
ON,0.3,0.4,5.0,10,71.16666666666667,0.1081825,0.0005149087783287451
ON,0.3,0.4,5.0,10,71.33333333333333,0.1080711,0.00048224235608249755
ON,0.3,0.4,5.0,10,71.5,0.1079532,0.0005142639011247066
ON,0.3,0.4,5.0,10,71.66666666666667,0.10796299999999999,0.0004969335971737081
ON,0.3,0.4,5.0,10,71.83333333333333,0.10816110000000001,0.0005939315532954953
ON,0.3,0.4,5.0,10,72.0,0.10809070000000001,0.0006017235328620623
ON,0.3,0.4,5.0,10,72.16666666666667,0.1079879,0.0006697755519575198
ON,0.3,0.4,5.0,10,72.33333333333333,0.107998,0.0005898342139957626
ON,0.3,0.4,5.0,10,72.5,0.10828770000000001,0.000684846267420652
ON,0.3,0.4,5.0,10,72.66666666666667,0.10804390000000001,0.0005269759861701477
ON,0.3,0.4,5.0,10,72.83333333333333,0.1078519,0.00045446241868827886
ON,0.3,0.4,5.0,10,73.0,0.10798370000000002,0.00047532284817795173
ON,0.3,0.4,5.0,10,73.16666666666667,0.10801690000000001,0.0003847036391821633
ON,0.3,0.4,5.0,10,73.33333333333333,0.1078953,0.0005234237384758171
ON,0.3,0.4,5.0,10,73.5,0.10795860000000002,0.0005330559445311531
ON,0.3,0.4,5.0,10,73.66666666666667,0.1079324,0.000635913390329217
ON,0.3,0.4,5.0,10,73.83333333333333,0.10773809999999999,0.0005427856759348005
ON,0.3,0.4,5.0,10,74.0,0.1078405,0.0005409717645127142
ON,0.3,0.4,5.0,10,74.16666666666667,0.10767229999999998,0.0005485136370228171
ON,0.3,0.4,5.0,10,74.33333333333333,0.10778340000000002,0.0006507014983846291
ON,0.3,0.4,5.0,10,74.5,0.10779189999999998,0.0006757782846466733
ON,0.3,0.4,5.0,10,74.66666666666667,0.10774140000000001,0.0007603181176323473
ON,0.3,0.4,5.0,10,74.83333333333333,0.1077311,0.0008005860915604252
ON,0.3,0.4,5.0,10,75.0,0.10776809999999999,0.0008259321340158644
ON,0.3,0.4,5.0,10,75.16666666666667,0.10794540000000001,0.0007681666746221163
ON,0.3,0.4,5.0,10,75.33333333333333,0.1080537,0.0007660466108534141
ON,0.3,0.4,5.0,10,75.5,0.10786360000000002,0.0006503928351388862
ON,0.3,0.4,5.0,10,75.66666666666667,0.10792529999999997,0.0007389178641770669
ON,0.3,0.4,5.0,10,75.83333333333333,0.1078481,0.0006518512790506749
ON,0.3,0.4,5.0,10,76.0,0.1076838,0.000712043088583828
ON,0.3,0.4,5.0,10,76.16666666666667,0.10755300000000001,0.000730775341674857
ON,0.3,0.4,5.0,10,76.33333333333333,0.1075355,0.0005727141084345663
ON,0.3,0.4,5.0,10,76.5,0.10751630000000001,0.0005067557695774146
ON,0.3,0.4,5.0,10,76.66666666666667,0.10752919999999999,0.0006514739902712916
ON,0.3,0.4,5.0,10,76.83333333333333,0.10774139999999999,0.0006028683438363637
ON,0.3,0.4,5.0,10,77.0,0.1078029,0.0005287465271753562
ON,0.3,0.4,5.0,10,77.16666666666667,0.10792259999999998,0.0007293138144859178
ON,0.3,0.4,5.0,10,77.33333333333333,0.10782779999999999,0.0005842937275035554
ON,0.3,0.4,5.0,10,77.5,0.10771,0.0005535154921047822
ON,0.3,0.4,5.0,10,77.66666666666667,0.10765580000000001,0.00045350034178597877
ON,0.3,0.4,5.0,10,77.83333333333333,0.1077375,0.0003384409106476347
ON,0.3,0.4,5.0,10,78.0,0.10780869999999998,0.0004906695527541931
ON,0.3,0.4,5.0,10,78.16666666666667,0.1078801,0.00043917318907237473
ON,0.3,0.4,5.0,10,78.33333333333333,0.1080652,0.0003928589568789286
ON,0.3,0.4,5.0,10,78.5,0.10808390000000001,0.000400329476806294
ON,0.3,0.4,5.0,10,78.66666666666667,0.1081974,0.00032437145373783827
ON,0.3,0.4,5.0,10,78.83333333333333,0.10814659999999998,0.0004356505939396855
ON,0.3,0.4,5.0,10,79.0,0.1080745,0.0005160967448066305
ON,0.3,0.4,5.0,10,79.16666666666667,0.10794010000000001,0.0005388065422765396
ON,0.3,0.4,5.0,10,79.33333333333333,0.10778829999999999,0.0006646164382559305
ON,0.3,0.4,5.0,10,79.5,0.10782390000000001,0.0007233964957061958
ON,0.3,0.4,5.0,10,79.66666666666667,0.10782620000000001,0.0006955765665978114
ON,0.3,0.4,5.0,10,79.83333333333333,0.1076838,0.0006517733962045384
ON,0.3,0.4,5.0,10,80.0,0.1076385,0.0006949198874690519
ON,0.3,0.4,5.0,10,80.16666666666667,0.1076606,0.000647617510572405
ON,0.3,0.4,5.0,10,80.33333333333333,0.1076473,0.0007640733014573906
ON,0.3,0.4,5.0,10,80.5,0.1077406,0.0006336725021649579
ON,0.3,0.4,5.0,10,80.66666666666667,0.10790150000000001,0.0005230380961268483
ON,0.3,0.4,5.0,10,80.83333333333333,0.1079156,0.0006057732579109097
ON,0.3,0.4,5.0,10,81.0,0.1077918,0.0007026384276425536
ON,0.3,0.4,5.0,10,81.16666666666667,0.1078106,0.0007145626914414136
ON,0.3,0.4,5.0,10,81.33333333333333,0.10771990000000001,0.0004967531479517775
ON,0.3,0.4,5.0,10,81.5,0.10782320000000001,0.00043094217709572293
ON,0.3,0.4,5.0,10,81.66666666666667,0.1076589,0.0002773475977902113
ON,0.3,0.4,5.0,10,81.83333333333333,0.10759540000000001,0.0004284661480210559
ON,0.3,0.4,5.0,10,82.0,0.1075059,0.00031452422800159514
ON,0.3,0.4,5.0,10,82.16666666666667,0.10757860000000001,0.0004243027692579891
ON,0.3,0.4,5.0,10,82.33333333333333,0.10774370000000003,0.0003541127080464653
ON,0.3,0.4,5.0,10,82.5,0.1079035,0.0004424572860740344
ON,0.3,0.4,5.0,10,82.66666666666667,0.1079417,0.0005392893564683085
ON,0.3,0.4,5.0,10,82.83333333333333,0.10796069999999999,0.0007639767077601248
ON,0.3,0.4,5.0,10,83.0,0.1079007,0.0006702186285086392
ON,0.3,0.4,5.0,10,83.16666666666667,0.10790280000000001,0.000599035357887997
ON,0.3,0.4,5.0,10,83.33333333333333,0.1078414,0.0006971142230653446
ON,0.3,0.4,5.0,10,83.5,0.1078529,0.0007566881061573542
ON,0.3,0.4,5.0,10,83.66666666666667,0.1078999,0.0005348426778034822
ON,0.3,0.4,5.0,10,83.83333333333333,0.10797730000000001,0.0005115447292270752
ON,0.3,0.4,5.0,10,84.0,0.10808090000000001,0.0004625508512585411
ON,0.3,0.4,5.0,10,84.16666666666667,0.1080357,0.0004624290323930762
ON,0.3,0.4,5.0,10,84.33333333333333,0.1081313,0.0004957313889597898
ON,0.3,0.4,5.0,10,84.5,0.10799270000000001,0.0006393581234331831
ON,0.3,0.4,5.0,10,84.66666666666667,0.10790030000000002,0.000724695391181702
ON,0.3,0.4,5.0,10,84.83333333333333,0.107931,0.0007226859622270226
ON,0.3,0.4,5.0,10,85.0,0.10786440000000001,0.0005991612804579388
ON,0.3,0.4,5.0,10,85.16666666666667,0.10802509999999999,0.0005661931560872166
ON,0.3,0.4,5.0,10,85.33333333333333,0.1079132,0.0006799098175493556
ON,0.3,0.4,5.0,10,85.5,0.10802180000000002,0.0005916525669681501
ON,0.3,0.4,5.0,10,85.66666666666667,0.1080949,0.0006061479109920286
ON,0.3,0.4,5.0,10,85.83333333333333,0.1081656,0.0007772285635512879
ON,0.3,0.4,5.0,10,86.0,0.10813740000000001,0.0006403140167136744
ON,0.3,0.4,5.0,10,86.16666666666667,0.10817410000000001,0.0008100675836002838
ON,0.3,0.4,5.0,10,86.33333333333333,0.1080127,0.0006545765119525756
ON,0.3,0.4,5.0,10,86.5,0.10804640000000001,0.0007968621210723957
ON,0.3,0.4,5.0,10,86.66666666666667,0.10817589999999999,0.000678358378735015
ON,0.3,0.4,5.0,10,86.83333333333333,0.10828310000000001,0.0005196894168635732
ON,0.3,0.4,5.0,10,87.0,0.10806819999999999,0.0006142305430373836
ON,0.3,0.4,5.0,10,87.16666666666667,0.10794050000000002,0.0006540882585706618
ON,0.3,0.4,5.0,10,87.33333333333333,0.10802090000000002,0.000553685551554311
ON,0.3,0.4,5.0,10,87.5,0.10806199999999999,0.0005586739657438839
ON,0.3,0.4,5.0,10,87.66666666666667,0.10797150000000003,0.0007033726252847757
ON,0.3,0.4,5.0,10,87.83333333333333,0.10783740000000001,0.0006557874960686587
ON,0.3,0.4,5.0,10,88.0,0.10797800000000002,0.0005139733456123975
ON,0.3,0.4,5.0,10,88.16666666666667,0.1081078,0.0006163688506081393
ON,0.3,0.4,5.0,10,88.33333333333333,0.1082133,0.0006006989345753827
ON,0.3,0.4,5.0,10,88.5,0.1083101,0.000707130886045858
ON,0.3,0.4,5.0,10,88.66666666666667,0.1082196,0.0006747291604784834
ON,0.3,0.4,5.0,10,88.83333333333333,0.10809490000000002,0.0006114951267181118
ON,0.3,0.4,5.0,10,89.0,0.1080586,0.000661233574465179
ON,0.3,0.4,5.0,10,89.16666666666667,0.107945,0.0007154499283667581
ON,0.3,0.4,5.0,10,89.33333333333333,0.10800200000000001,0.0005891658510131092
ON,0.3,0.4,5.0,10,89.5,0.1079618,0.0006205189441104923
ON,0.3,0.4,5.0,10,89.66666666666667,0.10797319999999999,0.0005745899059329175
ON,0.3,0.4,5.0,10,89.83333333333333,0.10796080000000001,0.0006539507320891981
ON,0.3,0.4,5.0,10,90.0,0.1078877,0.0006645762634942648
ON,0.3,0.4,5.0,10,90.16666666666667,0.10791150000000001,0.0006794212610744516
ON,0.3,0.4,5.0,10,90.33333333333333,0.107828,0.000573577196199431
ON,0.3,0.4,5.0,10,90.5,0.10803690000000002,0.0005758641245988496
ON,0.3,0.4,5.0,10,90.66666666666667,0.1080304,0.00036468676970792215
ON,0.3,0.4,5.0,10,90.83333333333333,0.1080541,0.00045582462636412904
ON,0.3,0.4,5.0,10,91.0,0.1080944,0.0005231525972409944
ON,0.3,0.4,5.0,10,91.16666666666667,0.1079534,0.00034967876687039615
ON,0.3,0.4,5.0,10,91.33333333333333,0.1080101,0.0003677261073135822
ON,0.3,0.4,5.0,10,91.5,0.1079434,0.0003679957064966918
ON,0.3,0.4,5.0,10,91.66666666666667,0.10802,0.00044659332731244224
ON,0.3,0.4,5.0,10,91.83333333333333,0.10814950000000001,0.00042452920983131545
ON,0.3,0.4,5.0,10,92.0,0.10807320000000001,0.000623655161126724
ON,0.3,0.4,5.0,10,92.16666666666667,0.10807150000000001,0.0006901659583027862
ON,0.3,0.4,5.0,10,92.33333333333333,0.1080697,0.0006736321028573409
ON,0.3,0.4,5.0,10,92.5,0.1080773,0.0007078769737743962
ON,0.3,0.4,5.0,10,92.66666666666667,0.1081022,0.0007335616947469377
ON,0.3,0.4,5.0,10,92.83333333333333,0.1081192,0.000645343908315558
ON,0.3,0.4,5.0,10,93.0,0.10803929999999999,0.0006711892505098696
ON,0.3,0.4,5.0,10,93.16666666666667,0.108243,0.0008322409506867581
ON,0.3,0.4,5.0,10,93.33333333333333,0.10817760000000001,0.0006747076700319931
ON,0.3,0.4,5.0,10,93.5,0.10812329999999999,0.0004574241029941463
ON,0.3,0.4,5.0,10,93.66666666666667,0.1080536,0.00043800529677162436
ON,0.3,0.4,5.0,10,93.83333333333333,0.10812590000000002,0.0005258639462826882
ON,0.3,0.4,5.0,10,94.0,0.108195,0.0004580814338084446
ON,0.3,0.4,5.0,10,94.16666666666667,0.1079359,0.00043735099176748187
ON,0.3,0.4,5.0,10,94.33333333333333,0.1079047,0.00034337997903197663
ON,0.3,0.4,5.0,10,94.5,0.1079642,0.0004372019670587032
ON,0.3,0.4,5.0,10,94.66666666666667,0.10806230000000001,0.00040153556504997367
ON,0.3,0.4,5.0,10,94.83333333333333,0.107954,0.00041322221624690036
ON,0.3,0.4,5.0,10,95.0,0.10783710000000002,0.00040104474812668867
ON,0.3,0.4,5.0,10,95.16666666666667,0.10775799999999999,0.00036425430676932164
ON,0.3,0.4,5.0,10,95.33333333333333,0.10790720000000001,0.0004791798827162938
ON,0.3,0.4,5.0,10,95.5,0.10810679999999999,0.0005199043758230917
ON,0.3,0.4,5.0,10,95.66666666666667,0.10811410000000002,0.00047465828761330956
ON,0.3,0.4,5.0,10,95.83333333333333,0.10819179999999998,0.0005817502556939687
ON,0.3,0.4,5.0,10,96.0,0.1080814,0.0005547803529325834
ON,0.3,0.4,5.0,10,96.16666666666667,0.1079879,0.0006091153339064774
ON,0.3,0.4,5.0,10,96.33333333333333,0.1080039,0.0005116353095711847
ON,0.3,0.4,5.0,10,96.5,0.10802509999999999,0.0004886537526715618
ON,0.3,0.4,5.0,10,96.66666666666667,0.1080111,0.000499713207750205
ON,0.3,0.4,5.0,10,96.83333333333333,0.10805830000000001,0.00040129491648910706
ON,0.3,0.4,5.0,10,97.0,0.1080538,0.000476127461925899
ON,0.3,0.4,5.0,10,97.16666666666667,0.1081022,0.0006476900184501847
ON,0.3,0.4,5.0,10,97.33333333333333,0.1082177,0.0006577066291288257
ON,0.3,0.4,5.0,10,97.5,0.10811869999999998,0.0006553112314007753
ON,0.3,0.4,5.0,10,97.66666666666667,0.1081022,0.0006345320795672983
ON,0.3,0.4,5.0,10,97.83333333333333,0.1079704,0.0005167992260056112
ON,0.3,0.4,5.0,10,98.0,0.10806940000000001,0.00039639026224164517
ON,0.3,0.4,5.0,10,98.16666666666667,0.10811879999999999,0.0005619718498287978
ON,0.3,0.4,5.0,10,98.33333333333333,0.1081586,0.0006655309459371513
ON,0.3,0.4,5.0,10,98.5,0.10818940000000002,0.0006109096823590207
ON,0.3,0.4,5.0,10,98.66666666666667,0.10809070000000001,0.000626170591771924
ON,0.3,0.4,5.0,10,98.83333333333333,0.1078403,0.0005542456224454989
ON,0.3,0.4,5.0,10,99.0,0.1077915,0.0005160473331003665
ON,0.3,0.4,5.0,10,99.16666666666667,0.10774370000000003,0.000512777349343749
ON,0.3,0.4,5.0,10,99.33333333333333,0.1078628,0.0006299048817083424
ON,0.3,0.4,5.0,10,99.5,0.1079012,0.0004299990232547051
ON,0.3,0.4,5.0,10,99.66666666666667,0.10787710000000002,0.00039144513025454926
ON,0.3,0.4,5.0,10,99.83333333333333,0.10783590000000001,0.0004859486495505477
ON,0.3,0.4,5.0,10,100.0,0.10778399999999999,0.0006176981463465795
ON,0.3,0.4,5.0,10,100.16666666666667,0.1077525,0.0005403504881093382
ON,0.3,0.4,5.0,10,100.33333333333333,0.10779079999999999,0.0004488277620646913
ON,0.3,0.4,5.0,10,100.5,0.107755,0.0003517931210242749
ON,0.3,0.4,5.0,10,100.66666666666667,0.1076538,0.00043510086186997963
ON,0.3,0.4,5.0,10,100.83333333333333,0.10769200000000001,0.0006006285041521097
ON,0.3,0.4,5.0,10,101.0,0.1078065,0.0004428573698156096
ON,0.3,0.4,5.0,10,101.16666666666667,0.1079264,0.00037376308003867886
ON,0.3,0.4,5.0,10,101.33333333333333,0.10778080000000001,0.00042440164938416437
ON,0.3,0.4,5.0,10,101.5,0.1078216,0.0003821958136871735
ON,0.3,0.4,5.0,10,101.66666666666667,0.1080338,0.0005424425868237124
ON,0.3,0.4,5.0,10,101.83333333333333,0.10779240000000001,0.0005849846493712475
ON,0.3,0.4,5.0,10,102.0,0.10793,0.0007270246213162287
ON,0.3,0.4,5.0,10,102.16666666666667,0.1079942,0.0006656229863819293
ON,0.3,0.4,5.0,10,102.33333333333333,0.10830520000000002,0.0005766723159646215
ON,0.3,0.4,5.0,10,102.5,0.10841830000000001,0.00047844499161345467
ON,0.3,0.4,5.0,10,102.66666666666667,0.1083101,0.0006086607347283027
ON,0.3,0.4,5.0,10,102.83333333333333,0.1082021,0.000541597904353405
ON,0.3,0.4,5.0,10,103.0,0.10839050000000001,0.00048649568343408817
ON,0.3,0.4,5.0,10,103.16666666666667,0.10839839999999998,0.0004603772800649468
ON,0.3,0.4,5.0,10,103.33333333333333,0.10835520000000001,0.00041492404124128404
ON,0.3,0.4,5.0,10,103.5,0.10840729999999998,0.00038272654728931706
ON,0.3,0.4,5.0,10,103.66666666666667,0.10825530000000001,0.00044174247022444804
ON,0.3,0.4,5.0,10,103.83333333333333,0.1081579,0.0006111980775493329
ON,0.3,0.4,5.0,10,104.0,0.1082142,0.0005610744692106381
ON,0.3,0.4,5.0,10,104.16666666666667,0.10823830000000001,0.0004948066390015409
ON,0.3,0.4,5.0,10,104.33333333333333,0.10813619999999999,0.00038170375947847485
ON,0.3,0.4,5.0,10,104.5,0.10800119999999999,0.0003723854991806197
ON,0.3,0.4,5.0,10,104.66666666666667,0.1079532,0.0003896769944453996
ON,0.3,0.4,5.0,10,104.83333333333333,0.1080196,0.00041083943335565965
ON,0.3,0.4,5.0,10,105.0,0.1078931,0.0005586332338842731
ON,0.3,0.4,5.0,10,105.16666666666667,0.1078749,0.0004801556934995139
ON,0.3,0.4,5.0,10,105.33333333333333,0.1079127,0.000554562178659887
ON,0.3,0.4,5.0,10,105.5,0.1079218,0.0003550633182968932
ON,0.3,0.4,5.0,10,105.66666666666667,0.1079739,0.0003913355210046752
ON,0.3,0.4,5.0,10,105.83333333333333,0.10797530000000002,0.0004412865395635829
ON,0.3,0.4,5.0,10,106.0,0.1079014,0.0003880974619860314
ON,0.3,0.4,5.0,10,106.16666666666667,0.107952,0.00044850529539794767
ON,0.3,0.4,5.0,10,106.33333333333333,0.10810249999999999,0.0005480699316693071
ON,0.3,0.4,5.0,10,106.5,0.10812619999999999,0.0006231543628989515
ON,0.3,0.4,5.0,10,106.66666666666667,0.1080022,0.000680944461758815
ON,0.3,0.4,5.0,10,106.83333333333333,0.1080594,0.0006645981041200747
ON,0.3,0.4,5.0,10,107.0,0.10798129999999999,0.0007552042174140711
ON,0.3,0.4,5.0,10,107.16666666666667,0.10801970000000001,0.0008644701325089244
ON,0.3,0.4,5.0,10,107.33333333333333,0.1080882,0.0008626597011568346
ON,0.3,0.4,5.0,10,107.5,0.10821149999999999,0.0007001710148242351
ON,0.3,0.4,5.0,10,107.66666666666667,0.10838640000000002,0.0006394743466316691
ON,0.3,0.4,5.0,10,107.83333333333333,0.1083888,0.0007405909532258704
ON,0.3,0.4,5.0,10,108.0,0.10834200000000001,0.0006732907247244689
ON,0.3,0.4,5.0,10,108.16666666666667,0.10818710000000001,0.0005088483958901703
ON,0.3,0.4,5.0,10,108.33333333333333,0.1082679,0.00044253891354320546
ON,0.3,0.4,5.0,10,108.5,0.10823,0.00041196359062422157
ON,0.3,0.4,5.0,10,108.66666666666667,0.10816030000000001,0.00045457915702328314
ON,0.3,0.4,5.0,10,108.83333333333333,0.10817240000000002,0.0004843800573929526
ON,0.3,0.4,5.0,10,109.0,0.10823960000000002,0.0004804587807502315
ON,0.3,0.4,5.0,10,109.16666666666667,0.10823369999999999,0.0003192513273269194
ON,0.3,0.4,5.0,10,109.33333333333333,0.10822219999999998,0.00039055237804934515
ON,0.3,0.4,5.0,10,109.5,0.10811439999999999,0.00048510703973453026
ON,0.3,0.4,5.0,10,109.66666666666667,0.1080651,0.0005685410187488671
ON,0.3,0.4,5.0,10,109.83333333333333,0.10812759999999999,0.00044172665756098817
ON,0.3,0.4,5.0,10,110.0,0.10811470000000001,0.00028608462034859485
ON,0.3,0.4,5.0,10,110.16666666666667,0.10807710000000001,0.00046773185694369606
ON,0.3,0.4,5.0,10,110.33333333333333,0.107981,0.0004856393723741915
ON,0.3,0.4,5.0,10,110.5,0.1079241,0.00034904912261743334
ON,0.3,0.4,5.0,10,110.66666666666667,0.10795170000000001,0.00026255287086604127
ON,0.3,0.4,5.0,10,110.83333333333333,0.10801400000000001,0.0004587955971889872
ON,0.3,0.4,5.0,10,111.0,0.1079852,0.00035718393020963427
ON,0.3,0.4,5.0,10,111.16666666666667,0.1078924,0.0004098944254317207
ON,0.3,0.4,5.0,10,111.33333333333333,0.10776889999999999,0.0005109948042788674
ON,0.3,0.4,5.0,10,111.5,0.1078706,0.0005338509529821959
ON,0.3,0.4,5.0,10,111.66666666666667,0.1079061,0.0005324805066854565
ON,0.3,0.4,5.0,10,111.83333333333333,0.1078183,0.00047540909751497113
ON,0.3,0.4,5.0,10,112.0,0.1079173,0.0005964372640940532
ON,0.3,0.4,5.0,10,112.16666666666667,0.10800859999999998,0.0006261976045945875
ON,0.3,0.4,5.0,10,112.33333333333333,0.1080189,0.0005743459671661299
ON,0.3,0.4,5.0,10,112.5,0.10796730000000002,0.0007018653788298697
ON,0.3,0.4,5.0,10,112.66666666666667,0.10802350000000001,0.0006578412042430934
ON,0.3,0.4,5.0,10,112.83333333333333,0.10806939999999998,0.000590885640373838
ON,0.3,0.4,5.0,10,113.0,0.10792410000000001,0.00048178054132561016
ON,0.3,0.4,5.0,10,113.16666666666667,0.1078376,0.000552648930153673
ON,0.3,0.4,5.0,10,113.33333333333333,0.10796969999999999,0.0007073594630737618
ON,0.3,0.4,5.0,10,113.5,0.1080323,0.0007778799457499841
ON,0.3,0.4,5.0,10,113.66666666666667,0.1080281,0.0007795521085854339
ON,0.3,0.4,5.0,10,113.83333333333333,0.1080125,0.0006105093365379437
ON,0.3,0.4,5.0,10,114.0,0.10777809999999999,0.0004952660800014487
ON,0.3,0.4,5.0,10,114.16666666666667,0.1077334,0.0004927009640745582
ON,0.3,0.4,5.0,10,114.33333333333333,0.10768839999999999,0.0005297586620339489
ON,0.3,0.4,5.0,10,114.5,0.1077968,0.000623506984724311
ON,0.3,0.4,5.0,10,114.66666666666667,0.10801520000000002,0.0005981437619836895
ON,0.3,0.4,5.0,10,114.83333333333333,0.1080444,0.0005661954079644239
ON,0.3,0.4,5.0,10,115.0,0.10796829999999999,0.0006013810855023617
ON,0.3,0.4,5.0,10,115.16666666666667,0.1081091,0.0005433923904509529
ON,0.3,0.4,5.0,10,115.33333333333333,0.1079918,0.0005837620748215867
ON,0.3,0.4,5.0,10,115.5,0.1079475,0.0005217795032386767
ON,0.3,0.4,5.0,10,115.66666666666667,0.1078457,0.0005784697139868279
ON,0.3,0.4,5.0,10,115.83333333333333,0.10774760000000001,0.0005302001886080406
ON,0.3,0.4,5.0,10,116.0,0.10785370000000001,0.0006484715953686783
ON,0.3,0.4,5.0,10,116.16666666666667,0.10784679999999999,0.0006895615708549876
ON,0.3,0.4,5.0,10,116.33333333333333,0.10789859999999998,0.0005897999999999974
ON,0.3,0.4,5.0,10,116.5,0.1078064,0.0006239636527875639
ON,0.3,0.4,5.0,10,116.66666666666667,0.1078079,0.0004971670644763186
ON,0.3,0.4,5.0,10,116.83333333333333,0.10790960000000001,0.0007338793088785117
ON,0.3,0.4,5.0,10,117.0,0.1080548,0.0005388396421942224
ON,0.3,0.4,5.0,10,117.16666666666667,0.1079982,0.0005914796361667915
ON,0.3,0.4,5.0,10,117.33333333333333,0.10793420000000001,0.0007639898952211331
ON,0.3,0.4,5.0,10,117.5,0.10803610000000001,0.0007224011973965723
ON,0.3,0.4,5.0,10,117.66666666666667,0.1081737,0.0006156313913373786
ON,0.3,0.4,5.0,10,117.83333333333333,0.10808369999999998,0.0006142447476372898
ON,0.3,0.4,5.0,10,118.0,0.10813510000000001,0.000636293870786134
ON,0.3,0.4,5.0,10,118.16666666666667,0.10814119999999998,0.0006638937866857922
ON,0.3,0.4,5.0,10,118.33333333333333,0.1081072,0.000746725223894304
ON,0.3,0.4,5.0,10,118.5,0.10801279999999999,0.0007879484500904859
ON,0.3,0.4,5.0,10,118.66666666666667,0.10806259999999998,0.000871472225604464
ON,0.3,0.4,5.0,10,118.83333333333333,0.10800280000000002,0.0008101636624781446
ON,0.3,0.4,5.0,10,119.0,0.10800939999999999,0.0006766752840173785
ON,0.3,0.4,5.0,10,119.16666666666667,0.1081982,0.0006321885478241428
ON,0.3,0.4,5.0,10,119.33333333333333,0.1081917,0.0006468417194337423
ON,0.3,0.4,5.0,10,119.5,0.10828610000000001,0.0005693103635100977
ON,0.3,0.4,5.0,10,119.66666666666667,0.1081917,0.0006150203329972096
ON,0.3,0.4,5.0,10,119.83333333333333,0.10821880000000002,0.0006855623676953105
ON,0.3,0.4,5.0,10,120.0,0.10828609999999998,0.0005901698823220331
ON,0.3,0.4,5.0,10,120.16666666666667,0.10827800000000001,0.0005288731416890102
ON,0.3,0.4,5.0,10,120.33333333333333,0.1081927,0.0006270043141797357
ON,0.3,0.4,5.0,10,120.5,0.1082749,0.0006679295546687546
ON,0.3,0.4,5.0,10,120.66666666666667,0.108293,0.0005901798031108821
ON,0.3,0.4,5.0,10,120.83333333333333,0.108246,0.0007194331101638304
ON,0.3,0.4,5.0,10,121.0,0.10815680000000001,0.0006663086071783855
ON,0.3,0.4,5.0,10,121.16666666666667,0.1081095,0.0006030698549919403
ON,0.3,0.4,5.0,10,121.33333333333333,0.10803779999999999,0.0005830462760364726
ON,0.3,0.4,5.0,10,121.5,0.10817449999999999,0.0005959710143958348
ON,0.3,0.4,5.0,10,121.66666666666667,0.107952,0.0005146377366653166
ON,0.3,0.4,5.0,10,121.83333333333333,0.1079552,0.00042049799048271227
ON,0.3,0.4,5.0,10,122.0,0.10804359999999999,0.0004913418769044635
ON,0.3,0.4,5.0,10,122.16666666666667,0.1080575,0.0005353066877968182
ON,0.3,0.4,5.0,10,122.33333333333333,0.10824770000000002,0.00047051526011384774
ON,0.3,0.4,5.0,10,122.5,0.10811109999999999,0.00045622986530914454
ON,0.3,0.4,5.0,10,122.66666666666667,0.1081737,0.0005577044109561978
ON,0.3,0.4,5.0,10,122.83333333333333,0.10814919999999999,0.0006664775765170193
ON,0.3,0.4,5.0,10,123.0,0.1081363,0.0005254799805891747
ON,0.3,0.4,5.0,10,123.16666666666667,0.10809280000000002,0.00031255201167165703
ON,0.3,0.4,5.0,10,123.33333333333333,0.10818939999999999,0.00040619532247430104
ON,0.3,0.4,5.0,10,123.5,0.10809710000000002,0.000506056805111836
ON,0.3,0.4,5.0,10,123.66666666666667,0.1080532,0.0004689285233380454
ON,0.3,0.4,5.0,10,123.83333333333333,0.1081531,0.0005533710238167517
ON,0.3,0.4,5.0,10,124.0,0.1081347,0.0006575629323494446
ON,0.3,0.4,5.0,10,124.16666666666667,0.10820779999999999,0.0005431677089076643
ON,0.3,0.4,5.0,10,124.33333333333333,0.10808950000000002,0.0006015068162539803
ON,0.3,0.4,5.0,10,124.5,0.10799290000000002,0.0006644124396788478
ON,0.3,0.4,5.0,10,124.66666666666667,0.1080959,0.0005944219797416654
ON,0.3,0.4,5.0,10,124.83333333333333,0.10818509999999999,0.000498383677501582
ON,0.3,0.4,5.0,10,125.0,0.108318,0.00046202921985519425
ON,0.3,0.4,5.0,10,125.16666666666667,0.10832820000000001,0.0004384798284984179
ON,0.3,0.4,5.0,10,125.33333333333333,0.10839689999999999,0.0004981715467587441
ON,0.3,0.4,5.0,10,125.5,0.1083257,0.0005373622707261832
ON,0.3,0.4,5.0,10,125.66666666666667,0.1082907,0.00048604383547165743
ON,0.3,0.4,5.0,10,125.83333333333333,0.10808959999999998,0.00039293846846548565
ON,0.3,0.4,5.0,10,126.0,0.10805899999999999,0.0004292477140300232
ON,0.3,0.4,5.0,10,126.16666666666667,0.1079952,0.0004135980657595006
ON,0.3,0.4,5.0,10,126.33333333333333,0.10787739999999998,0.000443527270863923
ON,0.3,0.4,5.0,10,126.5,0.10777699999999998,0.0004124633317035588
ON,0.3,0.4,5.0,10,126.66666666666667,0.10782100000000001,0.0003195988110115532
ON,0.3,0.4,5.0,10,126.83333333333333,0.10786029999999999,0.00031593576878853207
ON,0.3,0.4,5.0,10,127.0,0.10780050000000001,0.0004771650133863542
ON,0.3,0.4,5.0,10,127.16666666666667,0.10791150000000001,0.0005010098302428792
ON,0.3,0.4,5.0,10,127.33333333333333,0.1080125,0.0005445874126345559
ON,0.3,0.4,5.0,10,127.5,0.10810040000000001,0.0005745464646136119
ON,0.3,0.4,5.0,10,127.66666666666667,0.10789469999999998,0.0004037328448367803
ON,0.3,0.4,5.0,10,127.83333333333333,0.10801960000000002,0.0004090873256408688
ON,0.3,0.4,5.0,10,128.0,0.1078294,0.0003622157368199236
ON,0.3,0.4,5.0,10,128.16666666666666,0.10785460000000002,0.000462933731758662
ON,0.3,0.4,5.0,10,128.33333333333334,0.10813060000000001,0.0005348209419983477
ON,0.3,0.4,5.0,10,128.5,0.10804909999999998,0.000531185927900957
ON,0.3,0.4,5.0,10,128.66666666666666,0.1081037,0.0004946228967607547
ON,0.3,0.4,5.0,10,128.83333333333334,0.108066,0.0005747067078084271
ON,0.3,0.4,5.0,10,129.0,0.10808,0.0004462315542406189
ON,0.3,0.4,5.0,10,129.16666666666666,0.10815260000000002,0.0005101506052137951
ON,0.3,0.4,5.0,10,129.33333333333334,0.10808999999999999,0.0004310937253080824
ON,0.3,0.4,5.0,10,129.5,0.1082409,0.0002864120982081618
ON,0.3,0.4,5.0,10,129.66666666666666,0.10811929999999999,0.0004891290320559617
ON,0.3,0.4,5.0,10,129.83333333333334,0.1081512,0.0005581253980961635
ON,0.3,0.4,5.0,10,130.0,0.10822260000000002,0.0005345559278503993
ON,0.3,0.4,5.0,10,130.16666666666666,0.1082772,0.0005431632903648781
ON,0.3,0.4,5.0,10,130.33333333333334,0.10813500000000001,0.0005321729042332032
ON,0.3,0.4,5.0,10,130.5,0.108132,0.000497966263917547
ON,0.3,0.4,5.0,10,130.66666666666666,0.1081496,0.00047598386527276536
ON,0.3,0.4,5.0,10,130.83333333333334,0.10810850000000001,0.0004476896804707463
ON,0.3,0.4,5.0,10,131.0,0.108073,0.0003294808036896823
ON,0.3,0.4,5.0,10,131.16666666666666,0.10807129999999998,0.00043949972696237207
ON,0.3,0.4,5.0,10,131.33333333333334,0.108129,0.0004460295954306183
ON,0.3,0.4,5.0,10,131.5,0.10797570000000001,0.00042033725744929784
ON,0.3,0.4,5.0,10,131.66666666666666,0.1080269,0.0005095612720762831
ON,0.3,0.4,5.0,10,131.83333333333334,0.10813729999999999,0.0005171583993323512
ON,0.3,0.4,5.0,10,132.0,0.1080357,0.0005198017025751271
ON,0.3,0.4,5.0,10,132.16666666666666,0.1081247,0.0007107003658364044
ON,0.3,0.4,5.0,10,132.33333333333334,0.1080802,0.0008411896100166706
ON,0.3,0.4,5.0,10,132.5,0.10806389999999999,0.0007258537662642537
ON,0.3,0.4,5.0,10,132.66666666666666,0.1080151,0.0007627015733561862
ON,0.3,0.4,5.0,10,132.83333333333334,0.1079123,0.0006173409187798904
ON,0.3,0.4,5.0,10,133.0,0.1077697,0.00047905240840643036
ON,0.3,0.4,5.0,10,133.16666666666666,0.10774210000000002,0.00043670870153913793
ON,0.3,0.4,5.0,10,133.33333333333334,0.1076336,0.0003447129820589862
ON,0.3,0.4,5.0,10,133.5,0.10761449999999999,0.00030720066731698085
ON,0.3,0.4,5.0,10,133.66666666666666,0.1075637,0.00039452225539251775
ON,0.3,0.4,5.0,10,133.83333333333334,0.10763750000000001,0.0005710756955080465
ON,0.3,0.4,5.0,10,134.0,0.10778879999999999,0.0006427260380597638
ON,0.3,0.4,5.0,10,134.16666666666666,0.1078955,0.0006117210557108528
ON,0.3,0.4,5.0,10,134.33333333333334,0.10782969999999999,0.0006061483399300841
ON,0.3,0.4,5.0,10,134.5,0.10788090000000002,0.0007305933821216851
ON,0.3,0.4,5.0,10,134.66666666666666,0.1077544,0.0007238364732451659
ON,0.3,0.4,5.0,10,134.83333333333334,0.10790269999999999,0.0007960071670531602
ON,0.3,0.4,5.0,10,135.0,0.1078554,0.0006327631784483024
ON,0.3,0.4,5.0,10,135.16666666666666,0.10793680000000001,0.000637613331102792
ON,0.3,0.4,5.0,10,135.33333333333334,0.10786529999999998,0.0006090674921550161
ON,0.3,0.4,5.0,10,135.5,0.1079512,0.0006542243957542408
ON,0.3,0.4,5.0,10,135.66666666666666,0.10794160000000001,0.00047218771690927993
ON,0.3,0.4,5.0,10,135.83333333333334,0.10785700000000001,0.0005568439637815976
ON,0.3,0.4,5.0,10,136.0,0.10781560000000001,0.0004970062776263476
ON,0.3,0.4,5.0,10,136.16666666666666,0.1080408,0.00048213541666216464
ON,0.3,0.4,5.0,10,136.33333333333334,0.108164,0.0005705954784258271
ON,0.3,0.4,5.0,10,136.5,0.10802010000000002,0.0006159002273095858
ON,0.3,0.4,5.0,10,136.66666666666666,0.1079766,0.0007666004435167002
ON,0.3,0.4,5.0,10,136.83333333333334,0.1079831,0.0007370745484684694
ON,0.3,0.4,5.0,10,137.0,0.1080281,0.0006515296539682611
ON,0.3,0.4,5.0,10,137.16666666666666,0.1077908,0.000550110497991086
ON,0.3,0.4,5.0,10,137.33333333333334,0.1077407,0.00046068428451597924
ON,0.3,0.4,5.0,10,137.5,0.10781099999999999,0.0006113594687252356
ON,0.3,0.4,5.0,10,137.66666666666666,0.10782270000000001,0.0005490078414740526
ON,0.3,0.4,5.0,10,137.83333333333334,0.10780669999999999,0.0004925689900917438
ON,0.3,0.4,5.0,10,138.0,0.10803549999999999,0.000562837498750751
ON,0.3,0.4,5.0,10,138.16666666666666,0.1079424,0.0006226638258322064
ON,0.3,0.4,5.0,10,138.33333333333334,0.1080435,0.0004989403270933315
ON,0.3,0.4,5.0,10,138.5,0.1078739,0.000317823362892031
ON,0.3,0.4,5.0,10,138.66666666666666,0.1078171,0.00024333863236239027
ON,0.3,0.4,5.0,10,138.83333333333334,0.1077739,0.00029406103108028535
ON,0.3,0.4,5.0,10,139.0,0.1076206,0.0004319817588741424
ON,0.3,0.4,5.0,10,139.16666666666666,0.1078503,0.0003936678930265957
ON,0.3,0.4,5.0,10,139.33333333333334,0.1078141,0.00041122875629021755
ON,0.3,0.4,5.0,10,139.5,0.1079359,0.0004733564090619236
ON,0.3,0.4,5.0,10,139.66666666666666,0.1079038,0.0006142759640422182
ON,0.3,0.4,5.0,10,139.83333333333334,0.10802039999999999,0.0007136440569359502
ON,0.3,0.4,5.0,10,140.0,0.10783679999999998,0.0005941659364184379
ON,0.3,0.4,5.0,10,140.16666666666666,0.1079963,0.000667336804020279
ON,0.3,0.4,5.0,10,140.33333333333334,0.10796239999999999,0.0007422669600622131
ON,0.3,0.4,5.0,10,140.5,0.10781409999999998,0.00071651831100119
ON,0.3,0.4,5.0,10,140.66666666666666,0.10786799999999999,0.000756602537664262
ON,0.3,0.4,5.0,10,140.83333333333334,0.1078503,0.0008040511239964803
ON,0.3,0.4,5.0,10,141.0,0.1078067,0.0007808806630977608
ON,0.3,0.4,5.0,10,141.16666666666666,0.10789789999999999,0.0008055798470666963
ON,0.3,0.4,5.0,10,141.33333333333334,0.10793939999999999,0.0006996300736817978
ON,0.3,0.4,5.0,10,141.5,0.10786340000000001,0.0008562571109193766
ON,0.3,0.4,5.0,10,141.66666666666666,0.1078896,0.0006953792059013561
ON,0.3,0.4,5.0,10,141.83333333333334,0.1078392,0.0006866113602322652
ON,0.3,0.4,5.0,10,142.0,0.10773479999999999,0.0007882071808858357
ON,0.3,0.4,5.0,10,142.16666666666666,0.10762019999999999,0.0006268458821751972
ON,0.3,0.4,5.0,10,142.33333333333334,0.1076056,0.00045708756272731696
ON,0.3,0.4,5.0,10,142.5,0.107621,0.0005329469016703261
ON,0.3,0.4,5.0,10,142.66666666666666,0.1074524,0.0005591037828525216
ON,0.3,0.4,5.0,10,142.83333333333334,0.10746309999999999,0.0008113361140735683
ON,0.3,0.4,5.0,10,143.0,0.10757670000000001,0.0009322401031923057
ON,0.3,0.4,5.0,10,143.16666666666666,0.10761219999999998,0.0009515182394468327
ON,0.3,0.4,5.0,10,143.33333333333334,0.1076014,0.0006993931941333156
ON,0.3,0.4,5.0,10,143.5,0.1078315,0.0007326879622322166
ON,0.3,0.4,5.0,10,143.66666666666666,0.10789849999999998,0.0009406982778765996
ON,0.3,0.4,5.0,10,143.83333333333334,0.10777859999999999,0.0008685476613289575
ON,0.3,0.4,5.0,10,144.0,0.10787149999999998,0.0007038565549883028
ON,0.3,0.4,5.0,10,144.16666666666666,0.10802339999999999,0.0006637587212233054
ON,0.3,0.4,5.0,10,144.33333333333334,0.1077292,0.0007486374022181907
ON,0.3,0.4,5.0,10,144.5,0.1075893,0.0006338455726752377
ON,0.3,0.4,5.0,10,144.66666666666666,0.10770199999999999,0.0005535416876803407
ON,0.3,0.4,5.0,10,144.83333333333334,0.1076784,0.0006627363276598024
ON,0.3,0.4,5.0,10,145.0,0.1076373,0.00044296931044938124
ON,0.3,0.4,5.0,10,145.16666666666666,0.10774120000000001,0.00043732866359295485
ON,0.3,0.4,5.0,10,145.33333333333334,0.10758229999999999,0.0005811667660835384
ON,0.3,0.4,5.0,10,145.5,0.10752970000000002,0.0005072289522493764
ON,0.3,0.4,5.0,10,145.66666666666666,0.10766259999999998,0.0004092500946853901
ON,0.3,0.4,5.0,10,145.83333333333334,0.10773409999999999,0.0003002863466759705
ON,0.3,0.4,5.0,10,146.0,0.107796,0.0002350148931450925
ON,0.3,0.4,5.0,10,146.16666666666666,0.10776249999999998,0.0002834548464923446
ON,0.3,0.4,5.0,10,146.33333333333334,0.1076012,0.0003286873286270722
ON,0.3,0.4,5.0,10,146.5,0.1075957,0.000395231084303854
ON,0.3,0.4,5.0,10,146.66666666666666,0.1076883,0.0005737809773772568
ON,0.3,0.4,5.0,10,146.83333333333334,0.10770520000000001,0.0005346043022647697
ON,0.3,0.4,5.0,10,147.0,0.1079121,0.000498154082588912
ON,0.3,0.4,5.0,10,147.16666666666666,0.10805209999999998,0.00031574339264662285
ON,0.3,0.4,5.0,10,147.33333333333334,0.10805550000000001,0.00045309563008265883
ON,0.3,0.4,5.0,10,147.5,0.10808670000000001,0.0004969450774482022
ON,0.3,0.4,5.0,10,147.66666666666666,0.1081385,0.00042479459742327327
ON,0.3,0.4,5.0,10,147.83333333333334,0.10811089999999998,0.00035420119988503746
ON,0.3,0.4,5.0,10,148.0,0.1079024,0.0003753092591450419
ON,0.3,0.4,5.0,10,148.16666666666666,0.1078797,0.00040199528604201363
ON,0.3,0.4,5.0,10,148.33333333333334,0.1079433,0.0003847565593982797
ON,0.3,0.4,5.0,10,148.5,0.1080697,0.00045755634625693975
ON,0.3,0.4,5.0,10,148.66666666666666,0.1081077,0.0005347375150482702
ON,0.3,0.4,5.0,10,148.83333333333334,0.10802490000000002,0.0005147184570228681
ON,0.3,0.4,5.0,10,149.0,0.10809919999999999,0.0005958566606156217
ON,0.3,0.4,5.0,10,149.16666666666666,0.108173,0.000615445042225545
ON,0.3,0.4,5.0,10,149.33333333333334,0.10829210000000003,0.0005405272333564688
ON,0.3,0.4,5.0,10,149.5,0.1082662,0.000489401225989475
ON,0.3,0.4,5.0,10,149.66666666666666,0.10825679999999997,0.0004390814958524216
ON,0.3,0.4,5.0,10,149.83333333333334,0.10830169999999999,0.0005865826540224314
ON,0.3,0.4,5.0,10,150.0,0.10818449999999999,0.0005264340889418165
ON,0.3,0.4,5.0,10,150.16666666666666,0.10825309999999999,0.0004918396994956789
ON,0.3,0.4,5.0,10,150.33333333333334,0.10800320000000001,0.0005351976831041025
ON,0.3,0.4,5.0,10,150.5,0.10803,0.0004098531444310262
ON,0.3,0.4,5.0,10,150.66666666666666,0.10803340000000002,0.0005342690707873716
ON,0.3,0.4,5.0,10,150.83333333333334,0.1079372,0.0005833340038091387
ON,0.3,0.4,5.0,10,151.0,0.10815570000000001,0.0006311814398411912
ON,0.3,0.4,5.0,10,151.16666666666666,0.1082414,0.0006569268147975081
ON,0.3,0.4,5.0,10,151.33333333333334,0.1080304,0.000590029185718808
ON,0.3,0.4,5.0,10,151.5,0.10796950000000001,0.0005131816929704325
ON,0.3,0.4,5.0,10,151.66666666666666,0.10804799999999999,0.00047422125637723166
ON,0.3,0.4,5.0,10,151.83333333333334,0.1079378,0.0006088705609569229
ON,0.3,0.4,5.0,10,152.0,0.10793680000000001,0.0003169945740860528
ON,0.3,0.4,5.0,10,152.16666666666666,0.1080314,0.000379244301209655
ON,0.3,0.4,5.0,10,152.33333333333334,0.1082192,0.00042720903548497185
ON,0.3,0.4,5.0,10,152.5,0.1081413,0.0004174060493093039
ON,0.3,0.4,5.0,10,152.66666666666666,0.1082325,0.00039829718803928384
ON,0.3,0.4,5.0,10,152.83333333333334,0.10819789999999999,0.00028238039946143614
ON,0.3,0.4,5.0,10,153.0,0.10819129999999999,0.0003671419480255563
ON,0.3,0.4,5.0,10,153.16666666666666,0.10808809999999999,0.0004829928467379214
ON,0.3,0.4,5.0,10,153.33333333333334,0.1080113,0.0004291321591304916
ON,0.3,0.4,5.0,10,153.5,0.1080461,0.0002336995721005908
ON,0.3,0.4,5.0,10,153.66666666666666,0.10806789999999997,0.00031895844556932194
ON,0.3,0.4,5.0,10,153.83333333333334,0.1081482,0.00032482265930812134
ON,0.3,0.4,5.0,10,154.0,0.1081925,0.0005868746458997874
ON,0.3,0.4,5.0,10,154.16666666666666,0.1080421,0.0005891713587743368
ON,0.3,0.4,5.0,10,154.33333333333334,0.10798769999999999,0.0006686734703874533
ON,0.3,0.4,5.0,10,154.5,0.1079936,0.0006233063773137554
ON,0.3,0.4,5.0,10,154.66666666666666,0.10797349999999999,0.0005687787355378183
ON,0.3,0.4,5.0,10,154.83333333333334,0.10803149999999999,0.0006277845569938763
ON,0.3,0.4,5.0,10,155.0,0.10805210000000001,0.000676080239320748
ON,0.3,0.4,5.0,10,155.16666666666666,0.1081604,0.0005741082127961577
ON,0.3,0.4,5.0,10,155.33333333333334,0.10815999999999999,0.0005015320528141727
ON,0.3,0.4,5.0,10,155.5,0.10822340000000001,0.00042911728000629307
ON,0.3,0.4,5.0,10,155.66666666666666,0.1082176,0.00045620745281067213
ON,0.3,0.4,5.0,10,155.83333333333334,0.1082189,0.0004871509930196183
ON,0.3,0.4,5.0,10,156.0,0.10829909999999998,0.0005047584471804311
ON,0.3,0.4,5.0,10,156.16666666666666,0.10824550000000002,0.00041180656867029333
ON,0.3,0.4,5.0,10,156.33333333333334,0.1081296,0.00041162123366026473
ON,0.3,0.4,5.0,10,156.5,0.1080399,0.00043795238325644646
ON,0.3,0.4,5.0,10,156.66666666666666,0.10802,0.00045707658001695997
ON,0.3,0.4,5.0,10,156.83333333333334,0.1078786,0.0005979600655562216
ON,0.3,0.4,5.0,10,157.0,0.1078195,0.0005902252536108574
ON,0.3,0.4,5.0,10,157.16666666666666,0.1078198,0.0007537837620962654
ON,0.3,0.4,5.0,10,157.33333333333334,0.10789810000000002,0.0006297759045882919
ON,0.3,0.4,5.0,10,157.5,0.10791690000000001,0.0006684054832210742
ON,0.3,0.4,5.0,10,157.66666666666666,0.107747,0.0006394727515696033
ON,0.3,0.4,5.0,10,157.83333333333334,0.10753159999999999,0.0006087641907996893
ON,0.3,0.4,5.0,10,158.0,0.10772879999999999,0.0005602349150133369
ON,0.3,0.4,5.0,10,158.16666666666666,0.1078022,0.0006359595584626421
ON,0.3,0.4,5.0,10,158.33333333333334,0.1079118,0.0005647082078383491
ON,0.3,0.4,5.0,10,158.5,0.1079523,0.0005129649208279254
ON,0.3,0.4,5.0,10,158.66666666666666,0.1079437,0.00046832041381942967
ON,0.3,0.4,5.0,10,158.83333333333334,0.1078649,0.00027607442837032333
ON,0.3,0.4,5.0,10,159.0,0.10781510000000001,0.00041582747624465717
ON,0.3,0.4,5.0,10,159.16666666666666,0.10774219999999998,0.0002798570349303377
ON,0.3,0.4,5.0,10,159.33333333333334,0.10788009999999999,0.00040195433820273713
ON,0.3,0.4,5.0,10,159.5,0.10783050000000001,0.00048259864276642916
ON,0.3,0.4,5.0,10,159.66666666666666,0.10768029999999999,0.00042412947315648744
ON,0.3,0.4,5.0,10,159.83333333333334,0.10758160000000001,0.00040263362999133607
ON,0.3,0.4,5.0,10,160.0,0.10748470000000002,0.0006423393262131775
ON,0.3,0.4,5.0,10,160.16666666666666,0.107636,0.0005044416715538054
ON,0.3,0.4,5.0,10,160.33333333333334,0.1077449,0.0004550767957169449
ON,0.3,0.4,5.0,10,160.5,0.10776059999999998,0.00046960689943824384
ON,0.3,0.4,5.0,10,160.66666666666666,0.10774690000000002,0.000340364348896885
ON,0.3,0.4,5.0,10,160.83333333333334,0.1080117,0.0005131676236864524
ON,0.3,0.4,5.0,10,161.0,0.10803929999999999,0.0006310022266204778
ON,0.3,0.4,5.0,10,161.16666666666666,0.10818249999999999,0.0005468437162480688
ON,0.3,0.4,5.0,10,161.33333333333334,0.1080361,0.0006544519004479988
ON,0.3,0.4,5.0,10,161.5,0.1079472,0.0006736972316998198
ON,0.3,0.4,5.0,10,161.66666666666666,0.1079021,0.0007451627271945365
ON,0.3,0.4,5.0,10,161.83333333333334,0.1080247,0.0006152292337007387
ON,0.3,0.4,5.0,10,162.0,0.1079531,0.0005028483767498913
ON,0.3,0.4,5.0,10,162.16666666666666,0.10782740000000002,0.0006105466730725841
ON,0.3,0.4,5.0,10,162.33333333333334,0.107739,0.0004957331943697143
ON,0.3,0.4,5.0,10,162.5,0.10780900000000002,0.0004695512751553342
ON,0.3,0.4,5.0,10,162.66666666666666,0.1078242,0.0003600885446664483
ON,0.3,0.4,5.0,10,162.83333333333334,0.1077899,0.00045902689463690304
ON,0.3,0.4,5.0,10,163.0,0.10793830000000001,0.00036980158193279677
ON,0.3,0.4,5.0,10,163.16666666666666,0.1081078,0.000485024494226838
ON,0.3,0.4,5.0,10,163.33333333333334,0.10797140000000001,0.00047380211059048713
ON,0.3,0.4,5.0,10,163.5,0.10799239999999999,0.00036701558550012505
ON,0.3,0.4,5.0,10,163.66666666666666,0.10781710000000003,0.0004478770925153442
ON,0.3,0.4,5.0,10,163.83333333333334,0.10778569999999998,0.0005901084730793131
ON,0.3,0.4,5.0,10,164.0,0.1076501,0.0007426679540683028
ON,0.3,0.4,5.0,10,164.16666666666666,0.10775589999999999,0.0008594133405992703
ON,0.3,0.4,5.0,10,164.33333333333334,0.1079154,0.0007111028336323808
ON,0.3,0.4,5.0,10,164.5,0.10788550000000001,0.0007058284848318338
ON,0.3,0.4,5.0,10,164.66666666666666,0.10786599999999999,0.0006345453490492212
ON,0.3,0.4,5.0,10,164.83333333333334,0.1079688,0.0006596271371009501
ON,0.3,0.4,5.0,10,165.0,0.1078692,0.0006842624934920791
ON,0.3,0.4,5.0,10,165.16666666666666,0.1079343,0.0006721409152848851
ON,0.3,0.4,5.0,10,165.33333333333334,0.10796620000000001,0.0006996757534744218
ON,0.3,0.4,5.0,10,165.5,0.10791650000000001,0.000503863920121297
ON,0.3,0.4,5.0,10,165.66666666666666,0.1078412,0.0004120378137986869
ON,0.3,0.4,5.0,10,165.83333333333334,0.10792140000000001,0.0005893440760710161
ON,0.3,0.4,5.0,10,166.0,0.1079418,0.0005074796153541535
ON,0.3,0.4,5.0,10,166.16666666666666,0.10799429999999999,0.00041004244902205
ON,0.3,0.4,5.0,10,166.33333333333334,0.1080208,0.0006649599687199229
ON,0.3,0.4,5.0,10,166.5,0.10803979999999999,0.0007303064836080799
ON,0.3,0.4,5.0,10,166.66666666666666,0.1079826,0.000884095379469886
ON,0.3,0.4,5.0,10,166.83333333333334,0.1078962,0.000799974724600721
ON,0.3,0.4,5.0,10,167.0,0.1078749,0.0008400325529406578
ON,0.3,0.4,5.0,10,167.16666666666666,0.10774450000000002,0.0006501857042414893
ON,0.3,0.4,5.0,10,167.33333333333334,0.1078363,0.0006080498417070762
ON,0.3,0.4,5.0,10,167.5,0.10781610000000001,0.0004230272922637484
ON,0.3,0.4,5.0,10,167.66666666666666,0.1077358,0.00044864435803874795
ON,0.3,0.4,5.0,10,167.83333333333334,0.10764389999999999,0.0004331822826478489
ON,0.3,0.4,5.0,10,168.0,0.10772079999999999,0.0004255741533505051
ON,0.3,0.4,5.0,10,168.16666666666666,0.10773269999999999,0.0005913043294277485
ON,0.3,0.4,5.0,10,168.33333333333334,0.10776440000000001,0.0004513856887407938
ON,0.3,0.4,5.0,10,168.5,0.10768219999999999,0.00038607558845386923
ON,0.3,0.4,5.0,10,168.66666666666666,0.10764389999999999,0.00032784522262799715
ON,0.3,0.4,5.0,10,168.83333333333334,0.10766529999999999,0.0003359491181711909
ON,0.3,0.4,5.0,10,169.0,0.1076357,0.00048397562955173826
ON,0.3,0.4,5.0,10,169.16666666666666,0.1076282,0.000428868464683519
ON,0.3,0.4,5.0,10,169.33333333333334,0.10772200000000001,0.0005785028954119432
ON,0.3,0.4,5.0,10,169.5,0.10782330000000002,0.000519631609893008
ON,0.3,0.4,5.0,10,169.66666666666666,0.10775939999999999,0.0004389080085849424
ON,0.3,0.4,5.0,10,169.83333333333334,0.1077444,0.0005092200310278447
ON,0.3,0.4,5.0,10,170.0,0.1077541,0.0004503017765898785
ON,0.3,0.4,5.0,10,170.16666666666666,0.10785800000000001,0.00042648118364120076
ON,0.3,0.4,5.0,10,170.33333333333334,0.10766119999999998,0.00040178222957219106
ON,0.3,0.4,5.0,10,170.5,0.10761899999999999,0.0003990694175203091
ON,0.3,0.4,5.0,10,170.66666666666666,0.10778080000000001,0.00028186443550047276
ON,0.3,0.4,5.0,10,170.83333333333334,0.10783689999999999,0.00035950728782599146
ON,0.3,0.4,5.0,10,171.0,0.10800210000000002,0.00034810068945636885
ON,0.3,0.4,5.0,10,171.16666666666666,0.10814919999999999,0.00041964384899578967
ON,0.3,0.4,5.0,10,171.33333333333334,0.10806560000000001,0.0005008431291332643
ON,0.3,0.4,5.0,10,171.5,0.10781589999999999,0.0005519484486797649
ON,0.3,0.4,5.0,10,171.66666666666666,0.1077311,0.0007299869108415561
ON,0.3,0.4,5.0,10,171.83333333333334,0.10774560000000002,0.0007304168946567437
ON,0.3,0.4,5.0,10,172.0,0.10780490000000001,0.0007818840642959819
ON,0.3,0.4,5.0,10,172.16666666666666,0.1079078,0.0006736675441195003
ON,0.3,0.4,5.0,10,172.33333333333334,0.1078301,0.0005889579696379045
ON,0.3,0.4,5.0,10,172.5,0.10778309999999998,0.0004626159206080151
ON,0.3,0.4,5.0,10,172.66666666666666,0.10765529999999998,0.000296904378546361
ON,0.3,0.4,5.0,10,172.83333333333334,0.10770090000000002,0.00023301993476953592
ON,0.3,0.4,5.0,10,173.0,0.10765659999999999,0.00034632071840997317
ON,0.3,0.4,5.0,10,173.16666666666666,0.1077429,0.00042626199689862137
ON,0.3,0.4,5.0,10,173.33333333333334,0.1078737,0.0005044624961283044
ON,0.3,0.4,5.0,10,173.5,0.10787240000000001,0.0005097817572255819
ON,0.3,0.4,5.0,10,173.66666666666666,0.1079291,0.0005102900057810254
ON,0.3,0.4,5.0,10,173.83333333333334,0.10794200000000001,0.0006041023092159162
ON,0.3,0.4,5.0,10,174.0,0.1078642,0.0005455695739316835
ON,0.3,0.4,5.0,10,174.16666666666666,0.1078562,0.0007382172850861736
ON,0.3,0.4,5.0,10,174.33333333333334,0.1078279,0.0008680639895768039
ON,0.3,0.4,5.0,10,174.5,0.10778720000000001,0.0009352378093297964
ON,0.3,0.4,5.0,10,174.66666666666666,0.10769930000000001,0.0008426523660442692
ON,0.3,0.4,5.0,10,174.83333333333334,0.10758540000000001,0.0008311617411791738
ON,0.3,0.4,5.0,10,175.0,0.10754300000000001,0.0005684711074452249
ON,0.3,0.4,5.0,10,175.16666666666666,0.10770729999999999,0.0005073874357924145
ON,0.3,0.4,5.0,10,175.33333333333334,0.10785919999999997,0.0003554084410927796
ON,0.3,0.4,5.0,10,175.5,0.10787550000000001,0.00025888926204074354
ON,0.3,0.4,5.0,10,175.66666666666666,0.10792110000000002,0.0002985821327541213
ON,0.3,0.4,5.0,10,175.83333333333334,0.1079447,0.0003380577021752367
ON,0.3,0.4,5.0,10,176.0,0.1080403,0.0002644946313254784
ON,0.3,0.4,5.0,10,176.16666666666666,0.1080499,0.00038122865841906266
ON,0.3,0.4,5.0,10,176.33333333333334,0.1079741,0.0003734395399525873
ON,0.3,0.4,5.0,10,176.5,0.1080678,0.00039664639163869826
ON,0.3,0.4,5.0,10,176.66666666666666,0.10804149999999998,0.0004487487604439699
ON,0.3,0.4,5.0,10,176.83333333333334,0.1080743,0.0004349993218385516
ON,0.3,0.4,5.0,10,177.0,0.10805260000000001,0.00044422521315206845
ON,0.3,0.4,5.0,10,177.16666666666666,0.10796860000000001,0.0004463429623058935
ON,0.3,0.4,5.0,10,177.33333333333334,0.1080101,0.0003927684941539997
ON,0.3,0.4,5.0,10,177.5,0.107911,0.000333597362099884
ON,0.3,0.4,5.0,10,177.66666666666666,0.1077882,0.0005184912342557036
ON,0.3,0.4,5.0,10,177.83333333333334,0.10795669999999999,0.000630368630247415
ON,0.3,0.4,5.0,10,178.0,0.10805640000000001,0.0006949912517435028
ON,0.3,0.4,5.0,10,178.16666666666666,0.1078152,0.00047758953087353344
ON,0.3,0.4,5.0,10,178.33333333333334,0.10789470000000001,0.00036878070719602475
ON,0.3,0.4,5.0,10,178.5,0.10788539999999999,0.0003870165887917456
ON,0.3,0.4,5.0,10,178.66666666666666,0.10807009999999999,0.0002710411223412422
ON,0.3,0.4,5.0,10,178.83333333333334,0.10803480000000001,0.00029607728720724047
ON,0.3,0.4,5.0,10,179.0,0.1082538,0.00031563421867725346
ON,0.3,0.4,5.0,10,179.16666666666666,0.10815,0.0002701036837956854
ON,0.3,0.4,5.0,10,179.33333333333334,0.10806500000000001,0.00032987967503318304
ON,0.3,0.4,5.0,10,179.5,0.10807770000000001,0.0004288449719887149
ON,0.3,0.4,5.0,10,179.66666666666666,0.1080981,0.00022518723320827917
ON,0.3,0.4,5.0,10,179.83333333333334,0.1081599,0.00048633680716145885
ON,0.3,0.4,5.0,10,180.0,0.1083878,0.00038966544624844204
ON,0.3,0.4,5.0,10,180.16666666666666,0.10842639999999999,0.00022876765505639224
ON,0.3,0.4,5.0,10,180.33333333333334,0.1084359,0.0003242355470950106
ON,0.3,0.4,5.0,10,180.5,0.1083113,0.0004757499448239563
ON,0.3,0.4,5.0,10,180.66666666666666,0.10824010000000002,0.0004846044675815542
ON,0.3,0.4,5.0,10,180.83333333333334,0.10821689999999999,0.0004794510298247341
ON,0.3,0.4,5.0,10,181.0,0.1080673,0.000488707693821165
ON,0.3,0.4,5.0,10,181.16666666666666,0.10798490000000001,0.00036660181396168905
ON,0.3,0.4,5.0,10,181.33333333333334,0.10799320000000001,0.0004480657987394245
ON,0.3,0.4,5.0,10,181.5,0.1079173,0.0004292097505882166
ON,0.3,0.4,5.0,10,181.66666666666666,0.10794509999999999,0.00034559526906484254
ON,0.3,0.4,5.0,10,181.83333333333334,0.10779259999999999,0.0004089966259029539
ON,0.3,0.4,5.0,10,182.0,0.1078607,0.00038342771157025306
ON,0.3,0.4,5.0,10,182.16666666666666,0.107986,0.00029298839567464013
ON,0.3,0.4,5.0,10,182.33333333333334,0.1080368,0.00042631392189324403
ON,0.3,0.4,5.0,10,182.5,0.10803150000000002,0.00047181675468342573
ON,0.3,0.4,5.0,10,182.66666666666666,0.10801970000000001,0.0005414630273619794
ON,0.3,0.4,5.0,10,182.83333333333334,0.108066,0.0004808717084628731
ON,0.3,0.4,5.0,10,183.0,0.10822000000000001,0.0003345689764458134
ON,0.3,0.4,5.0,10,183.16666666666666,0.10829659999999999,0.0005080779861399219
ON,0.3,0.4,5.0,10,183.33333333333334,0.10824059999999999,0.0007013790986335421
ON,0.3,0.4,5.0,10,183.5,0.10824439999999999,0.0007881481079086612
ON,0.3,0.4,5.0,10,183.66666666666666,0.1082001,0.0007450969668439128
ON,0.3,0.4,5.0,10,183.83333333333334,0.10809629999999999,0.0007126944717057929
ON,0.3,0.4,5.0,10,184.0,0.10800589999999999,0.0007312492666663011
ON,0.3,0.4,5.0,10,184.16666666666666,0.10799790000000001,0.000534411910421168
ON,0.3,0.4,5.0,10,184.33333333333334,0.10821840000000002,0.0005545306483865411
ON,0.3,0.4,5.0,10,184.5,0.1080975,0.0006489741520276445
ON,0.3,0.4,5.0,10,184.66666666666666,0.10803789999999999,0.000775832514142067
ON,0.3,0.4,5.0,10,184.83333333333334,0.1080679,0.0006329108073022619
ON,0.3,0.4,5.0,10,185.0,0.10800450000000002,0.0007918745165744367
ON,0.3,0.4,5.0,10,185.16666666666666,0.1079642,0.0008090288993602118
ON,0.3,0.4,5.0,10,185.33333333333334,0.10801390000000002,0.0007713915283434221
ON,0.3,0.4,5.0,10,185.5,0.10811299999999999,0.0006599954545298031
ON,0.3,0.4,5.0,10,185.66666666666666,0.10825619999999998,0.0005715856541236852
ON,0.3,0.4,5.0,10,185.83333333333334,0.10832,0.0005276358592817582
ON,0.3,0.4,5.0,10,186.0,0.1081874,0.0005941968024148228
ON,0.3,0.4,5.0,10,186.16666666666666,0.1080643,0.0007092176041244335
ON,0.3,0.4,5.0,10,186.33333333333334,0.1080014,0.0008300164094763412
ON,0.3,0.4,5.0,10,186.5,0.1080598,0.0006807088658156306
ON,0.3,0.4,5.0,10,186.66666666666666,0.108145,0.0005312707407715974
ON,0.3,0.4,5.0,10,186.83333333333334,0.1080846,0.0005324098421329191
ON,0.3,0.4,5.0,10,187.0,0.10810060000000002,0.000616519780704561
ON,0.3,0.4,5.0,10,187.16666666666666,0.10805100000000001,0.0006818785815671282
ON,0.3,0.4,5.0,10,187.33333333333334,0.1079111,0.0006795764048287732
ON,0.3,0.4,5.0,10,187.5,0.10802880000000001,0.0008625245271874861
ON,0.3,0.4,5.0,10,187.66666666666666,0.1080541,0.000799256210485725
ON,0.3,0.4,5.0,10,187.83333333333334,0.10807560000000001,0.0006978997349189916
ON,0.3,0.4,5.0,10,188.0,0.10787329999999999,0.0006385485181252867
ON,0.3,0.4,5.0,10,188.16666666666666,0.10782349999999999,0.0006711427940460942
ON,0.3,0.4,5.0,10,188.33333333333334,0.1077272,0.0007726682082239438
ON,0.3,0.4,5.0,10,188.5,0.10781700000000001,0.0005994023690310197
ON,0.3,0.4,5.0,10,188.66666666666666,0.10777350000000001,0.000553405321622408
ON,0.3,0.4,5.0,10,188.83333333333334,0.10770949999999999,0.000570907566949327
ON,0.3,0.4,5.0,10,189.0,0.10773450000000002,0.0006492791772419622
ON,0.3,0.4,5.0,10,189.16666666666666,0.1077193,0.0006635893383712537
ON,0.3,0.4,5.0,10,189.33333333333334,0.1078805,0.0006150091462734503
ON,0.3,0.4,5.0,10,189.5,0.1078225,0.0005610859559817908
ON,0.3,0.4,5.0,10,189.66666666666666,0.10764880000000002,0.000706419676962637
ON,0.3,0.4,5.0,10,189.83333333333334,0.1075847,0.0008015941678929567
ON,0.3,0.4,5.0,10,190.0,0.10751630000000001,0.0008975007576598472
ON,0.3,0.4,5.0,10,190.16666666666666,0.10749139999999997,0.0009051843127231051
ON,0.3,0.4,5.0,10,190.33333333333334,0.107751,0.0008268221090416004
ON,0.3,0.4,5.0,10,190.5,0.10779189999999998,0.0006686947659433276
ON,0.3,0.4,5.0,10,190.66666666666666,0.1078924,0.0006088210246041099
ON,0.3,0.4,5.0,10,190.83333333333334,0.1079272,0.0007614193062958138
ON,0.3,0.4,5.0,10,191.0,0.107928,0.0006647088084266638
ON,0.3,0.4,5.0,10,191.16666666666666,0.1080942,0.0007031695101467351
ON,0.3,0.4,5.0,10,191.33333333333334,0.10808960000000001,0.0006425491732155614
ON,0.3,0.4,5.0,10,191.5,0.1080846,0.0005702506817181351
ON,0.3,0.4,5.0,10,191.66666666666666,0.1079817,0.0005857603690930299
ON,0.3,0.4,5.0,10,191.83333333333334,0.1080047,0.0008094973810952081
ON,0.3,0.4,5.0,10,191.99833333333333,0.1078546,0.0007134892010395134
ON,0.3,0.4,5.0,10,192.0,0.10785149999999999,0.0007049364865007345
OFF,0.5,0.6,1.0,10,0.0,0.09957505,0.0003250554268121059
OFF,0.5,0.6,1.0,10,0.16666666666666666,0.09902724,0.00045954819594902035
OFF,0.5,0.6,1.0,10,0.3333333333333333,0.09983224999999998,0.0006663957836751367
OFF,0.5,0.6,1.0,10,0.5,0.10066622,0.0008546954858895666
OFF,0.5,0.6,1.0,10,0.6666666666666666,0.10132864,0.0009772449060496571
OFF,0.5,0.6,1.0,10,0.8333333333333334,0.1018959,0.0010548921698448615
OFF,0.5,0.6,1.0,10,1.0,0.10231889999999999,0.00106622440883709
OFF,0.5,0.6,1.0,10,1.1666666666666667,0.10272569999999999,0.001160290054253677
OFF,0.5,0.6,1.0,10,1.3333333333333333,0.10311079999999999,0.0012154600610468456
OFF,0.5,0.6,1.0,10,1.5,0.1034548,0.0012645717694144529
OFF,0.5,0.6,1.0,10,1.6666666666666667,0.10381529999999999,0.001263452891880025
OFF,0.5,0.6,1.0,10,1.8333333333333333,0.10413159999999999,0.001296849736862372
OFF,0.5,0.6,1.0,10,2.0,0.10445389999999999,0.0012958829769697566
OFF,0.5,0.6,1.0,10,2.1666666666666665,0.10477709999999998,0.0013046102444791705
OFF,0.5,0.6,1.0,10,2.3333333333333335,0.10507090000000001,0.0012999161857596806
OFF,0.5,0.6,1.0,10,2.5,0.1053859,0.0013096253242817202
OFF,0.5,0.6,1.0,10,2.6666666666666665,0.105684,0.0013533042525611147
OFF,0.5,0.6,1.0,10,2.8333333333333335,0.1060268,0.0013691587782284412
OFF,0.5,0.6,1.0,10,3.0,0.1063009,0.001367051165831038
OFF,0.5,0.6,1.0,10,3.1666666666666665,0.1065922,0.0013741670058620955
OFF,0.5,0.6,1.0,10,3.3333333333333335,0.10683410000000002,0.0013946665156947026
OFF,0.5,0.6,1.0,10,3.5,0.10709379999999999,0.0013879439325851762
OFF,0.5,0.6,1.0,10,3.6666666666666665,0.10736799999999999,0.0014000497848290978
OFF,0.5,0.6,1.0,10,3.8333333333333335,0.10761070000000002,0.001379327810928207
OFF,0.5,0.6,1.0,10,4.0,0.1078514,0.0013739960116390451
OFF,0.5,0.6,1.0,10,4.166666666666667,0.1081079,0.001406907420550477
OFF,0.5,0.6,1.0,10,4.333333333333333,0.1083269,0.001423944763675896
OFF,0.5,0.6,1.0,10,4.5,0.10856080000000001,0.0014348104265024004
OFF,0.5,0.6,1.0,10,4.666666666666667,0.1087871,0.0013995604631454818
OFF,0.5,0.6,1.0,10,4.833333333333333,0.10900380000000001,0.0013741741374367353
OFF,0.5,0.6,1.0,10,5.0,0.10923170000000001,0.0014135722160540662
OFF,0.5,0.6,1.0,10,5.166666666666667,0.1094595,0.0013934565834643018
OFF,0.5,0.6,1.0,10,5.333333333333333,0.1096379,0.0013982350624984327
OFF,0.5,0.6,1.0,10,5.5,0.10982460000000001,0.0014138212192494493
OFF,0.5,0.6,1.0,10,5.666666666666667,0.10997899999999998,0.0014012766322179212
OFF,0.5,0.6,1.0,10,5.833333333333333,0.1101844,0.0014304179249436141
OFF,0.5,0.6,1.0,10,6.0,0.1103451,0.00143184101421911
OFF,0.5,0.6,1.0,10,6.166666666666667,0.11051950000000002,0.0014094286253656118
OFF,0.5,0.6,1.0,10,6.333333333333333,0.11074169999999998,0.0014144360749075964
OFF,0.5,0.6,1.0,10,6.5,0.11092680000000002,0.0013939354217466448
OFF,0.5,0.6,1.0,10,6.666666666666667,0.1110951,0.0013932987798745819
OFF,0.5,0.6,1.0,10,6.833333333333333,0.11127690000000001,0.001430470863037763
OFF,0.5,0.6,1.0,10,7.0,0.11145540000000002,0.0014318169017021685
OFF,0.5,0.6,1.0,10,7.166666666666667,0.11161030000000001,0.0014483902133057955
OFF,0.5,0.6,1.0,10,7.333333333333333,0.11175869999999999,0.0014702169941882724
OFF,0.5,0.6,1.0,10,7.5,0.11189420000000001,0.0014393698482322052
OFF,0.5,0.6,1.0,10,7.666666666666667,0.11205800000000002,0.001467888687877932
OFF,0.5,0.6,1.0,10,7.833333333333333,0.11219889999999999,0.0014511306936316947
OFF,0.5,0.6,1.0,10,8.0,0.1123445,0.001427749015058318
OFF,0.5,0.6,1.0,10,8.166666666666666,0.11247639999999999,0.001418057065142303
OFF,0.5,0.6,1.0,10,8.333333333333334,0.11260839999999998,0.001416093866945267
OFF,0.5,0.6,1.0,10,8.5,0.11274359999999999,0.001417898176880131
OFF,0.5,0.6,1.0,10,8.666666666666666,0.1128898,0.0014183402130659626
OFF,0.5,0.6,1.0,10,8.833333333333334,0.11300829999999999,0.0014164212685497193
OFF,0.5,0.6,1.0,10,9.0,0.11316200000000001,0.0014363599827341323
OFF,0.5,0.6,1.0,10,9.166666666666666,0.1132522,0.0014332749771066252
OFF,0.5,0.6,1.0,10,9.333333333333334,0.11339359999999998,0.0014531931186184462
OFF,0.5,0.6,1.0,10,9.5,0.11353350000000002,0.001459051626913866
OFF,0.5,0.6,1.0,10,9.666666666666666,0.11365430000000003,0.0014721097139819422
OFF,0.5,0.6,1.0,10,9.833333333333334,0.1137697,0.001461791712249046
OFF,0.5,0.6,1.0,10,10.0,0.1139027,0.0014615804493766306
OFF,0.5,0.6,1.0,10,10.166666666666666,0.11400980000000001,0.0014770309949354483
OFF,0.5,0.6,1.0,10,10.333333333333334,0.114123,0.0014822487645466266
OFF,0.5,0.6,1.0,10,10.5,0.11422459999999998,0.0014959550929088748
OFF,0.5,0.6,1.0,10,10.666666666666666,0.1143596,0.001485626413335465
OFF,0.5,0.6,1.0,10,10.833333333333334,0.1144612,0.0014947056432622462
OFF,0.5,0.6,1.0,10,11.0,0.11457240000000002,0.0015040889734320895
OFF,0.5,0.6,1.0,10,11.166666666666666,0.11466380000000001,0.0015215841613266117
OFF,0.5,0.6,1.0,10,11.333333333333334,0.1147688,0.0015175481409167892
OFF,0.5,0.6,1.0,10,11.5,0.1148666,0.0015322794914766704
OFF,0.5,0.6,1.0,10,11.666666666666666,0.11496569999999999,0.001545893725325258
OFF,0.5,0.6,1.0,10,11.833333333333334,0.1150582,0.0015541554491105458
OFF,0.5,0.6,1.0,10,12.0,0.1151283,0.0015630812550856109
OFF,0.5,0.6,1.0,10,12.166666666666666,0.11524010000000003,0.0015652857534648415
OFF,0.5,0.6,1.0,10,12.333333333333334,0.11533249999999999,0.0015829663451886772
OFF,0.5,0.6,1.0,10,12.5,0.11542199999999998,0.0015649946325786551
OFF,0.5,0.6,1.0,10,12.666666666666666,0.11552599999999999,0.0015745704176060218
OFF,0.5,0.6,1.0,10,12.833333333333334,0.1156152,0.0015603432827426143
OFF,0.5,0.6,1.0,10,13.0,0.11568649999999998,0.0015561852235514901
OFF,0.5,0.6,1.0,10,13.166666666666666,0.11577509999999999,0.0015524864218407835
OFF,0.5,0.6,1.0,10,13.333333333333334,0.1158334,0.0015338760184578151
OFF,0.5,0.6,1.0,10,13.5,0.1159324,0.0015432314926802156
OFF,0.5,0.6,1.0,10,13.666666666666666,0.11601570000000001,0.0015301535249771512
OFF,0.5,0.6,1.0,10,13.833333333333334,0.11610319999999999,0.0015455041766362185
OFF,0.5,0.6,1.0,10,14.0,0.11617229999999998,0.0015493633563499552
OFF,0.5,0.6,1.0,10,14.166666666666666,0.11626270000000001,0.0015273093367094961
OFF,0.5,0.6,1.0,10,14.333333333333334,0.11635590000000003,0.0015210526256510658
OFF,0.5,0.6,1.0,10,14.5,0.1164123,0.0015185701860631925
OFF,0.5,0.6,1.0,10,14.666666666666666,0.11647779999999999,0.0015292362668992648
OFF,0.5,0.6,1.0,10,14.833333333333334,0.1165633,0.001509160233374837
OFF,0.5,0.6,1.0,10,15.0,0.11663559999999999,0.0015174296161601726
OFF,0.5,0.6,1.0,10,15.166666666666666,0.11670399999999999,0.001497893454154866
OFF,0.5,0.6,1.0,10,15.333333333333334,0.1167578,0.0015059086160853197
OFF,0.5,0.6,1.0,10,15.5,0.1168178,0.00149766523629281
OFF,0.5,0.6,1.0,10,15.666666666666666,0.1169041,0.0014939561874432617
OFF,0.5,0.6,1.0,10,15.833333333333334,0.11697680000000002,0.0014969106720175403
OFF,0.5,0.6,1.0,10,16.0,0.11705219999999998,0.001509628682822368
OFF,0.5,0.6,1.0,10,16.166666666666668,0.1171162,0.0015085753411745815
OFF,0.5,0.6,1.0,10,16.333333333333332,0.1171925,0.0015286361404860224
OFF,0.5,0.6,1.0,10,16.5,0.1172597,0.0015200428316333714
OFF,0.5,0.6,1.0,10,16.666666666666668,0.11731779999999999,0.0015227563692199741
OFF,0.5,0.6,1.0,10,16.833333333333332,0.11736470000000002,0.0015313509101443732
OFF,0.5,0.6,1.0,10,17.0,0.1174261,0.0015231177531628995
OFF,0.5,0.6,1.0,10,17.166666666666668,0.11747880000000002,0.0015069790177703202
OFF,0.5,0.6,1.0,10,17.333333333333332,0.11754339999999999,0.0015162525647134115
OFF,0.5,0.6,1.0,10,17.5,0.11758529999999998,0.0015331390054394935
OFF,0.5,0.6,1.0,10,17.666666666666668,0.1176213,0.001534713787649021
OFF,0.5,0.6,1.0,10,17.833333333333332,0.11767920000000001,0.001521337621962988
OFF,0.5,0.6,1.0,10,18.0,0.11775550000000001,0.001522394249200908
OFF,0.5,0.6,1.0,10,18.166666666666668,0.11780019999999998,0.0015154315424987033
OFF,0.5,0.6,1.0,10,18.333333333333332,0.11784889999999999,0.0015035509602271545
OFF,0.5,0.6,1.0,10,18.5,0.11791979999999999,0.0015221239634142815
OFF,0.5,0.6,1.0,10,18.666666666666668,0.1179748,0.001537169788930292
OFF,0.5,0.6,1.0,10,18.833333333333332,0.11799889999999999,0.0015219000919902705
OFF,0.5,0.6,1.0,10,19.0,0.1180353,0.0015071122088285253
OFF,0.5,0.6,1.0,10,19.166666666666668,0.1180895,0.0015059586481706573
OFF,0.5,0.6,1.0,10,19.333333333333332,0.1181416,0.0014730973627021396
OFF,0.5,0.6,1.0,10,19.5,0.11817030000000002,0.0014752633019227473
OFF,0.5,0.6,1.0,10,19.666666666666668,0.1182251,0.001488755013425647
OFF,0.5,0.6,1.0,10,19.833333333333332,0.1182725,0.0014645446561986446
OFF,0.5,0.6,1.0,10,20.0,0.1183175,0.0014637944015468852
OFF,0.5,0.6,1.0,10,20.166666666666668,0.11837740000000001,0.0014772051448597126
OFF,0.5,0.6,1.0,10,20.333333333333332,0.1184469,0.0014794487791065976
OFF,0.5,0.6,1.0,10,20.5,0.11851629999999999,0.0014661660922282993
OFF,0.5,0.6,1.0,10,20.666666666666668,0.11855659999999998,0.0014459067881436875
OFF,0.5,0.6,1.0,10,20.833333333333332,0.11861929999999998,0.0014467903130723552
OFF,0.5,0.6,1.0,10,21.0,0.11867889999999999,0.0014340390824520788
OFF,0.5,0.6,1.0,10,21.166666666666668,0.1187103,0.0014297024200860809
OFF,0.5,0.6,1.0,10,21.333333333333332,0.11875469999999999,0.0014245828898312655
OFF,0.5,0.6,1.0,10,21.5,0.11881219999999999,0.0014426521964770304
OFF,0.5,0.6,1.0,10,21.666666666666668,0.118851,0.0014250647002855697
OFF,0.5,0.6,1.0,10,21.833333333333332,0.1189182,0.00142348114142759
OFF,0.5,0.6,1.0,10,22.0,0.1189843,0.0014482196000607094
OFF,0.5,0.6,1.0,10,22.166666666666668,0.11903739999999999,0.001456529107158522
OFF,0.5,0.6,1.0,10,22.333333333333332,0.11906999999999998,0.0014468404887892784
OFF,0.5,0.6,1.0,10,22.5,0.11912110000000001,0.0014456270923028532
OFF,0.5,0.6,1.0,10,22.666666666666668,0.11914910000000001,0.0014501404380266075
OFF,0.5,0.6,1.0,10,22.833333333333332,0.11920829999999998,0.0014572414384720186
OFF,0.5,0.6,1.0,10,23.0,0.1192657,0.0014556048948804767
OFF,0.5,0.6,1.0,10,23.166666666666668,0.1192924,0.0014614732429983116
OFF,0.5,0.6,1.0,10,23.333333333333332,0.1193389,0.0014574580920218598
OFF,0.5,0.6,1.0,10,23.5,0.11937149999999999,0.0014581247031718507
OFF,0.5,0.6,1.0,10,23.666666666666668,0.11940359999999998,0.0014525337311057525
OFF,0.5,0.6,1.0,10,23.833333333333332,0.1194333,0.0014538689796539444
OFF,0.5,0.6,1.0,10,24.0,0.11946760000000001,0.0014587695637077144
OFF,0.5,0.6,1.0,10,24.166666666666668,0.11951940000000001,0.0014783631624198435
OFF,0.5,0.6,1.0,10,24.333333333333332,0.1195589,0.001474014887984513
OFF,0.5,0.6,1.0,10,24.5,0.11960359999999999,0.0014807032923580606
OFF,0.5,0.6,1.0,10,24.666666666666668,0.1196161,0.0015019949034534028
OFF,0.5,0.6,1.0,10,24.833333333333332,0.11964479999999997,0.0014900639449365934
OFF,0.5,0.6,1.0,10,25.0,0.1196731,0.0014970521333607589
OFF,0.5,0.6,1.0,10,25.166666666666668,0.1196844,0.0014997828642840253
OFF,0.5,0.6,1.0,10,25.333333333333332,0.1197262,0.0014881172534447673
OFF,0.5,0.6,1.0,10,25.5,0.11977960000000001,0.0014873555190336955
OFF,0.5,0.6,1.0,10,25.666666666666668,0.11981870000000001,0.0015059616230170016
OFF,0.5,0.6,1.0,10,25.833333333333332,0.11984120000000001,0.0014929253698695065
OFF,0.5,0.6,1.0,10,26.0,0.11989069999999999,0.0015060035225722434
OFF,0.5,0.6,1.0,10,26.166666666666668,0.11994789999999997,0.0015039727025448293
OFF,0.5,0.6,1.0,10,26.333333333333332,0.11998189999999997,0.0014958458777561295
OFF,0.5,0.6,1.0,10,26.5,0.12002090000000001,0.001479373952048638
OFF,0.5,0.6,1.0,10,26.666666666666668,0.12004130000000002,0.0014940611132078895
OFF,0.5,0.6,1.0,10,26.833333333333332,0.12006170000000001,0.0014966957640081707
OFF,0.5,0.6,1.0,10,27.0,0.1200805,0.0014818275371985782
OFF,0.5,0.6,1.0,10,27.166666666666668,0.1201146,0.0014599461770901016
OFF,0.5,0.6,1.0,10,27.333333333333332,0.12015939999999999,0.0014637887279249022
OFF,0.5,0.6,1.0,10,27.5,0.1201766,0.0014612154666578104
OFF,0.5,0.6,1.0,10,27.666666666666668,0.12022530000000001,0.0014339005579188575
OFF,0.5,0.6,1.0,10,27.833333333333332,0.1202488,0.001438854878019323
OFF,0.5,0.6,1.0,10,28.0,0.1202656,0.0014323392894143461
OFF,0.5,0.6,1.0,10,28.166666666666668,0.1202995,0.0014275084062799778
OFF,0.5,0.6,1.0,10,28.333333333333332,0.1203312,0.0014196440258036514
OFF,0.5,0.6,1.0,10,28.5,0.120376,0.0014181814411421405
OFF,0.5,0.6,1.0,10,28.666666666666668,0.1203935,0.0014147525048572981
OFF,0.5,0.6,1.0,10,28.833333333333332,0.12040959999999998,0.0014070358346538316
OFF,0.5,0.6,1.0,10,29.0,0.12043319999999999,0.0014159107175242376
OFF,0.5,0.6,1.0,10,29.166666666666668,0.12048210000000001,0.0014129934500909768
OFF,0.5,0.6,1.0,10,29.333333333333332,0.12052080000000001,0.0014238759636990876
OFF,0.5,0.6,1.0,10,29.5,0.1205375,0.0014403044990556678
OFF,0.5,0.6,1.0,10,29.666666666666668,0.12056199999999999,0.0014561846723544387
OFF,0.5,0.6,1.0,10,29.833333333333332,0.1205889,0.001454739045327373
OFF,0.5,0.6,1.0,10,30.0,0.12061490000000001,0.0014597941258958401
OFF,0.5,0.6,1.0,10,30.166666666666668,0.1206469,0.0014709149159621705
OFF,0.5,0.6,1.0,10,30.333333333333332,0.12067759999999998,0.0014739164969563225
OFF,0.5,0.6,1.0,10,30.5,0.1206866,0.0014718790847077093
OFF,0.5,0.6,1.0,10,30.666666666666668,0.1206931,0.0014758010333374883
OFF,0.5,0.6,1.0,10,30.833333333333332,0.120721,0.0014683938163857807
OFF,0.5,0.6,1.0,10,31.0,0.12073299999999998,0.001471007545867798
OFF,0.5,0.6,1.0,10,31.166666666666668,0.12076119999999997,0.0014816629036322646
OFF,0.5,0.6,1.0,10,31.333333333333332,0.12078379999999997,0.0015022603502722156
OFF,0.5,0.6,1.0,10,31.5,0.12079579999999998,0.001515898004484472
OFF,0.5,0.6,1.0,10,31.666666666666668,0.1207875,0.001521779698248072
OFF,0.5,0.6,1.0,10,31.833333333333332,0.1208056,0.0015249619142785145
OFF,0.5,0.6,1.0,10,32.0,0.1208262,0.0015323548414123936
OFF,0.5,0.6,1.0,10,32.166666666666664,0.1208503,0.0015363098678326593
OFF,0.5,0.6,1.0,10,32.333333333333336,0.120862,0.001533493853916604
OFF,0.5,0.6,1.0,10,32.5,0.12086559999999999,0.0015292939024268688
OFF,0.5,0.6,1.0,10,32.666666666666664,0.12089799999999999,0.0015307040863602609
OFF,0.5,0.6,1.0,10,32.833333333333336,0.12091360000000002,0.0015258308687400432
OFF,0.5,0.6,1.0,10,33.0,0.1209144,0.001518551296466471
OFF,0.5,0.6,1.0,10,33.166666666666664,0.12093930000000001,0.001521551514080283
OFF,0.5,0.6,1.0,10,33.333333333333336,0.1209742,0.0015257333187683895
OFF,0.5,0.6,1.0,10,33.5,0.1209981,0.0015157035627061117
OFF,0.5,0.6,1.0,10,33.666666666666664,0.12101760000000002,0.0015138841567306262
OFF,0.5,0.6,1.0,10,33.833333333333336,0.12103159999999999,0.0015144281561038132
OFF,0.5,0.6,1.0,10,34.0,0.121061,0.00153415859675589
OFF,0.5,0.6,1.0,10,34.166666666666664,0.1210987,0.0015359272801796291
OFF,0.5,0.6,1.0,10,34.333333333333336,0.1211132,0.001543920710399338
OFF,0.5,0.6,1.0,10,34.5,0.12113040000000001,0.0015547066089780413
OFF,0.5,0.6,1.0,10,34.666666666666664,0.1211606,0.0015501761964370375
OFF,0.5,0.6,1.0,10,34.833333333333336,0.1211809,0.0015380430065508584
OFF,0.5,0.6,1.0,10,35.0,0.12119659999999999,0.0015668834800328982
OFF,0.5,0.6,1.0,10,35.166666666666664,0.121228,0.0015754782765877785
OFF,0.5,0.6,1.0,10,35.333333333333336,0.12122979999999998,0.001594322727680943
OFF,0.5,0.6,1.0,10,35.5,0.12123980000000001,0.0016025205646106417
OFF,0.5,0.6,1.0,10,35.666666666666664,0.1212745,0.0016126554653738043
OFF,0.5,0.6,1.0,10,35.833333333333336,0.12129320000000002,0.001617425410954089
OFF,0.5,0.6,1.0,10,36.0,0.12129670000000001,0.0016105731309071316
OFF,0.5,0.6,1.0,10,36.166666666666664,0.12130740000000002,0.0016033012318338671
OFF,0.5,0.6,1.0,10,36.333333333333336,0.1213327,0.0016032944863623782
OFF,0.5,0.6,1.0,10,36.5,0.12134920000000002,0.0015832191130731085
OFF,0.5,0.6,1.0,10,36.666666666666664,0.12137119999999998,0.001579628298049891
OFF,0.5,0.6,1.0,10,36.833333333333336,0.1213827,0.0015876775522756493
OFF,0.5,0.6,1.0,10,37.0,0.12141729999999999,0.001586330674859436
OFF,0.5,0.6,1.0,10,37.166666666666664,0.12142889999999999,0.0015610514693628766
OFF,0.5,0.6,1.0,10,37.333333333333336,0.1214366,0.0015575292742032172
OFF,0.5,0.6,1.0,10,37.5,0.1214567,0.0015729362383771293
OFF,0.5,0.6,1.0,10,37.666666666666664,0.121458,0.0015863510330314638
OFF,0.5,0.6,1.0,10,37.833333333333336,0.12146459999999999,0.001585743245295403
OFF,0.5,0.6,1.0,10,38.0,0.12148479999999999,0.0015728660972886435
OFF,0.5,0.6,1.0,10,38.166666666666664,0.12150430000000001,0.001560636155546831
OFF,0.5,0.6,1.0,10,38.333333333333336,0.1215133,0.0015419750354658806
OFF,0.5,0.6,1.0,10,38.5,0.12151960000000002,0.0015386507205990586
OFF,0.5,0.6,1.0,10,38.666666666666664,0.1215287,0.001538303159328486
OFF,0.5,0.6,1.0,10,38.833333333333336,0.1215279,0.0015395746458031843
OFF,0.5,0.6,1.0,10,39.0,0.12154879999999998,0.0015383924596799091
OFF,0.5,0.6,1.0,10,39.166666666666664,0.1215645,0.0015496774664426132
OFF,0.5,0.6,1.0,10,39.333333333333336,0.12157069999999999,0.0015422796795652855
OFF,0.5,0.6,1.0,10,39.5,0.12161200000000001,0.0015454244724346766
OFF,0.5,0.6,1.0,10,39.666666666666664,0.12160180000000001,0.0015512685002925808
OFF,0.5,0.6,1.0,10,39.833333333333336,0.1216186,0.0015457768402974599
OFF,0.5,0.6,1.0,10,40.0,0.12162359999999998,0.0015269789258532658
OFF,0.5,0.6,1.0,10,40.166666666666664,0.12164470000000001,0.0015250205277306922
OFF,0.5,0.6,1.0,10,40.333333333333336,0.12164919999999999,0.0015183241287682954
OFF,0.5,0.6,1.0,10,40.5,0.12162979999999998,0.001510761384203342
OFF,0.5,0.6,1.0,10,40.666666666666664,0.12163379999999999,0.0014999061170619975
OFF,0.5,0.6,1.0,10,40.833333333333336,0.12164160000000002,0.0015236909922946974
OFF,0.5,0.6,1.0,10,41.0,0.12165300000000001,0.0015240711269491334
OFF,0.5,0.6,1.0,10,41.166666666666664,0.12165870000000001,0.001539771739577008
OFF,0.5,0.6,1.0,10,41.333333333333336,0.1216632,0.001541808276018778
OFF,0.5,0.6,1.0,10,41.5,0.12166139999999999,0.001528813670791833
OFF,0.5,0.6,1.0,10,41.666666666666664,0.12167779999999999,0.0015372660017056268
OFF,0.5,0.6,1.0,10,41.833333333333336,0.12169619999999999,0.0015335525292600827
OFF,0.5,0.6,1.0,10,42.0,0.12170650000000001,0.001544855737601411
OFF,0.5,0.6,1.0,10,42.166666666666664,0.1217271,0.0015478620384259069
OFF,0.5,0.6,1.0,10,42.333333333333336,0.1217463,0.0015469089856872617
OFF,0.5,0.6,1.0,10,42.5,0.1217675,0.00154523423790699
OFF,0.5,0.6,1.0,10,42.666666666666664,0.1217638,0.001548631382866818
OFF,0.5,0.6,1.0,10,42.833333333333336,0.12178850000000001,0.00153822282196046
OFF,0.5,0.6,1.0,10,43.0,0.12178370000000001,0.0015372464376280073
OFF,0.5,0.6,1.0,10,43.166666666666664,0.12179140000000002,0.001536034973560174
OFF,0.5,0.6,1.0,10,43.333333333333336,0.12180470000000002,0.0015483321381409116
OFF,0.5,0.6,1.0,10,43.5,0.12182230000000001,0.0015451788925558091
OFF,0.5,0.6,1.0,10,43.666666666666664,0.1218283,0.0015429266379189913
OFF,0.5,0.6,1.0,10,43.833333333333336,0.1218318,0.001548051213623115
OFF,0.5,0.6,1.0,10,44.0,0.12183790000000001,0.0015557966737334286
OFF,0.5,0.6,1.0,10,44.166666666666664,0.12185169999999998,0.0015398131087895033
OFF,0.5,0.6,1.0,10,44.333333333333336,0.1218683,0.0015466180556297667
OFF,0.5,0.6,1.0,10,44.5,0.12185830000000002,0.0015482566357035267
OFF,0.5,0.6,1.0,10,44.666666666666664,0.12187620000000002,0.001555388105907978
OFF,0.5,0.6,1.0,10,44.833333333333336,0.1218769,0.0015717439645183942
OFF,0.5,0.6,1.0,10,45.0,0.12186590000000001,0.0015580521461106519
OFF,0.5,0.6,1.0,10,45.166666666666664,0.1219038,0.001535841645483022
OFF,0.5,0.6,1.0,10,45.333333333333336,0.12190939999999999,0.001527866106699147
OFF,0.5,0.6,1.0,10,45.5,0.121909,0.001534587697070456
OFF,0.5,0.6,1.0,10,45.666666666666664,0.12192319999999998,0.0015279225634828512
OFF,0.5,0.6,1.0,10,45.833333333333336,0.12191939999999998,0.00150958465810964
OFF,0.5,0.6,1.0,10,46.0,0.1219415,0.0015061180730606754
OFF,0.5,0.6,1.0,10,46.166666666666664,0.1219491,0.0015012213327820813
OFF,0.5,0.6,1.0,10,46.333333333333336,0.12196449999999999,0.0015089265886715616
OFF,0.5,0.6,1.0,10,46.5,0.12197290000000001,0.001507569663398675
OFF,0.5,0.6,1.0,10,46.666666666666664,0.12199780000000002,0.0015183207039357668
OFF,0.5,0.6,1.0,10,46.833333333333336,0.1220189,0.0015219081739710843
OFF,0.5,0.6,1.0,10,47.0,0.12201790000000001,0.0015288429252215542
OFF,0.5,0.6,1.0,10,47.166666666666664,0.12203280000000001,0.0015237383502425842
OFF,0.5,0.6,1.0,10,47.333333333333336,0.12204560000000002,0.0015273223759246118
OFF,0.5,0.6,1.0,10,47.5,0.12205160000000001,0.0015324741563889415
OFF,0.5,0.6,1.0,10,47.666666666666664,0.12207150000000003,0.0015372543218348724
OFF,0.5,0.6,1.0,10,47.833333333333336,0.12209510000000001,0.0015300366956383774
OFF,0.5,0.6,1.0,10,48.0,0.1220821,0.0015349619180943855
OFF,0.5,0.6,1.0,10,48.166666666666664,0.12210200000000002,0.0015162830210748916
OFF,0.5,0.6,1.0,10,48.333333333333336,0.1220949,0.0015121385816121492
OFF,0.5,0.6,1.0,10,48.5,0.12209849999999997,0.0014969592679829357
OFF,0.5,0.6,1.0,10,48.666666666666664,0.1221169,0.0015043160871306281
OFF,0.5,0.6,1.0,10,48.833333333333336,0.12212619999999999,0.0014883889142290729
OFF,0.5,0.6,1.0,10,49.0,0.12215020000000001,0.0014777884016326573
OFF,0.5,0.6,1.0,10,49.166666666666664,0.1221689,0.0014767555958925657
OFF,0.5,0.6,1.0,10,49.333333333333336,0.12217390000000002,0.0014752793938776492
OFF,0.5,0.6,1.0,10,49.5,0.1222043,0.0014948462161707475
OFF,0.5,0.6,1.0,10,49.666666666666664,0.1222157,0.0015240419974528268
OFF,0.5,0.6,1.0,10,49.833333333333336,0.1222183,0.00151113163225445
OFF,0.5,0.6,1.0,10,50.0,0.12222549999999999,0.0015276781892794046
OFF,0.5,0.6,1.0,10,50.166666666666664,0.1222313,0.0015113334542714255
OFF,0.5,0.6,1.0,10,50.333333333333336,0.12224050000000002,0.0015140486286774263
OFF,0.5,0.6,1.0,10,50.5,0.1222753,0.001511158499297808
OFF,0.5,0.6,1.0,10,50.666666666666664,0.12228130000000001,0.0015138421350986385
OFF,0.5,0.6,1.0,10,50.833333333333336,0.1222882,0.001497935632796015
OFF,0.5,0.6,1.0,10,51.0,0.122286,0.0014909955734340723
OFF,0.5,0.6,1.0,10,51.166666666666664,0.12228930000000002,0.0015021691016659873
OFF,0.5,0.6,1.0,10,51.333333333333336,0.12228320000000001,0.0015156402475521712
OFF,0.5,0.6,1.0,10,51.5,0.12231420000000001,0.0015140330115291402
OFF,0.5,0.6,1.0,10,51.666666666666664,0.12231800000000001,0.0015248048399713313
OFF,0.5,0.6,1.0,10,51.833333333333336,0.1223033,0.0015386910053678733
OFF,0.5,0.6,1.0,10,52.0,0.1223014,0.0015613548731790595
OFF,0.5,0.6,1.0,10,52.166666666666664,0.12230349999999998,0.0015543324129670586
OFF,0.5,0.6,1.0,10,52.333333333333336,0.1223154,0.0015545708861290297
OFF,0.5,0.6,1.0,10,52.5,0.12233730000000001,0.001535983987546747
OFF,0.5,0.6,1.0,10,52.666666666666664,0.12234720000000002,0.0015192803427939174
OFF,0.5,0.6,1.0,10,52.833333333333336,0.12238190000000002,0.0015289240955652442
OFF,0.5,0.6,1.0,10,53.0,0.12238420000000001,0.0015570651110342177
OFF,0.5,0.6,1.0,10,53.166666666666664,0.1223872,0.0015470086489738847
OFF,0.5,0.6,1.0,10,53.333333333333336,0.12238610000000001,0.0015393101344433494
OFF,0.5,0.6,1.0,10,53.5,0.1224011,0.0015293132086005123
OFF,0.5,0.6,1.0,10,53.666666666666664,0.12241689999999998,0.0015411050223784225
OFF,0.5,0.6,1.0,10,53.833333333333336,0.12241949999999999,0.0015721428211202678
OFF,0.5,0.6,1.0,10,54.0,0.12243339999999998,0.001577818633430345
OFF,0.5,0.6,1.0,10,54.166666666666664,0.12244590000000002,0.0015592960879832923
OFF,0.5,0.6,1.0,10,54.333333333333336,0.12245570000000001,0.00155656558165726
OFF,0.5,0.6,1.0,10,54.5,0.12245970000000002,0.0015564951686401075
OFF,0.5,0.6,1.0,10,54.666666666666664,0.12245599999999998,0.0015548657819889147
OFF,0.5,0.6,1.0,10,54.833333333333336,0.12245189999999999,0.0015509846839991683
OFF,0.5,0.6,1.0,10,55.0,0.12244809999999999,0.0015394487617325886
OFF,0.5,0.6,1.0,10,55.166666666666664,0.12244760000000002,0.0015496747529723776
OFF,0.5,0.6,1.0,10,55.333333333333336,0.1224584,0.001549185734507004
OFF,0.5,0.6,1.0,10,55.5,0.1224634,0.0015293109690314793
OFF,0.5,0.6,1.0,10,55.666666666666664,0.1224783,0.0015203172728085405
OFF,0.5,0.6,1.0,10,55.833333333333336,0.1224912,0.0015335805032667838
OFF,0.5,0.6,1.0,10,56.0,0.12250760000000001,0.001512203174179977
OFF,0.5,0.6,1.0,10,56.166666666666664,0.1225202,0.001517926071981111
OFF,0.5,0.6,1.0,10,56.333333333333336,0.12252679999999998,0.0015113089558392756
OFF,0.5,0.6,1.0,10,56.5,0.1225285,0.0015056057418859682
OFF,0.5,0.6,1.0,10,56.666666666666664,0.12253599999999998,0.001513559182853449
OFF,0.5,0.6,1.0,10,56.833333333333336,0.12254360000000002,0.0015394548515627218
OFF,0.5,0.6,1.0,10,57.0,0.12253069999999999,0.0015557913131265385
OFF,0.5,0.6,1.0,10,57.166666666666664,0.12252779999999999,0.0015500528894202283
OFF,0.5,0.6,1.0,10,57.333333333333336,0.1225532,0.0015587176011067558
OFF,0.5,0.6,1.0,10,57.5,0.12254469999999999,0.0015646346570365873
OFF,0.5,0.6,1.0,10,57.666666666666664,0.1225261,0.001575910432099489
OFF,0.5,0.6,1.0,10,57.833333333333336,0.1225397,0.001580108037445543
OFF,0.5,0.6,1.0,10,58.0,0.12254119999999998,0.0015870653924775742
OFF,0.5,0.6,1.0,10,58.166666666666664,0.1225603,0.001588778653557502
OFF,0.5,0.6,1.0,10,58.333333333333336,0.12256719999999999,0.001591271617292283
OFF,0.5,0.6,1.0,10,58.5,0.1225726,0.0016002906111078716
OFF,0.5,0.6,1.0,10,58.666666666666664,0.12258710000000002,0.0015858395536749634
OFF,0.5,0.6,1.0,10,58.833333333333336,0.12259280000000002,0.0015889504586361403
OFF,0.5,0.6,1.0,10,59.0,0.1226105,0.0016008937659944841
OFF,0.5,0.6,1.0,10,59.166666666666664,0.12262680000000001,0.0016043880328648673
OFF,0.5,0.6,1.0,10,59.333333333333336,0.12263810000000001,0.001595674117732066
OFF,0.5,0.6,1.0,10,59.5,0.12263910000000003,0.001578606249195792
OFF,0.5,0.6,1.0,10,59.666666666666664,0.1226456,0.0015782208463963443
OFF,0.5,0.6,1.0,10,59.833333333333336,0.12264140000000001,0.0015880265237079604
OFF,0.5,0.6,1.0,10,60.0,0.12266110000000001,0.0015894584895491896
OFF,0.5,0.6,1.0,10,60.166666666666664,0.12266260000000002,0.0015873851580508122
OFF,0.5,0.6,1.0,10,60.333333333333336,0.12265870000000004,0.0015953008525040043
OFF,0.5,0.6,1.0,10,60.5,0.12267800000000002,0.0015839567544601715
OFF,0.5,0.6,1.0,10,60.666666666666664,0.12268230000000002,0.0015813894555105643
OFF,0.5,0.6,1.0,10,60.833333333333336,0.12269440000000001,0.0015816117854897248
OFF,0.5,0.6,1.0,10,61.0,0.12267800000000002,0.0015981473649197674
OFF,0.5,0.6,1.0,10,61.166666666666664,0.1226891,0.0015967186633843772
OFF,0.5,0.6,1.0,10,61.333333333333336,0.12269250000000001,0.0015817254028433648
OFF,0.5,0.6,1.0,10,61.5,0.1227149,0.001569105442600975
OFF,0.5,0.6,1.0,10,61.666666666666664,0.12272630000000002,0.0015732247805065854
OFF,0.5,0.6,1.0,10,61.833333333333336,0.12273830000000001,0.0015724805277013759
OFF,0.5,0.6,1.0,10,62.0,0.1227503,0.0015706850766464926
OFF,0.5,0.6,1.0,10,62.166666666666664,0.12276100000000004,0.001579847334396587
OFF,0.5,0.6,1.0,10,62.333333333333336,0.12276480000000001,0.0015636153491188332
OFF,0.5,0.6,1.0,10,62.5,0.12278050000000003,0.0015872116588533484
OFF,0.5,0.6,1.0,10,62.666666666666664,0.12278660000000001,0.001575022996657507
OFF,0.5,0.6,1.0,10,62.833333333333336,0.12277630000000002,0.0015804106460031188
OFF,0.5,0.6,1.0,10,63.0,0.12276910000000003,0.0015995089527726944
OFF,0.5,0.6,1.0,10,63.166666666666664,0.12277930000000001,0.001602128899308668
OFF,0.5,0.6,1.0,10,63.333333333333336,0.12278009999999999,0.0016105521071980227
OFF,0.5,0.6,1.0,10,63.5,0.1227921,0.0016154074068172421
OFF,0.5,0.6,1.0,10,63.666666666666664,0.12280709999999999,0.0016007046229707701
OFF,0.5,0.6,1.0,10,63.833333333333336,0.12279930000000001,0.0016075552276671556
OFF,0.5,0.6,1.0,10,64.0,0.1227921,0.0016027187183033724
OFF,0.5,0.6,1.0,10,64.16666666666667,0.12281110000000002,0.0015955399994986015
OFF,0.5,0.6,1.0,10,64.33333333333333,0.12281790000000001,0.001585942776395162
OFF,0.5,0.6,1.0,10,64.5,0.12280200000000001,0.0015749423481511951
OFF,0.5,0.6,1.0,10,64.66666666666667,0.122811,0.0015706009041128169
OFF,0.5,0.6,1.0,10,64.83333333333333,0.12282299999999999,0.0015669849393022271
OFF,0.5,0.6,1.0,10,65.0,0.1228515,0.0015707037435493665
OFF,0.5,0.6,1.0,10,65.16666666666667,0.1228494,0.0015832776888467794
OFF,0.5,0.6,1.0,10,65.33333333333333,0.1228596,0.0015859656490605336
OFF,0.5,0.6,1.0,10,65.5,0.1228565,0.0015977741548792175
OFF,0.5,0.6,1.0,10,65.66666666666667,0.12286219999999999,0.0015956325266175792
OFF,0.5,0.6,1.0,10,65.83333333333333,0.12286260000000002,0.0015880890529186306
OFF,0.5,0.6,1.0,10,66.0,0.1228622,0.0015727778482672015
OFF,0.5,0.6,1.0,10,66.16666666666667,0.12285620000000001,0.001573732366064827
OFF,0.5,0.6,1.0,10,66.33333333333333,0.12284620000000002,0.0015846331310432696
OFF,0.5,0.6,1.0,10,66.5,0.1228409,0.001591778781740728
OFF,0.5,0.6,1.0,10,66.66666666666667,0.12283160000000001,0.001583580386339766
OFF,0.5,0.6,1.0,10,66.83333333333333,0.12284230000000003,0.0015719554096729317
OFF,0.5,0.6,1.0,10,67.0,0.1228561,0.0015766513533435349
OFF,0.5,0.6,1.0,10,67.16666666666667,0.12286640000000001,0.0015620697935751797
OFF,0.5,0.6,1.0,10,67.33333333333333,0.1228795,0.0015499732417045137
OFF,0.5,0.6,1.0,10,67.5,0.1228887,0.001560076603888412
OFF,0.5,0.6,1.0,10,67.66666666666667,0.1228704,0.001559397204050332
OFF,0.5,0.6,1.0,10,67.83333333333333,0.1228702,0.0015476590580615634
OFF,0.5,0.6,1.0,10,68.0,0.122869,0.0015386823583833018
OFF,0.5,0.6,1.0,10,68.16666666666667,0.1228463,0.0015323266655644925
OFF,0.5,0.6,1.0,10,68.33333333333333,0.1228504,0.0015502136110871934
OFF,0.5,0.6,1.0,10,68.5,0.12284930000000001,0.0015538175600758259
OFF,0.5,0.6,1.0,10,68.66666666666667,0.1228607,0.0015607667378567476
OFF,0.5,0.6,1.0,10,68.83333333333333,0.12287370000000002,0.0015809709706379813
OFF,0.5,0.6,1.0,10,69.0,0.12287789999999998,0.0015935646488297857
OFF,0.5,0.6,1.0,10,69.16666666666667,0.12286540000000001,0.001595722983478022
OFF,0.5,0.6,1.0,10,69.33333333333333,0.1228634,0.0015710041502173043
OFF,0.5,0.6,1.0,10,69.5,0.12286490000000001,0.001557229812840738
OFF,0.5,0.6,1.0,10,69.66666666666667,0.12287840000000001,0.00156381560294045
OFF,0.5,0.6,1.0,10,69.83333333333333,0.12289439999999999,0.0015375502073103175
OFF,0.5,0.6,1.0,10,70.0,0.1228951,0.001561162608442824
OFF,0.5,0.6,1.0,10,70.16666666666667,0.1229034,0.0015585034616580084
OFF,0.5,0.6,1.0,10,70.33333333333333,0.12291049999999999,0.001565906718166829
OFF,0.5,0.6,1.0,10,70.5,0.12291919999999998,0.0015515956174209837
OFF,0.5,0.6,1.0,10,70.66666666666667,0.1229266,0.0015606236702036787
OFF,0.5,0.6,1.0,10,70.83333333333333,0.1229346,0.0015582390830678069
OFF,0.5,0.6,1.0,10,71.0,0.122918,0.0015615897028349052
OFF,0.5,0.6,1.0,10,71.16666666666667,0.12291690000000002,0.001583584759335605
OFF,0.5,0.6,1.0,10,71.33333333333333,0.1229448,0.0015810424282731905
OFF,0.5,0.6,1.0,10,71.5,0.1229583,0.001583996278404722
OFF,0.5,0.6,1.0,10,71.66666666666667,0.1229619,0.0015764674719130724
OFF,0.5,0.6,1.0,10,71.83333333333333,0.12296900000000002,0.0015593701933793664
OFF,0.5,0.6,1.0,10,72.0,0.1229654,0.0015559056012496393
OFF,0.5,0.6,1.0,10,72.16666666666667,0.1229678,0.0015513929740720062
OFF,0.5,0.6,1.0,10,72.33333333333333,0.12296620000000003,0.0015416501418934214
OFF,0.5,0.6,1.0,10,72.5,0.12297100000000001,0.0015230707140510562
OFF,0.5,0.6,1.0,10,72.66666666666667,0.122983,0.0015120449067405365
OFF,0.5,0.6,1.0,10,72.83333333333333,0.1229789,0.0015191424850882146
OFF,0.5,0.6,1.0,10,73.0,0.1229742,0.001529557570018208
OFF,0.5,0.6,1.0,10,73.16666666666667,0.12299829999999998,0.001538634267784259
OFF,0.5,0.6,1.0,10,73.33333333333333,0.1230076,0.0015464980569014663
OFF,0.5,0.6,1.0,10,73.5,0.12300819999999998,0.0015233069815372075
OFF,0.5,0.6,1.0,10,73.66666666666667,0.12300170000000002,0.001542362476851668
OFF,0.5,0.6,1.0,10,73.83333333333333,0.12300640000000003,0.001541342414909809
OFF,0.5,0.6,1.0,10,74.0,0.1230007,0.0015325719591588525
OFF,0.5,0.6,1.0,10,74.16666666666667,0.12300440000000001,0.0015259800260815986
OFF,0.5,0.6,1.0,10,74.33333333333333,0.1230009,0.0015172606532827479
OFF,0.5,0.6,1.0,10,74.5,0.12300820000000001,0.0015293100274306709
OFF,0.5,0.6,1.0,10,74.66666666666667,0.12300720000000001,0.0015210235895606607
OFF,0.5,0.6,1.0,10,74.83333333333333,0.12303060000000002,0.0015201529659873035
OFF,0.5,0.6,1.0,10,75.0,0.1230262,0.0015228036511645239
OFF,0.5,0.6,1.0,10,75.16666666666667,0.12305640000000002,0.001517910550724253
OFF,0.5,0.6,1.0,10,75.33333333333333,0.1230706,0.0015226337182658203
OFF,0.5,0.6,1.0,10,75.5,0.1230699,0.001536552208680198
OFF,0.5,0.6,1.0,10,75.66666666666667,0.1230648,0.0015317758191066991
OFF,0.5,0.6,1.0,10,75.83333333333333,0.1230763,0.0015290479423484403
OFF,0.5,0.6,1.0,10,76.0,0.12307480000000001,0.0015468050168007618
OFF,0.5,0.6,1.0,10,76.16666666666667,0.12306940000000002,0.0015407942237690285
OFF,0.5,0.6,1.0,10,76.33333333333333,0.1230615,0.0015414796300957068
OFF,0.5,0.6,1.0,10,76.5,0.12304869999999998,0.0015310456590186985
OFF,0.5,0.6,1.0,10,76.66666666666667,0.1230473,0.0015261494061853793
OFF,0.5,0.6,1.0,10,76.83333333333333,0.1230353,0.001511106088267793
OFF,0.5,0.6,1.0,10,77.0,0.1230237,0.0015022818011278703
OFF,0.5,0.6,1.0,10,77.16666666666667,0.12303460000000002,0.0014972581073415506
OFF,0.5,0.6,1.0,10,77.33333333333333,0.1230443,0.0015079930404348668
OFF,0.5,0.6,1.0,10,77.5,0.12305169999999999,0.0014872883412438884
OFF,0.5,0.6,1.0,10,77.66666666666667,0.12305340000000001,0.0014891672303673595
OFF,0.5,0.6,1.0,10,77.83333333333333,0.1230556,0.0014926924800507313
OFF,0.5,0.6,1.0,10,78.0,0.12307810000000001,0.0014924839999142343
OFF,0.5,0.6,1.0,10,78.16666666666667,0.12307519999999998,0.0015001445130386566
OFF,0.5,0.6,1.0,10,78.33333333333333,0.12307620000000001,0.0015199447226790829
OFF,0.5,0.6,1.0,10,78.5,0.12308800000000002,0.0015311395756102708
OFF,0.5,0.6,1.0,10,78.66666666666667,0.12308050000000001,0.0015505855184413427
OFF,0.5,0.6,1.0,10,78.83333333333333,0.12310569999999998,0.0015252797808926713
OFF,0.5,0.6,1.0,10,79.0,0.12309430000000002,0.0015030437152657918
OFF,0.5,0.6,1.0,10,79.16666666666667,0.1230897,0.0015152481677929864
OFF,0.5,0.6,1.0,10,79.33333333333333,0.12309780000000001,0.0015124928297350702
OFF,0.5,0.6,1.0,10,79.5,0.1230939,0.001499762344506622
OFF,0.5,0.6,1.0,10,79.66666666666667,0.12309050000000002,0.0015009876248657068
OFF,0.5,0.6,1.0,10,79.83333333333333,0.1231001,0.0014952658927428245
OFF,0.5,0.6,1.0,10,80.0,0.1231023,0.0015068039056227596
OFF,0.5,0.6,1.0,10,80.16666666666667,0.1231011,0.0014990733437694106
OFF,0.5,0.6,1.0,10,80.33333333333333,0.1231092,0.0015123162235458573
OFF,0.5,0.6,1.0,10,80.5,0.12311310000000002,0.0015174921713142376
OFF,0.5,0.6,1.0,10,80.66666666666667,0.1231244,0.001519034969972712
OFF,0.5,0.6,1.0,10,80.83333333333333,0.123125,0.00151817324439604
OFF,0.5,0.6,1.0,10,81.0,0.12312560000000002,0.001513616477183038
OFF,0.5,0.6,1.0,10,81.16666666666667,0.12312799999999999,0.0015218923089364775
OFF,0.5,0.6,1.0,10,81.33333333333333,0.12314240000000001,0.0015286403893656625
OFF,0.5,0.6,1.0,10,81.5,0.12315499999999999,0.0015498922543196365
OFF,0.5,0.6,1.0,10,81.66666666666667,0.12314289999999999,0.0015546401159110728
OFF,0.5,0.6,1.0,10,81.83333333333333,0.12315469999999999,0.0015460514900869254
OFF,0.5,0.6,1.0,10,82.0,0.1231439,0.0015669181503831003
OFF,0.5,0.6,1.0,10,82.16666666666667,0.1231325,0.0015655907670908105
OFF,0.5,0.6,1.0,10,82.33333333333333,0.12315119999999997,0.001574686368773156
OFF,0.5,0.6,1.0,10,82.5,0.123157,0.0015549836655090591
OFF,0.5,0.6,1.0,10,82.66666666666667,0.123173,0.0015607875576131405
OFF,0.5,0.6,1.0,10,82.83333333333333,0.1231698,0.00157417672451348
OFF,0.5,0.6,1.0,10,83.0,0.12315419999999999,0.0015776361938038812
OFF,0.5,0.6,1.0,10,83.16666666666667,0.12315770000000001,0.0015644996676254048
OFF,0.5,0.6,1.0,10,83.33333333333333,0.12317979999999999,0.0015351391989002166
OFF,0.5,0.6,1.0,10,83.5,0.12319179999999999,0.0015268547278637866
OFF,0.5,0.6,1.0,10,83.66666666666667,0.123197,0.0015292317025225432
OFF,0.5,0.6,1.0,10,83.83333333333333,0.12320139999999999,0.0015457879673486884
OFF,0.5,0.6,1.0,10,84.0,0.12321330000000001,0.0015353352109555782
OFF,0.5,0.6,1.0,10,84.16666666666667,0.12322570000000002,0.001527050297141516
OFF,0.5,0.6,1.0,10,84.33333333333333,0.1232269,0.001534462801764837
OFF,0.5,0.6,1.0,10,84.5,0.12323069999999998,0.0015071334413382248
OFF,0.5,0.6,1.0,10,84.66666666666667,0.1232288,0.0015206044719124035
OFF,0.5,0.6,1.0,10,84.83333333333333,0.12323689999999998,0.0015185071912901824
OFF,0.5,0.6,1.0,10,85.0,0.12324850000000001,0.001517749337011881
OFF,0.5,0.6,1.0,10,85.16666666666667,0.12327459999999998,0.0015174456299979903
OFF,0.5,0.6,1.0,10,85.33333333333333,0.12327149999999998,0.0014977407819779763
OFF,0.5,0.6,1.0,10,85.5,0.123269,0.0014901644875650447
OFF,0.5,0.6,1.0,10,85.66666666666667,0.1232685,0.001495130044511181
OFF,0.5,0.6,1.0,10,85.83333333333333,0.1232577,0.0015067633556733425
OFF,0.5,0.6,1.0,10,86.0,0.1232574,0.0015099608736652743
OFF,0.5,0.6,1.0,10,86.16666666666667,0.1232674,0.001506921444535181
OFF,0.5,0.6,1.0,10,86.33333333333333,0.12326600000000001,0.001504484297026727
OFF,0.5,0.6,1.0,10,86.5,0.1232806,0.0015041985374278234
OFF,0.5,0.6,1.0,10,86.66666666666667,0.12329300000000001,0.0014998573932211018
OFF,0.5,0.6,1.0,10,86.83333333333333,0.12328760000000001,0.0014689736689267128
OFF,0.5,0.6,1.0,10,87.0,0.12329609999999999,0.001487286821699166
OFF,0.5,0.6,1.0,10,87.16666666666667,0.1233152,0.0015068066763855314
OFF,0.5,0.6,1.0,10,87.33333333333333,0.12333190000000001,0.001516392722878872
OFF,0.5,0.6,1.0,10,87.5,0.123319,0.0015338775048875306
OFF,0.5,0.6,1.0,10,87.66666666666667,0.1233178,0.0015272967491617342
OFF,0.5,0.6,1.0,10,87.83333333333333,0.1233117,0.0015140889042589258
OFF,0.5,0.6,1.0,10,88.0,0.1233095,0.0015207807369900508
OFF,0.5,0.6,1.0,10,88.16666666666667,0.12332330000000002,0.0015091612935667247
OFF,0.5,0.6,1.0,10,88.33333333333333,0.12332589999999999,0.0015009791770707514
OFF,0.5,0.6,1.0,10,88.5,0.1233412,0.0014826837019405064
OFF,0.5,0.6,1.0,10,88.66666666666667,0.12332950000000001,0.0014806279242267455
OFF,0.5,0.6,1.0,10,88.83333333333333,0.1233393,0.0014665758112010474
OFF,0.5,0.6,1.0,10,89.0,0.12334120000000001,0.0014502067990462603
OFF,0.5,0.6,1.0,10,89.16666666666667,0.1233635,0.001450408856150569
OFF,0.5,0.6,1.0,10,89.33333333333333,0.12336339999999998,0.0014416843759991283
OFF,0.5,0.6,1.0,10,89.5,0.12334160000000001,0.0014508965641974593
OFF,0.5,0.6,1.0,10,89.66666666666667,0.12333830000000001,0.0014705212035193498
OFF,0.5,0.6,1.0,10,89.83333333333333,0.12333399999999999,0.0014658048983408414
OFF,0.5,0.6,1.0,10,90.0,0.1233246,0.0014685571967070273
OFF,0.5,0.6,1.0,10,90.16666666666667,0.12334490000000002,0.0014669052764238002
OFF,0.5,0.6,1.0,10,90.33333333333333,0.1233292,0.0014578238439537207
OFF,0.5,0.6,1.0,10,90.5,0.12332200000000001,0.0014667534216765944
OFF,0.5,0.6,1.0,10,90.66666666666667,0.1233137,0.0014850679479404276
OFF,0.5,0.6,1.0,10,90.83333333333333,0.12331339999999998,0.0014830827488714184
OFF,0.5,0.6,1.0,10,91.0,0.1233152,0.0014762868149516186
OFF,0.5,0.6,1.0,10,91.16666666666667,0.12333299999999998,0.0014821267152305164
OFF,0.5,0.6,1.0,10,91.33333333333333,0.12335990000000001,0.0014896974491486526
OFF,0.5,0.6,1.0,10,91.5,0.12337969999999998,0.0015124716228742928
OFF,0.5,0.6,1.0,10,91.66666666666667,0.12337089999999999,0.0015306153958457378
OFF,0.5,0.6,1.0,10,91.83333333333333,0.12337559999999999,0.0015373506561614397
OFF,0.5,0.6,1.0,10,92.0,0.12336499999999999,0.0015420839147076268
OFF,0.5,0.6,1.0,10,92.16666666666667,0.1233698,0.0015231381289955287
OFF,0.5,0.6,1.0,10,92.33333333333333,0.12337209999999998,0.0015259497010059002
OFF,0.5,0.6,1.0,10,92.5,0.12337399999999998,0.0015330055446735975
OFF,0.5,0.6,1.0,10,92.66666666666667,0.12337280000000002,0.001519852742866888
OFF,0.5,0.6,1.0,10,92.83333333333333,0.1233914,0.0015053015113258858
OFF,0.5,0.6,1.0,10,93.0,0.1234024,0.001501485677587368
OFF,0.5,0.6,1.0,10,93.16666666666667,0.1234111,0.0015108722282178566
OFF,0.5,0.6,1.0,10,93.33333333333333,0.1234137,0.0015082726577114666
OFF,0.5,0.6,1.0,10,93.5,0.1234199,0.001514449104460101
OFF,0.5,0.6,1.0,10,93.66666666666667,0.12343180000000001,0.0015216624987164523
OFF,0.5,0.6,1.0,10,93.83333333333333,0.12343440000000001,0.0015070408222739046
OFF,0.5,0.6,1.0,10,94.0,0.1234264,0.001510565006876568
OFF,0.5,0.6,1.0,10,94.16666666666667,0.12342869999999999,0.001521162979433825
OFF,0.5,0.6,1.0,10,94.33333333333333,0.12344580000000002,0.0015255719452061261
OFF,0.5,0.6,1.0,10,94.5,0.1234402,0.001525163453535392
OFF,0.5,0.6,1.0,10,94.66666666666667,0.12345699999999997,0.0015142202613886817
OFF,0.5,0.6,1.0,10,94.83333333333333,0.1234721,0.0015069276989955432
OFF,0.5,0.6,1.0,10,95.0,0.12345239999999999,0.0014974071056329343
OFF,0.5,0.6,1.0,10,95.16666666666667,0.12346159999999999,0.0014874392895173876
OFF,0.5,0.6,1.0,10,95.33333333333333,0.12346659999999998,0.0014784464278424186
OFF,0.5,0.6,1.0,10,95.5,0.1234577,0.001468241196125486
OFF,0.5,0.6,1.0,10,95.66666666666667,0.1234471,0.0014714018791615025
OFF,0.5,0.6,1.0,10,95.83333333333333,0.1234383,0.0014808106597401314
OFF,0.5,0.6,1.0,10,96.0,0.1234502,0.0014803679137295551
OFF,0.5,0.6,1.0,10,96.16666666666667,0.12343939999999998,0.0014700196053114413
OFF,0.5,0.6,1.0,10,96.33333333333333,0.1234527,0.001471272174004525
OFF,0.5,0.6,1.0,10,96.5,0.12345599999999998,0.00146477090358868
OFF,0.5,0.6,1.0,10,96.66666666666667,0.1234468,0.0014614422876049527
OFF,0.5,0.6,1.0,10,96.83333333333333,0.12345419999999999,0.0014749236454813517
OFF,0.5,0.6,1.0,10,97.0,0.12345210000000002,0.0014572895697149556
OFF,0.5,0.6,1.0,10,97.16666666666667,0.123447,0.0014565788684448215
OFF,0.5,0.6,1.0,10,97.33333333333333,0.1234451,0.0014567568396956325
OFF,0.5,0.6,1.0,10,97.5,0.1234499,0.001470157573187307
OFF,0.5,0.6,1.0,10,97.66666666666667,0.12344739999999998,0.0014769778061975056
OFF,0.5,0.6,1.0,10,97.83333333333333,0.12345429999999999,0.0014808817002043054
OFF,0.5,0.6,1.0,10,98.0,0.1234651,0.0014640265332295044
OFF,0.5,0.6,1.0,10,98.16666666666667,0.12347230000000002,0.0014729518695463224
OFF,0.5,0.6,1.0,10,98.33333333333333,0.1234934,0.0014601699353157494
OFF,0.5,0.6,1.0,10,98.5,0.12348450000000002,0.0014718278601793101
OFF,0.5,0.6,1.0,10,98.66666666666667,0.1234721,0.001479139307164811
OFF,0.5,0.6,1.0,10,98.83333333333333,0.12346160000000002,0.0014783143238161487
OFF,0.5,0.6,1.0,10,99.0,0.1234712,0.001475893546296614
OFF,0.5,0.6,1.0,10,99.16666666666667,0.12349139999999999,0.0014495723645268613
OFF,0.5,0.6,1.0,10,99.33333333333333,0.12351300000000001,0.0014536721776246524
OFF,0.5,0.6,1.0,10,99.5,0.12352450000000001,0.0014491884798051601
OFF,0.5,0.6,1.0,10,99.66666666666667,0.12351899999999998,0.0014458771040444603
OFF,0.5,0.6,1.0,10,99.83333333333333,0.1235338,0.001442255164664003
OFF,0.5,0.6,1.0,10,100.0,0.1235417,0.0014364493760658623
OFF,0.5,0.6,1.0,10,100.16666666666667,0.12352270000000001,0.0014435421053782954
OFF,0.5,0.6,1.0,10,100.33333333333333,0.12352840000000001,0.0014493446243043738
OFF,0.5,0.6,1.0,10,100.5,0.1235301,0.0014440877708782115
OFF,0.5,0.6,1.0,10,100.66666666666667,0.12353339999999999,0.0014547017701233471
OFF,0.5,0.6,1.0,10,100.83333333333333,0.1235522,0.0014552894420011464
OFF,0.5,0.6,1.0,10,101.0,0.12357399999999999,0.0014659658931912417
OFF,0.5,0.6,1.0,10,101.16666666666667,0.1235801,0.0014557528258602127
OFF,0.5,0.6,1.0,10,101.33333333333333,0.12358719999999998,0.001463604509421861
OFF,0.5,0.6,1.0,10,101.5,0.12357710000000002,0.0014620379235847469
OFF,0.5,0.6,1.0,10,101.66666666666667,0.12357789999999999,0.0014691981112157748
OFF,0.5,0.6,1.0,10,101.83333333333333,0.12358630000000001,0.0014630649370414143
OFF,0.5,0.6,1.0,10,102.0,0.12357969999999999,0.0014667292217720354
OFF,0.5,0.6,1.0,10,102.16666666666667,0.1235766,0.0014495628444465625
OFF,0.5,0.6,1.0,10,102.33333333333333,0.12359849999999999,0.001456921840731338
OFF,0.5,0.6,1.0,10,102.5,0.1236175,0.001458258910481948
OFF,0.5,0.6,1.0,10,102.66666666666667,0.1236289,0.0014458717405081264
OFF,0.5,0.6,1.0,10,102.83333333333333,0.12362599999999999,0.0014564322847286802
OFF,0.5,0.6,1.0,10,103.0,0.12361219999999998,0.0014465465633708434
OFF,0.5,0.6,1.0,10,103.16666666666667,0.12360249999999999,0.001439242179065079
OFF,0.5,0.6,1.0,10,103.33333333333333,0.12362189999999999,0.001434786705402582
OFF,0.5,0.6,1.0,10,103.5,0.1236148,0.0014392801534100325
OFF,0.5,0.6,1.0,10,103.66666666666667,0.12360869999999999,0.0014380431878076494
OFF,0.5,0.6,1.0,10,103.83333333333333,0.1236105,0.0014463621434481733
OFF,0.5,0.6,1.0,10,104.0,0.12361090000000001,0.0014557364768391294
OFF,0.5,0.6,1.0,10,104.16666666666667,0.12358880000000001,0.0014381615208313731
OFF,0.5,0.6,1.0,10,104.33333333333333,0.1235898,0.0014417063362557585
OFF,0.5,0.6,1.0,10,104.5,0.1235735,0.0014388139733822465
OFF,0.5,0.6,1.0,10,104.66666666666667,0.12358309999999999,0.0014374059586630353
OFF,0.5,0.6,1.0,10,104.83333333333333,0.1236003,0.0014400289615143153
OFF,0.5,0.6,1.0,10,105.0,0.12361170000000002,0.0014418090754326608
OFF,0.5,0.6,1.0,10,105.16666666666667,0.1236151,0.0014418222810041459
OFF,0.5,0.6,1.0,10,105.33333333333333,0.1236043,0.0014357573645989068
OFF,0.5,0.6,1.0,10,105.5,0.1236016,0.001440657988559393
OFF,0.5,0.6,1.0,10,105.66666666666667,0.12360070000000001,0.0014392468898698381
OFF,0.5,0.6,1.0,10,105.83333333333333,0.12359690000000001,0.0014351340320680865
OFF,0.5,0.6,1.0,10,106.0,0.12357729999999997,0.0014363572013952506
OFF,0.5,0.6,1.0,10,106.16666666666667,0.12358349999999999,0.0014339489007632012
OFF,0.5,0.6,1.0,10,106.33333333333333,0.12358470000000002,0.0014421020802980623
OFF,0.5,0.6,1.0,10,106.5,0.12359139999999999,0.0014377739182500147
OFF,0.5,0.6,1.0,10,106.66666666666667,0.12361960000000001,0.001413319227917032
OFF,0.5,0.6,1.0,10,106.83333333333333,0.12363070000000001,0.001421043000756837
OFF,0.5,0.6,1.0,10,107.0,0.1236138,0.001421234238259125
OFF,0.5,0.6,1.0,10,107.16666666666667,0.1236228,0.0014235427496215242
OFF,0.5,0.6,1.0,10,107.33333333333333,0.12364540000000002,0.0014051097608372073
OFF,0.5,0.6,1.0,10,107.5,0.12363860000000002,0.001409738358703486
OFF,0.5,0.6,1.0,10,107.66666666666667,0.12366340000000002,0.0014026164265400554
OFF,0.5,0.6,1.0,10,107.83333333333333,0.12364730000000002,0.0013936282897530456
OFF,0.5,0.6,1.0,10,108.0,0.1236692,0.001392789129768034
OFF,0.5,0.6,1.0,10,108.16666666666667,0.1236775,0.0013886894001179661
OFF,0.5,0.6,1.0,10,108.33333333333333,0.12366760000000002,0.001375662909291371
OFF,0.5,0.6,1.0,10,108.5,0.12368610000000002,0.0013626812870220256
OFF,0.5,0.6,1.0,10,108.66666666666667,0.1237025,0.001350104532989947
OFF,0.5,0.6,1.0,10,108.83333333333333,0.123692,0.001349494201543672
OFF,0.5,0.6,1.0,10,109.0,0.12369750000000002,0.001353546914591438
OFF,0.5,0.6,1.0,10,109.16666666666667,0.12369269999999999,0.0013481689842152604
OFF,0.5,0.6,1.0,10,109.33333333333333,0.12368749999999999,0.001350640237072776
OFF,0.5,0.6,1.0,10,109.5,0.12368710000000001,0.0013671018579462183
OFF,0.5,0.6,1.0,10,109.66666666666667,0.12367380000000001,0.001373528725582396
OFF,0.5,0.6,1.0,10,109.83333333333333,0.12368900000000001,0.001377431667996636
OFF,0.5,0.6,1.0,10,110.0,0.1236756,0.001376088093110324
OFF,0.5,0.6,1.0,10,110.16666666666667,0.1236789,0.0013879211396905778
OFF,0.5,0.6,1.0,10,110.33333333333333,0.12366760000000002,0.0013913053726626646
OFF,0.5,0.6,1.0,10,110.5,0.1236799,0.0014014015448828388
OFF,0.5,0.6,1.0,10,110.66666666666667,0.1236898,0.0014125840010420602
OFF,0.5,0.6,1.0,10,110.83333333333333,0.1236985,0.0014195820687793966
OFF,0.5,0.6,1.0,10,111.0,0.12370779999999999,0.0014228211271976546
OFF,0.5,0.6,1.0,10,111.16666666666667,0.1237096,0.0014112475473849412
OFF,0.5,0.6,1.0,10,111.33333333333333,0.12370009999999998,0.001415423501995075
OFF,0.5,0.6,1.0,10,111.5,0.12370800000000001,0.001423030358073927
OFF,0.5,0.6,1.0,10,111.66666666666667,0.12372639999999999,0.0014174159022672214
OFF,0.5,0.6,1.0,10,111.83333333333333,0.12371809999999998,0.0014312237735588397
OFF,0.5,0.6,1.0,10,112.0,0.12371690000000002,0.0014420998890506862
OFF,0.5,0.6,1.0,10,112.16666666666667,0.12373039999999998,0.0014312741316742901
OFF,0.5,0.6,1.0,10,112.33333333333333,0.12373559999999999,0.0014435504286307427
OFF,0.5,0.6,1.0,10,112.5,0.1237364,0.0014410402631432609
OFF,0.5,0.6,1.0,10,112.66666666666667,0.12374869999999998,0.0014248868762115827
OFF,0.5,0.6,1.0,10,112.83333333333333,0.12376849999999999,0.0014117346244956913
OFF,0.5,0.6,1.0,10,113.0,0.12375929999999999,0.0014243998771412466
OFF,0.5,0.6,1.0,10,113.16666666666667,0.12376470000000002,0.0014280372579173121
OFF,0.5,0.6,1.0,10,113.33333333333333,0.12377429999999998,0.0014677004496831097
OFF,0.5,0.6,1.0,10,113.5,0.12377069999999998,0.001463043816842131
OFF,0.5,0.6,1.0,10,113.66666666666667,0.12377160000000001,0.0014552764823221734
OFF,0.5,0.6,1.0,10,113.83333333333333,0.12377160000000001,0.0014552244637855735
OFF,0.5,0.6,1.0,10,114.0,0.12376989999999999,0.0014550219551608147
OFF,0.5,0.6,1.0,10,114.16666666666667,0.1237843,0.0014645649217429715
OFF,0.5,0.6,1.0,10,114.33333333333333,0.12378689999999999,0.001477557542026704
OFF,0.5,0.6,1.0,10,114.5,0.1237906,0.0014819436696447024
OFF,0.5,0.6,1.0,10,114.66666666666667,0.12380519999999999,0.0014837686342553515
OFF,0.5,0.6,1.0,10,114.83333333333333,0.1238062,0.0014768170367381345
OFF,0.5,0.6,1.0,10,115.0,0.1238073,0.0014867443660562518
OFF,0.5,0.6,1.0,10,115.16666666666667,0.12381609999999998,0.0014773609883843588
OFF,0.5,0.6,1.0,10,115.33333333333333,0.12381709999999999,0.0014805784984255343
OFF,0.5,0.6,1.0,10,115.5,0.12382090000000001,0.0014926106290657356
OFF,0.5,0.6,1.0,10,115.66666666666667,0.12380399999999998,0.0014972204914440637
OFF,0.5,0.6,1.0,10,115.83333333333333,0.1237952,0.001488192648819363
OFF,0.5,0.6,1.0,10,116.0,0.12378909999999999,0.0014960033723224009
OFF,0.5,0.6,1.0,10,116.16666666666667,0.12378929999999999,0.00149698838004842
OFF,0.5,0.6,1.0,10,116.33333333333333,0.1238094,0.0014798488571472416
OFF,0.5,0.6,1.0,10,116.5,0.12381809999999997,0.0014874419955077224
OFF,0.5,0.6,1.0,10,116.66666666666667,0.1238235,0.0014799158253089922
OFF,0.5,0.6,1.0,10,116.83333333333333,0.12382889999999999,0.0014681372858149175
OFF,0.5,0.6,1.0,10,117.0,0.1238407,0.0014520416006437284
OFF,0.5,0.6,1.0,10,117.16666666666667,0.12383839999999999,0.0014571947845089216
OFF,0.5,0.6,1.0,10,117.33333333333333,0.1238485,0.0014439962084437756
OFF,0.5,0.6,1.0,10,117.5,0.12385120000000001,0.00144644825693835
OFF,0.5,0.6,1.0,10,117.66666666666667,0.1238518,0.0014447041773318176
OFF,0.5,0.6,1.0,10,117.83333333333333,0.1238524,0.0014670713820397429
OFF,0.5,0.6,1.0,10,118.0,0.1238629,0.0014633835074921446
OFF,0.5,0.6,1.0,10,118.16666666666667,0.1238766,0.0014705043488545033
OFF,0.5,0.6,1.0,10,118.33333333333333,0.1238783,0.0014716850240455669
OFF,0.5,0.6,1.0,10,118.5,0.1238643,0.0014657725642131512
OFF,0.5,0.6,1.0,10,118.66666666666667,0.123882,0.0014574197061931059
OFF,0.5,0.6,1.0,10,118.83333333333333,0.12387739999999998,0.0014455332718412246
OFF,0.5,0.6,1.0,10,119.0,0.12388810000000001,0.001451546034406072
OFF,0.5,0.6,1.0,10,119.16666666666667,0.12390070000000002,0.0014506859101818014
OFF,0.5,0.6,1.0,10,119.33333333333333,0.12389089999999998,0.0014430317009684842
OFF,0.5,0.6,1.0,10,119.5,0.123884,0.0014535751786543415
OFF,0.5,0.6,1.0,10,119.66666666666667,0.12388859999999999,0.0014484093482161715
OFF,0.5,0.6,1.0,10,119.83333333333333,0.1238985,0.001439378146978755
OFF,0.5,0.6,1.0,10,120.0,0.12388950000000001,0.0014217504176190685
OFF,0.5,0.6,1.0,10,120.16666666666667,0.12389800000000002,0.0014011343975507894
OFF,0.5,0.6,1.0,10,120.33333333333333,0.12390580000000002,0.0013826533766638708
OFF,0.5,0.6,1.0,10,120.5,0.12387619999999999,0.0013826925760992586
OFF,0.5,0.6,1.0,10,120.66666666666667,0.12387370000000002,0.0014023297080216217
OFF,0.5,0.6,1.0,10,120.83333333333333,0.1238834,0.001377611788567446
OFF,0.5,0.6,1.0,10,121.0,0.12387480000000002,0.0013803055313951304
OFF,0.5,0.6,1.0,10,121.16666666666667,0.1239007,0.0013866886492648579
OFF,0.5,0.6,1.0,10,121.33333333333333,0.1239142,0.0013789725740564938
OFF,0.5,0.6,1.0,10,121.5,0.1239218,0.0013754974954539216
OFF,0.5,0.6,1.0,10,121.66666666666667,0.12392750000000001,0.0013733122186888173
OFF,0.5,0.6,1.0,10,121.83333333333333,0.12393900000000002,0.0013739982532739998
OFF,0.5,0.6,1.0,10,122.0,0.12394429999999998,0.0013989320962791581
OFF,0.5,0.6,1.0,10,122.16666666666667,0.1239595,0.0013977727461930258
OFF,0.5,0.6,1.0,10,122.33333333333333,0.12397299999999997,0.0013994966952443992
OFF,0.5,0.6,1.0,10,122.5,0.1239573,0.0013947482245910935
OFF,0.5,0.6,1.0,10,122.66666666666667,0.12396460000000002,0.0013946077011116828
OFF,0.5,0.6,1.0,10,122.83333333333333,0.1239765,0.0013906796360053572
OFF,0.5,0.6,1.0,10,123.0,0.12397460000000002,0.0013943542734900652
OFF,0.5,0.6,1.0,10,123.16666666666667,0.12397649999999998,0.001375517738889614
OFF,0.5,0.6,1.0,10,123.33333333333333,0.1239706,0.0013791008084980561
OFF,0.5,0.6,1.0,10,123.5,0.123991,0.0013710867222754342
OFF,0.5,0.6,1.0,10,123.66666666666667,0.12400630000000001,0.0013726883877996485
OFF,0.5,0.6,1.0,10,123.83333333333333,0.12400700000000002,0.0013654080708711258
OFF,0.5,0.6,1.0,10,124.0,0.1239929,0.001380815588701112
OFF,0.5,0.6,1.0,10,124.16666666666667,0.1240043,0.001384128971591882
OFF,0.5,0.6,1.0,10,124.33333333333333,0.12402149999999998,0.0013628448370962827
OFF,0.5,0.6,1.0,10,124.5,0.12402190000000002,0.001368292399306525
OFF,0.5,0.6,1.0,10,124.66666666666667,0.1240378,0.0013760478044021565
OFF,0.5,0.6,1.0,10,124.83333333333333,0.1240395,0.0013705041590597227
OFF,0.5,0.6,1.0,10,125.0,0.12404169999999999,0.0013790387267948617
OFF,0.5,0.6,1.0,10,125.16666666666667,0.12405139999999999,0.0013711059915265493
OFF,0.5,0.6,1.0,10,125.33333333333333,0.12405260000000003,0.0013800684910539786
OFF,0.5,0.6,1.0,10,125.5,0.12405790000000003,0.0013552412663433771
OFF,0.5,0.6,1.0,10,125.66666666666667,0.1240644,0.0013657267076542057
OFF,0.5,0.6,1.0,10,125.83333333333333,0.12406810000000001,0.0013821971964954939
OFF,0.5,0.6,1.0,10,126.0,0.1240637,0.001395388264964269
OFF,0.5,0.6,1.0,10,126.16666666666667,0.12407570000000001,0.0013868554394744948
OFF,0.5,0.6,1.0,10,126.33333333333333,0.1240648,0.0014039780482614415
OFF,0.5,0.6,1.0,10,126.5,0.12406500000000001,0.0013952439213270197
OFF,0.5,0.6,1.0,10,126.66666666666667,0.1240426,0.0013641994868786606
OFF,0.5,0.6,1.0,10,126.83333333333333,0.12405029999999999,0.0013732977135348314
OFF,0.5,0.6,1.0,10,127.0,0.12405899999999999,0.001384510671681517
OFF,0.5,0.6,1.0,10,127.16666666666667,0.124067,0.0014009567445142587
OFF,0.5,0.6,1.0,10,127.33333333333333,0.1240774,0.0013881511589160624
OFF,0.5,0.6,1.0,10,127.5,0.12408119999999997,0.0013794610396818034
OFF,0.5,0.6,1.0,10,127.66666666666667,0.1240732,0.001366272578953409
OFF,0.5,0.6,1.0,10,127.83333333333333,0.12406139999999999,0.0013737424940650288
OFF,0.5,0.6,1.0,10,128.0,0.12407539999999999,0.001366486018955188
OFF,0.5,0.6,1.0,10,128.16666666666666,0.12407350000000002,0.0013867221242916691
OFF,0.5,0.6,1.0,10,128.33333333333334,0.12407970000000001,0.0013779971008677757
OFF,0.5,0.6,1.0,10,128.5,0.1240891,0.0013816761885478079
OFF,0.5,0.6,1.0,10,128.66666666666666,0.1240866,0.0013818662887558981
OFF,0.5,0.6,1.0,10,128.83333333333334,0.12408359999999999,0.0013750792122637888
OFF,0.5,0.6,1.0,10,129.0,0.1241085,0.0013899693701661213
OFF,0.5,0.6,1.0,10,129.16666666666666,0.12411590000000002,0.001373333932443237
OFF,0.5,0.6,1.0,10,129.33333333333334,0.1241258,0.001384375223702014
OFF,0.5,0.6,1.0,10,129.5,0.12412589999999998,0.0013934753280916044
OFF,0.5,0.6,1.0,10,129.66666666666666,0.12412019999999999,0.0013918987606862763
OFF,0.5,0.6,1.0,10,129.83333333333334,0.12412859999999999,0.0013856791980830145
OFF,0.5,0.6,1.0,10,130.0,0.12411540000000001,0.0013712684055282522
OFF,0.5,0.6,1.0,10,130.16666666666666,0.12412779999999998,0.0013721947966670045
OFF,0.5,0.6,1.0,10,130.33333333333334,0.12413470000000001,0.0013683862795278263
OFF,0.5,0.6,1.0,10,130.5,0.12412480000000001,0.0013677871033168864
OFF,0.5,0.6,1.0,10,130.66666666666666,0.12410979999999998,0.0013801412101665522
OFF,0.5,0.6,1.0,10,130.83333333333334,0.12411049999999998,0.0013784611166079337
OFF,0.5,0.6,1.0,10,131.0,0.1241015,0.0013765536131949228
OFF,0.5,0.6,1.0,10,131.16666666666666,0.12411259999999999,0.001359782791478106
OFF,0.5,0.6,1.0,10,131.33333333333334,0.1241118,0.0013740564617220046
OFF,0.5,0.6,1.0,10,131.5,0.12412399999999998,0.0013742354237902647
OFF,0.5,0.6,1.0,10,131.66666666666666,0.12412559999999999,0.0013601142746107772
OFF,0.5,0.6,1.0,10,131.83333333333334,0.1241209,0.0013675898837005173
OFF,0.5,0.6,1.0,10,132.0,0.12412619999999999,0.00136381749512169
OFF,0.5,0.6,1.0,10,132.16666666666666,0.12415799999999999,0.0013622476280030743
OFF,0.5,0.6,1.0,10,132.33333333333334,0.12415910000000001,0.0013746331474251568
OFF,0.5,0.6,1.0,10,132.5,0.1241695,0.001369919066952497
OFF,0.5,0.6,1.0,10,132.66666666666666,0.12417820000000002,0.0013739627214739121
OFF,0.5,0.6,1.0,10,132.83333333333334,0.12416920000000001,0.0013659731183299326
OFF,0.5,0.6,1.0,10,133.0,0.1241644,0.0013717413167211976
OFF,0.5,0.6,1.0,10,133.16666666666666,0.1241733,0.0013576212321557142
OFF,0.5,0.6,1.0,10,133.33333333333334,0.12416940000000001,0.0013720937431531373
OFF,0.5,0.6,1.0,10,133.5,0.1241622,0.001371392562324881
OFF,0.5,0.6,1.0,10,133.66666666666666,0.1241615,0.0013802476045985375
OFF,0.5,0.6,1.0,10,133.83333333333334,0.124167,0.0013807025747785064
OFF,0.5,0.6,1.0,10,134.0,0.12415450000000001,0.0013818607925547345
OFF,0.5,0.6,1.0,10,134.16666666666666,0.12415140000000002,0.0013670428084006751
OFF,0.5,0.6,1.0,10,134.33333333333334,0.12416049999999998,0.00136232494288257
OFF,0.5,0.6,1.0,10,134.5,0.12417180000000001,0.001381193744555773
OFF,0.5,0.6,1.0,10,134.66666666666666,0.1241622,0.0013769028142900984
OFF,0.5,0.6,1.0,10,134.83333333333334,0.12414800000000001,0.0013687839128218875
OFF,0.5,0.6,1.0,10,135.0,0.12414109999999998,0.0013541515018638095
OFF,0.5,0.6,1.0,10,135.16666666666666,0.12414410000000001,0.0013755341108093273
OFF,0.5,0.6,1.0,10,135.33333333333334,0.124148,0.0013840843904906934
OFF,0.5,0.6,1.0,10,135.5,0.12414239999999999,0.0013882708093163956
OFF,0.5,0.6,1.0,10,135.66666666666666,0.12417589999999998,0.0013975454518547904
OFF,0.5,0.6,1.0,10,135.83333333333334,0.12418219999999999,0.00140946754485515
OFF,0.5,0.6,1.0,10,136.0,0.12418100000000001,0.0014155763490536323
OFF,0.5,0.6,1.0,10,136.16666666666666,0.1241778,0.0014247903565086336
OFF,0.5,0.6,1.0,10,136.33333333333334,0.12419739999999999,0.0014024105818197432
OFF,0.5,0.6,1.0,10,136.5,0.12418309999999999,0.0014156605843209731
OFF,0.5,0.6,1.0,10,136.66666666666666,0.1241657,0.0014173880237958833
OFF,0.5,0.6,1.0,10,136.83333333333334,0.12417340000000002,0.001400879095425442
OFF,0.5,0.6,1.0,10,137.0,0.1242081,0.0013973298429504708
OFF,0.5,0.6,1.0,10,137.16666666666666,0.1242103,0.0014127497336754314
OFF,0.5,0.6,1.0,10,137.33333333333334,0.12423340000000001,0.0014223371049086788
OFF,0.5,0.6,1.0,10,137.5,0.1242387,0.0014252761171085397
OFF,0.5,0.6,1.0,10,137.66666666666666,0.12424130000000003,0.001421643278041296
OFF,0.5,0.6,1.0,10,137.83333333333334,0.12421850000000001,0.00141873494705671
OFF,0.5,0.6,1.0,10,138.0,0.1242165,0.0014254052230857027
OFF,0.5,0.6,1.0,10,138.16666666666666,0.12422780000000003,0.001415938967611244
OFF,0.5,0.6,1.0,10,138.33333333333334,0.1242256,0.0014359602501462206
OFF,0.5,0.6,1.0,10,138.5,0.12423529999999998,0.0014084771244148773
OFF,0.5,0.6,1.0,10,138.66666666666666,0.1242463,0.001413599168788663
OFF,0.5,0.6,1.0,10,138.83333333333334,0.12423789999999998,0.001426923995873641
OFF,0.5,0.6,1.0,10,139.0,0.12422629999999998,0.0014498974480976231
OFF,0.5,0.6,1.0,10,139.16666666666666,0.1242313,0.0014522711213819568
OFF,0.5,0.6,1.0,10,139.33333333333334,0.12423290000000001,0.001457832325749428
OFF,0.5,0.6,1.0,10,139.5,0.1242302,0.0014607630745606863
OFF,0.5,0.6,1.0,10,139.66666666666666,0.12422029999999999,0.0014539967021970854
OFF,0.5,0.6,1.0,10,139.83333333333334,0.1242054,0.0014480165192427862
OFF,0.5,0.6,1.0,10,140.0,0.1242036,0.0014418669286726845
OFF,0.5,0.6,1.0,10,140.16666666666666,0.12420529999999999,0.0014372203762819426
OFF,0.5,0.6,1.0,10,140.33333333333334,0.1242261,0.0014116834241429616
OFF,0.5,0.6,1.0,10,140.5,0.1242256,0.0014004526553939589
OFF,0.5,0.6,1.0,10,140.66666666666666,0.12422579999999998,0.0014056037706267025
OFF,0.5,0.6,1.0,10,140.83333333333334,0.12424019999999998,0.001393347824486048
OFF,0.5,0.6,1.0,10,141.0,0.12424929999999998,0.0014083121138440864
OFF,0.5,0.6,1.0,10,141.16666666666666,0.12425850000000001,0.0014174158352438424
OFF,0.5,0.6,1.0,10,141.33333333333334,0.1242673,0.0014218434548149115
OFF,0.5,0.6,1.0,10,141.5,0.1242617,0.0014419216379540215
OFF,0.5,0.6,1.0,10,141.66666666666666,0.12428259999999998,0.0014492290502194601
OFF,0.5,0.6,1.0,10,141.83333333333334,0.1242888,0.001445028844002778
OFF,0.5,0.6,1.0,10,142.0,0.12430130000000002,0.0014463374467944845
OFF,0.5,0.6,1.0,10,142.16666666666666,0.12432110000000003,0.0014611875615402718
OFF,0.5,0.6,1.0,10,142.33333333333334,0.12432879999999999,0.0014713269385150246
OFF,0.5,0.6,1.0,10,142.5,0.1243228,0.001471679503152775
OFF,0.5,0.6,1.0,10,142.66666666666666,0.12433210000000001,0.0014673331216870952
OFF,0.5,0.6,1.0,10,142.83333333333334,0.1243166,0.0014721718785522307
OFF,0.5,0.6,1.0,10,143.0,0.1243138,0.0014697725538327345
OFF,0.5,0.6,1.0,10,143.16666666666666,0.1242979,0.0014537984351346623
OFF,0.5,0.6,1.0,10,143.33333333333334,0.12428809999999997,0.00144468629466746
OFF,0.5,0.6,1.0,10,143.5,0.12430409999999999,0.001467866986480719
OFF,0.5,0.6,1.0,10,143.66666666666666,0.12429989999999999,0.001435725074657399
OFF,0.5,0.6,1.0,10,143.83333333333334,0.12429829999999997,0.001422455134617611
OFF,0.5,0.6,1.0,10,144.0,0.12430889999999999,0.0014322869440164553
OFF,0.5,0.6,1.0,10,144.16666666666666,0.1243036,0.0014130537286317175
OFF,0.5,0.6,1.0,10,144.33333333333334,0.1242972,0.0014220432342232064
OFF,0.5,0.6,1.0,10,144.5,0.1242936,0.0014125511813736175
OFF,0.5,0.6,1.0,10,144.66666666666666,0.12432730000000003,0.0014193800090180233
OFF,0.5,0.6,1.0,10,144.83333333333334,0.1243247,0.001406385939207301
OFF,0.5,0.6,1.0,10,145.0,0.1243287,0.0014132994056462317
OFF,0.5,0.6,1.0,10,145.16666666666666,0.1243341,0.0014266482712988477
OFF,0.5,0.6,1.0,10,145.33333333333334,0.12433849999999999,0.001408597050259583
OFF,0.5,0.6,1.0,10,145.5,0.12433829999999998,0.0014230272695911334
OFF,0.5,0.6,1.0,10,145.66666666666666,0.12435769999999999,0.00140927357528622
OFF,0.5,0.6,1.0,10,145.83333333333334,0.124369,0.0014019151900168548
OFF,0.5,0.6,1.0,10,146.0,0.12436969999999999,0.0014071955123578248
OFF,0.5,0.6,1.0,10,146.16666666666666,0.1243684,0.0014125533759826584
OFF,0.5,0.6,1.0,10,146.33333333333334,0.12437679999999998,0.0014120764001993647
OFF,0.5,0.6,1.0,10,146.5,0.12436860000000001,0.0014104161938945532
OFF,0.5,0.6,1.0,10,146.66666666666666,0.12437659999999999,0.0014057124314738054
OFF,0.5,0.6,1.0,10,146.83333333333334,0.12437129999999999,0.0014053810195103656
OFF,0.5,0.6,1.0,10,147.0,0.12437959999999999,0.0013870714617495376
OFF,0.5,0.6,1.0,10,147.16666666666666,0.12436909999999998,0.0013902194395130623
OFF,0.5,0.6,1.0,10,147.33333333333334,0.12437000000000001,0.0013923034152080473
OFF,0.5,0.6,1.0,10,147.5,0.12436889999999998,0.0013955168540723524
OFF,0.5,0.6,1.0,10,147.66666666666666,0.12437769999999997,0.0013954959011046948
OFF,0.5,0.6,1.0,10,147.83333333333334,0.1243841,0.0013884024236510068
OFF,0.5,0.6,1.0,10,148.0,0.12440149999999998,0.001391258009860142
OFF,0.5,0.6,1.0,10,148.16666666666666,0.12440109999999997,0.001391483772812314
OFF,0.5,0.6,1.0,10,148.33333333333334,0.124399,0.0013890297333030706
OFF,0.5,0.6,1.0,10,148.5,0.12438750000000001,0.001386862808644029
OFF,0.5,0.6,1.0,10,148.66666666666666,0.1244049,0.0013804858166602053
OFF,0.5,0.6,1.0,10,148.83333333333334,0.1244075,0.0013691654574959154
OFF,0.5,0.6,1.0,10,149.0,0.1244038,0.001374588869444244
OFF,0.5,0.6,1.0,10,149.16666666666666,0.12441480000000002,0.0013802529333422889
OFF,0.5,0.6,1.0,10,149.33333333333334,0.12443390000000001,0.001367137260848375
OFF,0.5,0.6,1.0,10,149.5,0.12442900000000001,0.0013475312983378138
OFF,0.5,0.6,1.0,10,149.66666666666666,0.12443469999999998,0.0013590787357618352
OFF,0.5,0.6,1.0,10,149.83333333333334,0.1244258,0.0013544833553794607
OFF,0.5,0.6,1.0,10,150.0,0.1244293,0.00134884261869204
OFF,0.5,0.6,1.0,10,150.16666666666666,0.12443900000000001,0.0013366469990240548
OFF,0.5,0.6,1.0,10,150.33333333333334,0.1244507,0.0013424643794157016
OFF,0.5,0.6,1.0,10,150.5,0.12444530000000001,0.0013417584022468426
OFF,0.5,0.6,1.0,10,150.66666666666666,0.12445590000000002,0.0013431909357943105
OFF,0.5,0.6,1.0,10,150.83333333333334,0.12445690000000001,0.0013361977735350402
OFF,0.5,0.6,1.0,10,151.0,0.12444809999999999,0.001344504849377645
OFF,0.5,0.6,1.0,10,151.16666666666666,0.1244359,0.0013422926245793081
OFF,0.5,0.6,1.0,10,151.33333333333334,0.12444810000000003,0.0013437059536967138
OFF,0.5,0.6,1.0,10,151.5,0.12444960000000001,0.0013507451425046843
OFF,0.5,0.6,1.0,10,151.66666666666666,0.12445880000000001,0.0013535479895445195
OFF,0.5,0.6,1.0,10,151.83333333333334,0.12445690000000001,0.0013704779786629189
OFF,0.5,0.6,1.0,10,152.0,0.1244613,0.0013616718437274064
OFF,0.5,0.6,1.0,10,152.16666666666666,0.12445460000000001,0.0013498351899398685
OFF,0.5,0.6,1.0,10,152.33333333333334,0.12445200000000001,0.00133653851422247
OFF,0.5,0.6,1.0,10,152.5,0.1244664,0.0013512855508736878
OFF,0.5,0.6,1.0,10,152.66666666666666,0.12445880000000001,0.0013612570514050571
OFF,0.5,0.6,1.0,10,152.83333333333334,0.1244741,0.00135040256590396
OFF,0.5,0.6,1.0,10,153.0,0.12447400000000002,0.0013428170389148345
OFF,0.5,0.6,1.0,10,153.16666666666666,0.12447230000000001,0.0013526394974271586
OFF,0.5,0.6,1.0,10,153.33333333333334,0.124476,0.0013381429669508426
OFF,0.5,0.6,1.0,10,153.5,0.1244906,0.001335025183283072
OFF,0.5,0.6,1.0,10,153.66666666666666,0.1245101,0.0013436033975842735
OFF,0.5,0.6,1.0,10,153.83333333333334,0.12451110000000001,0.0013660029611973724
OFF,0.5,0.6,1.0,10,154.0,0.12453720000000001,0.00137451262635161
OFF,0.5,0.6,1.0,10,154.16666666666666,0.12453880000000002,0.0013786663700837871
OFF,0.5,0.6,1.0,10,154.33333333333334,0.1245487,0.0013689750947332858
OFF,0.5,0.6,1.0,10,154.5,0.1245326,0.0013415975700633925
OFF,0.5,0.6,1.0,10,154.66666666666666,0.12453800000000001,0.0013370768863457294
OFF,0.5,0.6,1.0,10,154.83333333333334,0.124546,0.0013583688747906462
OFF,0.5,0.6,1.0,10,155.0,0.12454849999999999,0.0013496620502925953
OFF,0.5,0.6,1.0,10,155.16666666666666,0.12454210000000002,0.0013387705143152809
OFF,0.5,0.6,1.0,10,155.33333333333334,0.12453940000000001,0.001335997095805227
OFF,0.5,0.6,1.0,10,155.5,0.1245287,0.001315901443877922
OFF,0.5,0.6,1.0,10,155.66666666666666,0.124516,0.001334593121516817
OFF,0.5,0.6,1.0,10,155.83333333333334,0.1245146,0.001343599434355344
OFF,0.5,0.6,1.0,10,156.0,0.12452450000000001,0.0013410414795971073
OFF,0.5,0.6,1.0,10,156.16666666666666,0.1245406,0.0013331911490855322
OFF,0.5,0.6,1.0,10,156.33333333333334,0.124551,0.0013169028058288904
OFF,0.5,0.6,1.0,10,156.5,0.12454020000000002,0.0013374495728811614
OFF,0.5,0.6,1.0,10,156.66666666666666,0.12452940000000001,0.0013281844901970514
OFF,0.5,0.6,1.0,10,156.83333333333334,0.1245326,0.0013358223085425734
OFF,0.5,0.6,1.0,10,157.0,0.124533,0.0013321491658219054
OFF,0.5,0.6,1.0,10,157.16666666666666,0.12452339999999999,0.0013247449716832335
OFF,0.5,0.6,1.0,10,157.33333333333334,0.12451919999999998,0.0013180272986550768
OFF,0.5,0.6,1.0,10,157.5,0.12453239999999999,0.0013073279007196326
OFF,0.5,0.6,1.0,10,157.66666666666666,0.1245401,0.0013279269897099027
OFF,0.5,0.6,1.0,10,157.83333333333334,0.12454140000000002,0.0013425943691227084
OFF,0.5,0.6,1.0,10,158.0,0.12455049999999998,0.0013430877298225893
OFF,0.5,0.6,1.0,10,158.16666666666666,0.12456420000000001,0.0013303421214108796
OFF,0.5,0.6,1.0,10,158.33333333333334,0.12455799999999999,0.0013115060045611703
OFF,0.5,0.6,1.0,10,158.5,0.12455239999999998,0.0013277386188553831
OFF,0.5,0.6,1.0,10,158.66666666666666,0.12452389999999999,0.0013464561968367205
OFF,0.5,0.6,1.0,10,158.83333333333334,0.12454090000000002,0.0013432093247145057
OFF,0.5,0.6,1.0,10,159.0,0.12454459999999998,0.0013328844060907887
OFF,0.5,0.6,1.0,10,159.16666666666666,0.12454809999999998,0.001328814091586928
OFF,0.5,0.6,1.0,10,159.33333333333334,0.12456429999999999,0.0013272543878247265
OFF,0.5,0.6,1.0,10,159.5,0.1245719,0.001338818617289137
OFF,0.5,0.6,1.0,10,159.66666666666666,0.12458559999999999,0.001337939325978574
OFF,0.5,0.6,1.0,10,159.83333333333334,0.1245949,0.0013374611358839541
OFF,0.5,0.6,1.0,10,160.0,0.12460089999999999,0.0013465339542692559
OFF,0.5,0.6,1.0,10,160.16666666666666,0.12460329999999997,0.001331990093807006
OFF,0.5,0.6,1.0,10,160.33333333333334,0.1246112,0.0013392970394949734
OFF,0.5,0.6,1.0,10,160.5,0.12462469999999999,0.001334564052415621
OFF,0.5,0.6,1.0,10,160.66666666666666,0.12462680000000001,0.001344449909814419
OFF,0.5,0.6,1.0,10,160.83333333333334,0.12462809999999999,0.0013392775253844857
OFF,0.5,0.6,1.0,10,161.0,0.1246304,0.0013574856315998302
OFF,0.5,0.6,1.0,10,161.16666666666666,0.12462730000000002,0.00134997067005176
OFF,0.5,0.6,1.0,10,161.33333333333334,0.12462310000000001,0.0013594343272111385
OFF,0.5,0.6,1.0,10,161.5,0.12463969999999999,0.0013702014486928588
OFF,0.5,0.6,1.0,10,161.66666666666666,0.1246502,0.0013719215575243328
OFF,0.5,0.6,1.0,10,161.83333333333334,0.12466060000000001,0.0013580743867697405
OFF,0.5,0.6,1.0,10,162.0,0.12465689999999999,0.001335756598336687
OFF,0.5,0.6,1.0,10,162.16666666666666,0.124664,0.001321603117429737
OFF,0.5,0.6,1.0,10,162.33333333333334,0.1246628,0.0013107994354591428
OFF,0.5,0.6,1.0,10,162.5,0.12465459999999999,0.001299407264871183
OFF,0.5,0.6,1.0,10,162.66666666666666,0.1246602,0.0013041123264504496
OFF,0.5,0.6,1.0,10,162.83333333333334,0.12466290000000002,0.0013100486594016284
OFF,0.5,0.6,1.0,10,163.0,0.12465299999999999,0.001284060668348658
OFF,0.5,0.6,1.0,10,163.16666666666666,0.12464230000000001,0.001272893793684296
OFF,0.5,0.6,1.0,10,163.33333333333334,0.12462740000000001,0.00127363889701909
OFF,0.5,0.6,1.0,10,163.5,0.12464660000000001,0.0012633960740797009
OFF,0.5,0.6,1.0,10,163.66666666666666,0.12464139999999999,0.0012647127104603658
OFF,0.5,0.6,1.0,10,163.83333333333334,0.1246415,0.001269019483695973
OFF,0.5,0.6,1.0,10,164.0,0.12464729999999999,0.001270531861072365
OFF,0.5,0.6,1.0,10,164.16666666666666,0.12463260000000001,0.0012778178430433663
OFF,0.5,0.6,1.0,10,164.33333333333334,0.1246529,0.0012873862240990455
OFF,0.5,0.6,1.0,10,164.5,0.1246647,0.0012952372022143293
OFF,0.5,0.6,1.0,10,164.66666666666666,0.12468459999999999,0.001292562122298192
OFF,0.5,0.6,1.0,10,164.83333333333334,0.12468660000000001,0.0012850830479000195
OFF,0.5,0.6,1.0,10,165.0,0.12466920000000001,0.0012829772250511713
OFF,0.5,0.6,1.0,10,165.16666666666666,0.1246692,0.001271606920396393
OFF,0.5,0.6,1.0,10,165.33333333333334,0.12467819999999999,0.0012587805845340944
OFF,0.5,0.6,1.0,10,165.5,0.1246553,0.001250160153740309
OFF,0.5,0.6,1.0,10,165.66666666666666,0.12465040000000001,0.0012358207960703673
OFF,0.5,0.6,1.0,10,165.83333333333334,0.12465919999999997,0.0012489120705638122
OFF,0.5,0.6,1.0,10,166.0,0.1246543,0.0012356993202231647
OFF,0.5,0.6,1.0,10,166.16666666666666,0.1246564,0.0012325266082320525
OFF,0.5,0.6,1.0,10,166.33333333333334,0.12466219999999999,0.0012268052657206858
OFF,0.5,0.6,1.0,10,166.5,0.12465300000000001,0.0012166048660103232
OFF,0.5,0.6,1.0,10,166.66666666666666,0.12465079999999999,0.0012262108954009508
OFF,0.5,0.6,1.0,10,166.83333333333334,0.12466179999999998,0.0012175614809938778
OFF,0.5,0.6,1.0,10,167.0,0.12466249999999998,0.0012255850235703776
OFF,0.5,0.6,1.0,10,167.16666666666666,0.1246709,0.0012217406803409646
OFF,0.5,0.6,1.0,10,167.33333333333334,0.1246488,0.0012227664372233941
OFF,0.5,0.6,1.0,10,167.5,0.12465670000000002,0.00122935145910354
OFF,0.5,0.6,1.0,10,167.66666666666666,0.12465790000000002,0.001229555484717956
OFF,0.5,0.6,1.0,10,167.83333333333334,0.12467170000000001,0.0012264009173186385
OFF,0.5,0.6,1.0,10,168.0,0.12468209999999998,0.0012305245588772292
OFF,0.5,0.6,1.0,10,168.16666666666666,0.12466970000000002,0.0012303381689600635
OFF,0.5,0.6,1.0,10,168.33333333333334,0.12468469999999998,0.0012171201296503164
OFF,0.5,0.6,1.0,10,168.5,0.12468529999999997,0.0012206880068223814
OFF,0.5,0.6,1.0,10,168.66666666666666,0.12466589999999997,0.0012277276937497149
OFF,0.5,0.6,1.0,10,168.83333333333334,0.1246744,0.0012364885927496473
OFF,0.5,0.6,1.0,10,169.0,0.12467139999999999,0.0012355335041997022
OFF,0.5,0.6,1.0,10,169.16666666666666,0.12467730000000002,0.001220650650268124
OFF,0.5,0.6,1.0,10,169.33333333333334,0.12468569999999998,0.0012233365890056596
OFF,0.5,0.6,1.0,10,169.5,0.1246881,0.0012190910097281498
OFF,0.5,0.6,1.0,10,169.66666666666666,0.12466599999999999,0.001221874216112279
OFF,0.5,0.6,1.0,10,169.83333333333334,0.1246709,0.0012043476615994238
OFF,0.5,0.6,1.0,10,170.0,0.12467049999999999,0.0012129604486544475
OFF,0.5,0.6,1.0,10,170.16666666666666,0.12465679999999998,0.0012191292630398115
OFF,0.5,0.6,1.0,10,170.33333333333334,0.12465149999999998,0.0012368222386422375
OFF,0.5,0.6,1.0,10,170.5,0.1246678,0.0012391860070223514
OFF,0.5,0.6,1.0,10,170.66666666666666,0.12466590000000002,0.0012542590202984428
OFF,0.5,0.6,1.0,10,170.83333333333334,0.1246607,0.0012433603701260548
OFF,0.5,0.6,1.0,10,171.0,0.12466219999999999,0.0012597024886853252
OFF,0.5,0.6,1.0,10,171.16666666666666,0.12467359999999998,0.0012624691045724677
OFF,0.5,0.6,1.0,10,171.33333333333334,0.1246786,0.0012682552739886402
OFF,0.5,0.6,1.0,10,171.5,0.12467550000000001,0.0012783573248509226
OFF,0.5,0.6,1.0,10,171.66666666666666,0.1246801,0.0012769254833387871
OFF,0.5,0.6,1.0,10,171.83333333333334,0.1246869,0.001289012990624996
OFF,0.5,0.6,1.0,10,172.0,0.12468850000000001,0.0012954039717400921
OFF,0.5,0.6,1.0,10,172.16666666666666,0.1246939,0.0012856572210352202
OFF,0.5,0.6,1.0,10,172.33333333333334,0.12467970000000002,0.0012957938146171263
OFF,0.5,0.6,1.0,10,172.5,0.12466950000000002,0.0012992118572426926
OFF,0.5,0.6,1.0,10,172.66666666666666,0.12466789999999998,0.001300443036045792
OFF,0.5,0.6,1.0,10,172.83333333333334,0.12465270000000002,0.0013170328052102556
OFF,0.5,0.6,1.0,10,173.0,0.1246616,0.0013386915402735615
OFF,0.5,0.6,1.0,10,173.16666666666666,0.12465689999999999,0.0013419665010722128
OFF,0.5,0.6,1.0,10,173.33333333333334,0.12466099999999998,0.001339142262793614
OFF,0.5,0.6,1.0,10,173.5,0.12467619999999999,0.0013439976041645324
OFF,0.5,0.6,1.0,10,173.66666666666666,0.12467860000000001,0.001337717623416844
OFF,0.5,0.6,1.0,10,173.83333333333334,0.1246753,0.0013298457090956104
OFF,0.5,0.6,1.0,10,174.0,0.1246745,0.0013189790938449362
OFF,0.5,0.6,1.0,10,174.16666666666666,0.12467310000000001,0.0013118993444620687
OFF,0.5,0.6,1.0,10,174.33333333333334,0.12466680000000001,0.0013182598985025703
OFF,0.5,0.6,1.0,10,174.5,0.12466450000000003,0.0013284934512446784
OFF,0.5,0.6,1.0,10,174.66666666666666,0.12468159999999999,0.0013321440762920516
OFF,0.5,0.6,1.0,10,174.83333333333334,0.1246671,0.0013322550393974901
OFF,0.5,0.6,1.0,10,175.0,0.1246578,0.0013280103764654872
OFF,0.5,0.6,1.0,10,175.16666666666666,0.1246659,0.0013111874351136863
OFF,0.5,0.6,1.0,10,175.33333333333334,0.1246683,0.0013069809524243277
OFF,0.5,0.6,1.0,10,175.5,0.1246529,0.0013146279663844068
OFF,0.5,0.6,1.0,10,175.66666666666666,0.12464889999999999,0.0013188939646537209
OFF,0.5,0.6,1.0,10,175.83333333333334,0.124637,0.0013228078469679579
OFF,0.5,0.6,1.0,10,176.0,0.12465630000000001,0.0013196143413891815
OFF,0.5,0.6,1.0,10,176.16666666666666,0.12466980000000001,0.001334626374683192
OFF,0.5,0.6,1.0,10,176.33333333333334,0.12467500000000001,0.0013538287188562693
OFF,0.5,0.6,1.0,10,176.5,0.12467919999999999,0.0013579256091553764
OFF,0.5,0.6,1.0,10,176.66666666666666,0.12468009999999999,0.00134038490367506
OFF,0.5,0.6,1.0,10,176.83333333333334,0.1246785,0.0013462456128062242
OFF,0.5,0.6,1.0,10,177.0,0.12466750000000001,0.001360639353392367
OFF,0.5,0.6,1.0,10,177.16666666666666,0.12466680000000001,0.0013527743196852925
OFF,0.5,0.6,1.0,10,177.33333333333334,0.12466229999999998,0.001353842018109942
OFF,0.5,0.6,1.0,10,177.5,0.1246744,0.0013509641149934363
OFF,0.5,0.6,1.0,10,177.66666666666666,0.1246806,0.0013567582835568024
OFF,0.5,0.6,1.0,10,177.83333333333334,0.1246702,0.001350603776094234
OFF,0.5,0.6,1.0,10,178.0,0.1246628,0.0013630018195145556
OFF,0.5,0.6,1.0,10,178.16666666666666,0.12466859999999999,0.001365645136922474
OFF,0.5,0.6,1.0,10,178.33333333333334,0.1246609,0.001364269434532637
OFF,0.5,0.6,1.0,10,178.5,0.12464179999999998,0.0013597023056537052
OFF,0.5,0.6,1.0,10,178.66666666666666,0.12464389999999999,0.001359433738730947
OFF,0.5,0.6,1.0,10,178.83333333333334,0.12464119999999998,0.0013709084433323796
OFF,0.5,0.6,1.0,10,179.0,0.12464679999999999,0.001361358351059708
OFF,0.5,0.6,1.0,10,179.16666666666666,0.1246491,0.0013637238320129172
OFF,0.5,0.6,1.0,10,179.33333333333334,0.12464519999999998,0.0013968056271364325
OFF,0.5,0.6,1.0,10,179.5,0.1246545,0.0013862246030135247
OFF,0.5,0.6,1.0,10,179.66666666666666,0.12465760000000001,0.0013864280868476355
OFF,0.5,0.6,1.0,10,179.83333333333334,0.1246566,0.0013841434318740222
OFF,0.5,0.6,1.0,10,180.0,0.12464300000000002,0.00138387846287165
OFF,0.5,0.6,1.0,10,180.16666666666666,0.12463229999999999,0.0013879563429733633
OFF,0.5,0.6,1.0,10,180.33333333333334,0.1246249,0.001391378269917997
OFF,0.5,0.6,1.0,10,180.5,0.1246074,0.0013751818207059035
OFF,0.5,0.6,1.0,10,180.66666666666666,0.12459829999999998,0.001368400018269507
OFF,0.5,0.6,1.0,10,180.83333333333334,0.12459420000000002,0.0013622632491556124
OFF,0.5,0.6,1.0,10,181.0,0.1245994,0.001376981713749316
OFF,0.5,0.6,1.0,10,181.16666666666666,0.1245975,0.001375155427579005
OFF,0.5,0.6,1.0,10,181.33333333333334,0.12459100000000001,0.0013839601872886402
OFF,0.5,0.6,1.0,10,181.5,0.12460250000000002,0.001383982315638461
OFF,0.5,0.6,1.0,10,181.66666666666666,0.124611,0.0013836677346819922
OFF,0.5,0.6,1.0,10,181.83333333333334,0.12462400000000003,0.0014121221618542755
OFF,0.5,0.6,1.0,10,182.0,0.1246259,0.0014150232824939682
OFF,0.5,0.6,1.0,10,182.16666666666666,0.1246477,0.0014010690239956076
OFF,0.5,0.6,1.0,10,182.33333333333334,0.1246408,0.0013923980609006866
OFF,0.5,0.6,1.0,10,182.5,0.1246354,0.0014140853722459672
OFF,0.5,0.6,1.0,10,182.66666666666666,0.12463640000000001,0.001424947872730792
OFF,0.5,0.6,1.0,10,182.83333333333334,0.12464230000000001,0.0013997286201260608
OFF,0.5,0.6,1.0,10,183.0,0.12463610000000003,0.0014062559119875741
OFF,0.5,0.6,1.0,10,183.16666666666666,0.12465010000000001,0.0014124712705042917
OFF,0.5,0.6,1.0,10,183.33333333333334,0.12465800000000002,0.0014062083771617918
OFF,0.5,0.6,1.0,10,183.5,0.12464800000000001,0.0014085401662714502
OFF,0.5,0.6,1.0,10,183.66666666666666,0.12465070000000003,0.0013936274286910407
OFF,0.5,0.6,1.0,10,183.83333333333334,0.1246632,0.0013971093586401865
OFF,0.5,0.6,1.0,10,184.0,0.12465869999999998,0.0013966359618741017
OFF,0.5,0.6,1.0,10,184.16666666666666,0.124655,0.0013954438003731995
OFF,0.5,0.6,1.0,10,184.33333333333334,0.12465790000000002,0.001391915115946372
OFF,0.5,0.6,1.0,10,184.5,0.12465979999999999,0.0013731108331085302
OFF,0.5,0.6,1.0,10,184.66666666666666,0.12466240000000002,0.0013827365765032788
OFF,0.5,0.6,1.0,10,184.83333333333334,0.12467350000000002,0.0013742334772519553
OFF,0.5,0.6,1.0,10,185.0,0.1246694,0.0013646677397813728
OFF,0.5,0.6,1.0,10,185.16666666666666,0.1246689,0.0013599195895346208
OFF,0.5,0.6,1.0,10,185.33333333333334,0.124674,0.0013640549842290077
OFF,0.5,0.6,1.0,10,185.5,0.12468279999999998,0.0013678732982261147
OFF,0.5,0.6,1.0,10,185.66666666666666,0.1247044,0.001359779996911263
OFF,0.5,0.6,1.0,10,185.83333333333334,0.12469540000000001,0.0013427252287791444
OFF,0.5,0.6,1.0,10,186.0,0.12468920000000001,0.0013442448288909282
OFF,0.5,0.6,1.0,10,186.16666666666666,0.12469460000000002,0.0013487756818685618
OFF,0.5,0.6,1.0,10,186.33333333333334,0.1246891,0.0013564191424482357
OFF,0.5,0.6,1.0,10,186.5,0.12469650000000002,0.0013647027698367117
OFF,0.5,0.6,1.0,10,186.66666666666666,0.12470279999999997,0.0013811088154088358
OFF,0.5,0.6,1.0,10,186.83333333333334,0.12468620000000001,0.0013847425609115963
OFF,0.5,0.6,1.0,10,187.0,0.12469110000000001,0.0013899550676190937
OFF,0.5,0.6,1.0,10,187.16666666666666,0.12469269999999999,0.0013915868675724139
OFF,0.5,0.6,1.0,10,187.33333333333334,0.12468349999999999,0.0013846459655810948
OFF,0.5,0.6,1.0,10,187.5,0.1246879,0.001401494876908225
OFF,0.5,0.6,1.0,10,187.66666666666666,0.12469269999999999,0.0013932208762432454
OFF,0.5,0.6,1.0,10,187.83333333333334,0.124695,0.0013957704682360898
OFF,0.5,0.6,1.0,10,188.0,0.12468520000000001,0.0013747266491924842
OFF,0.5,0.6,1.0,10,188.16666666666666,0.12470030000000001,0.0013784994051503972
OFF,0.5,0.6,1.0,10,188.33333333333334,0.12471170000000001,0.0013860151550397976
OFF,0.5,0.6,1.0,10,188.5,0.1247057,0.0013789984082659408
OFF,0.5,0.6,1.0,10,188.66666666666666,0.12472939999999999,0.0013651321694253642
OFF,0.5,0.6,1.0,10,188.83333333333334,0.12472290000000001,0.0013563352424824776
OFF,0.5,0.6,1.0,10,189.0,0.12471600000000001,0.0013658013032648646
OFF,0.5,0.6,1.0,10,189.16666666666666,0.1247206,0.0013638532325730645
OFF,0.5,0.6,1.0,10,189.33333333333334,0.12472330000000001,0.0013760667898034607
OFF,0.5,0.6,1.0,10,189.5,0.12472210000000002,0.001368359050103445
OFF,0.5,0.6,1.0,10,189.66666666666666,0.1247125,0.0013662922271607892
OFF,0.5,0.6,1.0,10,189.83333333333334,0.1246923,0.0013662674006211246
OFF,0.5,0.6,1.0,10,190.0,0.1246832,0.0013751321245611256
OFF,0.5,0.6,1.0,10,190.16666666666666,0.12469190000000001,0.001366633121946049
OFF,0.5,0.6,1.0,10,190.33333333333334,0.12469870000000001,0.0013705358112796602
OFF,0.5,0.6,1.0,10,190.5,0.12469770000000002,0.001371030783753594
OFF,0.5,0.6,1.0,10,190.66666666666666,0.12471440000000003,0.0013819498688447452
OFF,0.5,0.6,1.0,10,190.83333333333334,0.1246978,0.001405055643026281
OFF,0.5,0.6,1.0,10,191.0,0.12472259999999999,0.001399875580185612
OFF,0.5,0.6,1.0,10,191.16666666666666,0.12472939999999999,0.0013993020545972163
OFF,0.5,0.6,1.0,10,191.33333333333334,0.12473839999999999,0.0014092924607759711
OFF,0.5,0.6,1.0,10,191.5,0.12473509999999999,0.0013915656973351985
OFF,0.5,0.6,1.0,10,191.66666666666666,0.1247497,0.001397370748942455
OFF,0.5,0.6,1.0,10,191.83333333333334,0.12474289999999999,0.0013861198685539403
OFF,0.5,0.6,1.0,10,191.99833333333333,0.12472559999999999,0.0013840426438516964
OFF,0.5,0.6,1.0,10,192.0,0.1247248,0.0013828030083855069
OFF,0.5,0.6,3.0,10,0.0,0.09957505,0.0003250554268121059
OFF,0.5,0.6,3.0,10,0.16666666666666666,0.10076613999999999,0.0005552079037621838
OFF,0.5,0.6,3.0,10,0.3333333333333333,0.1048706,0.0007790126058030133
OFF,0.5,0.6,3.0,10,0.5,0.108298,0.0011557062775636368
OFF,0.5,0.6,3.0,10,0.6666666666666666,0.1109867,0.001371451934994443
OFF,0.5,0.6,3.0,10,0.8333333333333334,0.11310849999999999,0.0015576283414216623
OFF,0.5,0.6,3.0,10,1.0,0.11470820000000001,0.0017406995030734057
OFF,0.5,0.6,3.0,10,1.1666666666666667,0.1159114,0.001885981982946816
OFF,0.5,0.6,3.0,10,1.3333333333333333,0.11680450000000002,0.001973213381770965
OFF,0.5,0.6,3.0,10,1.5,0.1175316,0.002107255001180445
OFF,0.5,0.6,3.0,10,1.6666666666666667,0.11815519999999999,0.0021020415695223523
OFF,0.5,0.6,3.0,10,1.8333333333333333,0.11869009999999999,0.002152788909763335
OFF,0.5,0.6,3.0,10,2.0,0.11913879999999999,0.0021492884310859725
OFF,0.5,0.6,3.0,10,2.1666666666666665,0.11951459999999998,0.002165124716962051
OFF,0.5,0.6,3.0,10,2.3333333333333335,0.1198828,0.0021621946165875077
OFF,0.5,0.6,3.0,10,2.5,0.120238,0.0021773625789013613
OFF,0.5,0.6,3.0,10,2.6666666666666665,0.12050739999999997,0.0021600714432629302
OFF,0.5,0.6,3.0,10,2.8333333333333335,0.1207997,0.0022399692430924135
OFF,0.5,0.6,3.0,10,3.0,0.12108930000000002,0.002207096194097577
OFF,0.5,0.6,3.0,10,3.1666666666666665,0.121354,0.002198723402340547
OFF,0.5,0.6,3.0,10,3.3333333333333335,0.12162619999999999,0.0022019087083709884
OFF,0.5,0.6,3.0,10,3.5,0.1218124,0.0021866312995107353
OFF,0.5,0.6,3.0,10,3.6666666666666665,0.1220704,0.0021819450130560105
OFF,0.5,0.6,3.0,10,3.8333333333333335,0.12232110000000003,0.002226205985527843
OFF,0.5,0.6,3.0,10,4.0,0.12258239999999998,0.0022595993981234827
OFF,0.5,0.6,3.0,10,4.166666666666667,0.1227686,0.0022636130057940565
OFF,0.5,0.6,3.0,10,4.333333333333333,0.12301259999999999,0.0022792646708971747
OFF,0.5,0.6,3.0,10,4.5,0.12324470000000001,0.0022667871117508986
OFF,0.5,0.6,3.0,10,4.666666666666667,0.1234435,0.002313792784585518
OFF,0.5,0.6,3.0,10,4.833333333333333,0.12362139999999999,0.002313192650861571
OFF,0.5,0.6,3.0,10,5.0,0.12380280000000002,0.002328430578737535
OFF,0.5,0.6,3.0,10,5.166666666666667,0.12399199999999999,0.002295946340836391
OFF,0.5,0.6,3.0,10,5.333333333333333,0.1241973,0.0023115814521664593
OFF,0.5,0.6,3.0,10,5.5,0.1243471,0.002311413959030268
OFF,0.5,0.6,3.0,10,5.666666666666667,0.12447599999999999,0.0022963690034487087
OFF,0.5,0.6,3.0,10,5.833333333333333,0.124688,0.0023064872425400482
OFF,0.5,0.6,3.0,10,6.0,0.12482990000000001,0.002310455342567778
OFF,0.5,0.6,3.0,10,6.166666666666667,0.12502180000000002,0.002336563579276203
OFF,0.5,0.6,3.0,10,6.333333333333333,0.1251662,0.0023515280053616164
OFF,0.5,0.6,3.0,10,6.5,0.12532519999999997,0.0023871635804862605
OFF,0.5,0.6,3.0,10,6.666666666666667,0.12548359999999997,0.0024217237332115316
OFF,0.5,0.6,3.0,10,6.833333333333333,0.1256337,0.0024498988979139522
OFF,0.5,0.6,3.0,10,7.0,0.1257463,0.0024170223850845858
OFF,0.5,0.6,3.0,10,7.166666666666667,0.12590780000000001,0.002412216151177172
OFF,0.5,0.6,3.0,10,7.333333333333333,0.1260588,0.0024376329420156785
OFF,0.5,0.6,3.0,10,7.5,0.1262047,0.0024354692381551406
OFF,0.5,0.6,3.0,10,7.666666666666667,0.1263423,0.0024714399466707693
OFF,0.5,0.6,3.0,10,7.833333333333333,0.12647410000000003,0.00248120682128677
OFF,0.5,0.6,3.0,10,8.0,0.1266281,0.002465780138211835
OFF,0.5,0.6,3.0,10,8.166666666666666,0.12673679999999998,0.00244427063967966
OFF,0.5,0.6,3.0,10,8.333333333333334,0.1268859,0.0024811300429441433
OFF,0.5,0.6,3.0,10,8.5,0.12706409999999999,0.002511129405267676
OFF,0.5,0.6,3.0,10,8.666666666666666,0.12720389999999998,0.0025368620163501217
OFF,0.5,0.6,3.0,10,8.833333333333334,0.1273139,0.002527617314784819
OFF,0.5,0.6,3.0,10,9.0,0.1274153,0.0025412537476607903
OFF,0.5,0.6,3.0,10,9.166666666666666,0.12755509999999998,0.002571622695886777
OFF,0.5,0.6,3.0,10,9.333333333333334,0.12770489999999998,0.0025438477725681645
OFF,0.5,0.6,3.0,10,9.5,0.12784050000000002,0.0025417347324219373
OFF,0.5,0.6,3.0,10,9.666666666666666,0.12798389999999998,0.002533067841570772
OFF,0.5,0.6,3.0,10,9.833333333333334,0.128137,0.0025344213146199688
OFF,0.5,0.6,3.0,10,10.0,0.12824109999999997,0.002569329579870984
OFF,0.5,0.6,3.0,10,10.166666666666666,0.1283627,0.002583746622639301
OFF,0.5,0.6,3.0,10,10.333333333333334,0.12852760000000002,0.002602614616112037
OFF,0.5,0.6,3.0,10,10.5,0.1286586,0.0025962447958541974
OFF,0.5,0.6,3.0,10,10.666666666666666,0.12876079999999995,0.0025860139133423083
OFF,0.5,0.6,3.0,10,10.833333333333334,0.1289069,0.0025634609203184673
OFF,0.5,0.6,3.0,10,11.0,0.1290507,0.0025481070640771754
OFF,0.5,0.6,3.0,10,11.166666666666666,0.1291696,0.002509533709675959
OFF,0.5,0.6,3.0,10,11.333333333333334,0.12927739999999996,0.0025444882864733296
OFF,0.5,0.6,3.0,10,11.5,0.12941249999999999,0.0025358694465606874
OFF,0.5,0.6,3.0,10,11.666666666666666,0.1295084,0.0025403051470246686
OFF,0.5,0.6,3.0,10,11.833333333333334,0.1296528,0.0025536401782553482
OFF,0.5,0.6,3.0,10,12.0,0.129804,0.0025239107353470344
OFF,0.5,0.6,3.0,10,12.166666666666666,0.1299203,0.0025119345154681096
OFF,0.5,0.6,3.0,10,12.333333333333334,0.129996,0.0025281977375197526
OFF,0.5,0.6,3.0,10,12.5,0.13008799999999998,0.00252375612926447
OFF,0.5,0.6,3.0,10,12.666666666666666,0.1301939,0.002522702774803243
OFF,0.5,0.6,3.0,10,12.833333333333334,0.1302929,0.002519073220452317
OFF,0.5,0.6,3.0,10,13.0,0.13038229999999998,0.0024877470148710872
OFF,0.5,0.6,3.0,10,13.166666666666666,0.13047940000000002,0.0025026494840468547
OFF,0.5,0.6,3.0,10,13.333333333333334,0.13059410000000002,0.002507782504524659
OFF,0.5,0.6,3.0,10,13.5,0.1306915,0.0025003624637240074
OFF,0.5,0.6,3.0,10,13.666666666666666,0.1307592,0.002472987092566402
OFF,0.5,0.6,3.0,10,13.833333333333334,0.13083989999999998,0.002460116031816387
OFF,0.5,0.6,3.0,10,14.0,0.13096259999999998,0.0024526068661732165
OFF,0.5,0.6,3.0,10,14.166666666666666,0.1310676,0.0024288844846966275
OFF,0.5,0.6,3.0,10,14.333333333333334,0.1311284,0.0024102623176741594
OFF,0.5,0.6,3.0,10,14.5,0.1312236,0.0024211018648540986
OFF,0.5,0.6,3.0,10,14.666666666666666,0.13127669999999997,0.002411186100241953
OFF,0.5,0.6,3.0,10,14.833333333333334,0.1313596,0.002395823958474412
OFF,0.5,0.6,3.0,10,15.0,0.1314735,0.0023944407802240606
OFF,0.5,0.6,3.0,10,15.166666666666666,0.1315418,0.002371705875525047
OFF,0.5,0.6,3.0,10,15.333333333333334,0.1316305,0.002357761364090947
OFF,0.5,0.6,3.0,10,15.5,0.13169460000000002,0.002351705049533209
OFF,0.5,0.6,3.0,10,15.666666666666666,0.1318134,0.0023349780812675744
OFF,0.5,0.6,3.0,10,15.833333333333334,0.13190010000000002,0.0023682840391304415
OFF,0.5,0.6,3.0,10,16.0,0.1319659,0.002336757387920282
OFF,0.5,0.6,3.0,10,16.166666666666668,0.13205050000000002,0.0023337323861145707
OFF,0.5,0.6,3.0,10,16.333333333333332,0.1321272,0.002339743182488199
OFF,0.5,0.6,3.0,10,16.5,0.1321987,0.002356970642583393
OFF,0.5,0.6,3.0,10,16.666666666666668,0.1322583,0.002338595135973734
OFF,0.5,0.6,3.0,10,16.833333333333332,0.1323299,0.002322730180197436
OFF,0.5,0.6,3.0,10,17.0,0.1323956,0.0022941158296825425
OFF,0.5,0.6,3.0,10,17.166666666666668,0.13247760000000003,0.0023013409221582072
OFF,0.5,0.6,3.0,10,17.333333333333332,0.1325445,0.0022802291222594304
OFF,0.5,0.6,3.0,10,17.5,0.1325819,0.0022859029922549213
OFF,0.5,0.6,3.0,10,17.666666666666668,0.13264410000000001,0.002270287490605536
OFF,0.5,0.6,3.0,10,17.833333333333332,0.1326851,0.0022359210831333024
OFF,0.5,0.6,3.0,10,18.0,0.1327505,0.0022309115289495455
OFF,0.5,0.6,3.0,10,18.166666666666668,0.1328053,0.0022104896312808205
OFF,0.5,0.6,3.0,10,18.333333333333332,0.1328603,0.0021734766182317233
OFF,0.5,0.6,3.0,10,18.5,0.1329021,0.0021951641601483957
OFF,0.5,0.6,3.0,10,18.666666666666668,0.13295909999999997,0.0021827516785012406
OFF,0.5,0.6,3.0,10,18.833333333333332,0.13306710000000002,0.0022141867333176743
OFF,0.5,0.6,3.0,10,19.0,0.13314430000000005,0.0022207242084509283
OFF,0.5,0.6,3.0,10,19.166666666666668,0.1332135,0.002193187782657929
OFF,0.5,0.6,3.0,10,19.333333333333332,0.1332734,0.0021706204735052136
OFF,0.5,0.6,3.0,10,19.5,0.13334840000000003,0.0021625633031197057
OFF,0.5,0.6,3.0,10,19.666666666666668,0.13340599999999997,0.0021734066347556804
OFF,0.5,0.6,3.0,10,19.833333333333332,0.13347970000000003,0.002186093961841533
OFF,0.5,0.6,3.0,10,20.0,0.1335332,0.0022086791437417965
OFF,0.5,0.6,3.0,10,20.166666666666668,0.1336025,0.0022055408520360725
OFF,0.5,0.6,3.0,10,20.333333333333332,0.1336645,0.002206404688628081
OFF,0.5,0.6,3.0,10,20.5,0.13371089999999997,0.0022165719230379127
OFF,0.5,0.6,3.0,10,20.666666666666668,0.13376609999999997,0.002219250569449064
OFF,0.5,0.6,3.0,10,20.833333333333332,0.1338529,0.002217120089214838
OFF,0.5,0.6,3.0,10,21.0,0.1338994,0.0021944971724748292
OFF,0.5,0.6,3.0,10,21.166666666666668,0.1339457,0.0021987065311223357
OFF,0.5,0.6,3.0,10,21.333333333333332,0.13400549999999997,0.002213600110679435
OFF,0.5,0.6,3.0,10,21.5,0.1340385,0.0022031392715849796
OFF,0.5,0.6,3.0,10,21.666666666666668,0.1340899,0.002202912774033507
OFF,0.5,0.6,3.0,10,21.833333333333332,0.13414299999999996,0.002186190934022002
OFF,0.5,0.6,3.0,10,22.0,0.1341941,0.002190284842206602
OFF,0.5,0.6,3.0,10,22.166666666666668,0.1342419,0.002161982629439932
OFF,0.5,0.6,3.0,10,22.333333333333332,0.1342883,0.0021251784889745142
OFF,0.5,0.6,3.0,10,22.5,0.13436120000000001,0.002120803800449253
OFF,0.5,0.6,3.0,10,22.666666666666668,0.1343972,0.002121163774912258
OFF,0.5,0.6,3.0,10,22.833333333333332,0.13442579999999998,0.002106658102303272
OFF,0.5,0.6,3.0,10,23.0,0.1344797,0.0021072243852992955
OFF,0.5,0.6,3.0,10,23.166666666666668,0.13450979999999998,0.0021166590561542986
OFF,0.5,0.6,3.0,10,23.333333333333332,0.1345634,0.0021178986850177747
OFF,0.5,0.6,3.0,10,23.5,0.1346218,0.0021157393884881017
OFF,0.5,0.6,3.0,10,23.666666666666668,0.1346811,0.002117920888513075
OFF,0.5,0.6,3.0,10,23.833333333333332,0.13473580000000002,0.002116924788460846
OFF,0.5,0.6,3.0,10,24.0,0.13476370000000001,0.002082357368464884
OFF,0.5,0.6,3.0,10,24.166666666666668,0.13481590000000002,0.002063884805409441
OFF,0.5,0.6,3.0,10,24.333333333333332,0.1348466,0.002055370535937501
OFF,0.5,0.6,3.0,10,24.5,0.13487880000000002,0.0020445494271354755
OFF,0.5,0.6,3.0,10,24.666666666666668,0.13493289999999997,0.002056282492752392
OFF,0.5,0.6,3.0,10,24.833333333333332,0.1349822,0.002043974598667993
OFF,0.5,0.6,3.0,10,25.0,0.13503919999999997,0.0020536455292966224
OFF,0.5,0.6,3.0,10,25.166666666666668,0.13506970000000001,0.0020500374167317066
OFF,0.5,0.6,3.0,10,25.333333333333332,0.1350928,0.0020472558609025936
OFF,0.5,0.6,3.0,10,25.5,0.1351237,0.00204521862156592
OFF,0.5,0.6,3.0,10,25.666666666666668,0.1351534,0.002015420958509661
OFF,0.5,0.6,3.0,10,25.833333333333332,0.135183,0.0020217017089570848
OFF,0.5,0.6,3.0,10,26.0,0.1352047,0.0020057704280400587
OFF,0.5,0.6,3.0,10,26.166666666666668,0.13524909999999998,0.0019977497566011615
OFF,0.5,0.6,3.0,10,26.333333333333332,0.1352793,0.002004350869982599
OFF,0.5,0.6,3.0,10,26.5,0.1353163,0.002021945797987668
OFF,0.5,0.6,3.0,10,26.666666666666668,0.1353353,0.0020505982566070852
OFF,0.5,0.6,3.0,10,26.833333333333332,0.1353968,0.0020408327123995263
OFF,0.5,0.6,3.0,10,27.0,0.1354206,0.0020292490335096906
OFF,0.5,0.6,3.0,10,27.166666666666668,0.1354684,0.0020427131076095877
OFF,0.5,0.6,3.0,10,27.333333333333332,0.13550399999999999,0.0020464732101838044
OFF,0.5,0.6,3.0,10,27.5,0.13552809999999998,0.002014722534246343
OFF,0.5,0.6,3.0,10,27.666666666666668,0.13557979999999997,0.002006189263255093
OFF,0.5,0.6,3.0,10,27.833333333333332,0.1356004,0.001979503281128877
OFF,0.5,0.6,3.0,10,28.0,0.1356452,0.001972537239192201
OFF,0.5,0.6,3.0,10,28.166666666666668,0.13565770000000002,0.002001076462806956
OFF,0.5,0.6,3.0,10,28.333333333333332,0.13569710000000001,0.002010876299029853
OFF,0.5,0.6,3.0,10,28.5,0.13574139999999998,0.0020023523266398456
OFF,0.5,0.6,3.0,10,28.666666666666668,0.1357705,0.0020190131376491833
OFF,0.5,0.6,3.0,10,28.833333333333332,0.13579139999999998,0.0020351164684115726
OFF,0.5,0.6,3.0,10,29.0,0.1358538,0.002045876574967317
OFF,0.5,0.6,3.0,10,29.166666666666668,0.1358566,0.002057981010602382
OFF,0.5,0.6,3.0,10,29.333333333333332,0.1358779,0.0020694324076905705
OFF,0.5,0.6,3.0,10,29.5,0.13590649999999999,0.002078426532259441
OFF,0.5,0.6,3.0,10,29.666666666666668,0.13594859999999998,0.002052908044701467
OFF,0.5,0.6,3.0,10,29.833333333333332,0.1359807,0.0020453828028024466
OFF,0.5,0.6,3.0,10,30.0,0.1359837,0.0020316699559721767
OFF,0.5,0.6,3.0,10,30.166666666666668,0.13603079999999998,0.0020339521036641973
OFF,0.5,0.6,3.0,10,30.333333333333332,0.1360464,0.002033730768808893
OFF,0.5,0.6,3.0,10,30.5,0.1360714,0.0020409144617058294
OFF,0.5,0.6,3.0,10,30.666666666666668,0.1361011,0.002043165213584061
OFF,0.5,0.6,3.0,10,30.833333333333332,0.13612090000000002,0.0020535274748588114
OFF,0.5,0.6,3.0,10,31.0,0.13611230000000002,0.0020349864888986324
OFF,0.5,0.6,3.0,10,31.166666666666668,0.1361508,0.0020330294046078147
OFF,0.5,0.6,3.0,10,31.333333333333332,0.1361871,0.0020368466535308936
OFF,0.5,0.6,3.0,10,31.5,0.13620930000000003,0.0019969883850438396
OFF,0.5,0.6,3.0,10,31.666666666666668,0.1362257,0.0019787601699043757
OFF,0.5,0.6,3.0,10,31.833333333333332,0.13624399999999998,0.001957377429112738
OFF,0.5,0.6,3.0,10,32.0,0.13625890000000002,0.0019407463229386772
OFF,0.5,0.6,3.0,10,32.166666666666664,0.13630460000000003,0.0019491715265722526
OFF,0.5,0.6,3.0,10,32.333333333333336,0.13633840000000003,0.001949515283346093
OFF,0.5,0.6,3.0,10,32.5,0.13635170000000002,0.0019889571664568357
OFF,0.5,0.6,3.0,10,32.666666666666664,0.13637690000000002,0.002008699900433117
OFF,0.5,0.6,3.0,10,32.833333333333336,0.13639500000000002,0.002010348676225099
OFF,0.5,0.6,3.0,10,33.0,0.13642490000000002,0.0019923525516333694
OFF,0.5,0.6,3.0,10,33.166666666666664,0.1364615,0.0019704864500929725
OFF,0.5,0.6,3.0,10,33.333333333333336,0.1364973,0.0019779227512721543
OFF,0.5,0.6,3.0,10,33.5,0.1364994,0.001962602771831324
OFF,0.5,0.6,3.0,10,33.666666666666664,0.13648699999999997,0.001967719085642051
OFF,0.5,0.6,3.0,10,33.833333333333336,0.1364929,0.0020015285883544075
OFF,0.5,0.6,3.0,10,34.0,0.1365166,0.0019978257281354646
OFF,0.5,0.6,3.0,10,34.166666666666664,0.13652419999999998,0.0019999017875885843
OFF,0.5,0.6,3.0,10,34.333333333333336,0.1365746,0.0019691006678176745
OFF,0.5,0.6,3.0,10,34.5,0.13659269999999998,0.001956341588271332
OFF,0.5,0.6,3.0,10,34.666666666666664,0.13659499999999997,0.0019304042581801382
OFF,0.5,0.6,3.0,10,34.833333333333336,0.13659870000000002,0.0019167226742541554
OFF,0.5,0.6,3.0,10,35.0,0.13663319999999998,0.0019125238194595152
OFF,0.5,0.6,3.0,10,35.166666666666664,0.1366457,0.0019230020826821806
OFF,0.5,0.6,3.0,10,35.333333333333336,0.1366817,0.0019227690474937452
OFF,0.5,0.6,3.0,10,35.5,0.136697,0.0019177854937401104
OFF,0.5,0.6,3.0,10,35.666666666666664,0.13673600000000002,0.0019109083703830476
OFF,0.5,0.6,3.0,10,35.833333333333336,0.1367548,0.0019099759579638714
OFF,0.5,0.6,3.0,10,36.0,0.13677259999999997,0.0018872129291630014
OFF,0.5,0.6,3.0,10,36.166666666666664,0.13678820000000003,0.001883036951310305
OFF,0.5,0.6,3.0,10,36.333333333333336,0.1368201,0.0018880803717003095
OFF,0.5,0.6,3.0,10,36.5,0.1368433,0.001874786550517151
OFF,0.5,0.6,3.0,10,36.666666666666664,0.1368856,0.0018595351677233767
OFF,0.5,0.6,3.0,10,36.833333333333336,0.13691340000000002,0.0018302131132739705
OFF,0.5,0.6,3.0,10,37.0,0.1369419,0.0018162791332832046
OFF,0.5,0.6,3.0,10,37.166666666666664,0.1369649,0.001819395198960361
OFF,0.5,0.6,3.0,10,37.333333333333336,0.13699630000000002,0.0018389202293737541
OFF,0.5,0.6,3.0,10,37.5,0.1369997,0.001811457261433462
OFF,0.5,0.6,3.0,10,37.666666666666664,0.13704159999999999,0.0018040034478902765
OFF,0.5,0.6,3.0,10,37.833333333333336,0.137068,0.0017832167563142706
OFF,0.5,0.6,3.0,10,38.0,0.1370864,0.0017978554001921291
OFF,0.5,0.6,3.0,10,38.166666666666664,0.13710170000000002,0.0017874721843989657
OFF,0.5,0.6,3.0,10,38.333333333333336,0.13710209999999998,0.0017936606395859856
OFF,0.5,0.6,3.0,10,38.5,0.1371219,0.001782898339782728
OFF,0.5,0.6,3.0,10,38.666666666666664,0.1371571,0.0017710769859043416
OFF,0.5,0.6,3.0,10,38.833333333333336,0.1371794,0.0017655331319462685
OFF,0.5,0.6,3.0,10,39.0,0.13719279999999998,0.0017552480052687694
OFF,0.5,0.6,3.0,10,39.166666666666664,0.1372283,0.0017543260272822752
OFF,0.5,0.6,3.0,10,39.333333333333336,0.1372576,0.0017763571825508498
OFF,0.5,0.6,3.0,10,39.5,0.1372853,0.0017523908839069012
OFF,0.5,0.6,3.0,10,39.666666666666664,0.13730740000000002,0.0017445866100598143
OFF,0.5,0.6,3.0,10,39.833333333333336,0.1373315,0.0017276731317005481
OFF,0.5,0.6,3.0,10,40.0,0.1373392,0.001720695487295764
OFF,0.5,0.6,3.0,10,40.166666666666664,0.1373497,0.001707274380408722
OFF,0.5,0.6,3.0,10,40.333333333333336,0.1373491,0.001706625585768598
OFF,0.5,0.6,3.0,10,40.5,0.1373439,0.0017021447911385182
OFF,0.5,0.6,3.0,10,40.666666666666664,0.1373448,0.0016818426680281356
OFF,0.5,0.6,3.0,10,40.833333333333336,0.13737300000000002,0.0016881968487116677
OFF,0.5,0.6,3.0,10,41.0,0.1374209,0.00167535837658693
OFF,0.5,0.6,3.0,10,41.166666666666664,0.1374415,0.001663203911130561
OFF,0.5,0.6,3.0,10,41.333333333333336,0.1374492,0.0016456370681289345
OFF,0.5,0.6,3.0,10,41.5,0.137477,0.0016542187884315642
OFF,0.5,0.6,3.0,10,41.666666666666664,0.13748580000000002,0.0016407499992381537
OFF,0.5,0.6,3.0,10,41.833333333333336,0.13748309999999997,0.0016712460291650629
OFF,0.5,0.6,3.0,10,42.0,0.1374787,0.001639843288244337
OFF,0.5,0.6,3.0,10,42.166666666666664,0.1375088,0.0016437301360016495
OFF,0.5,0.6,3.0,10,42.333333333333336,0.1375264,0.0016244855308681562
OFF,0.5,0.6,3.0,10,42.5,0.1375513,0.0016031591967112957
OFF,0.5,0.6,3.0,10,42.666666666666664,0.1375645,0.0016106321895454575
OFF,0.5,0.6,3.0,10,42.833333333333336,0.1375819,0.001590157882098502
OFF,0.5,0.6,3.0,10,43.0,0.13758339999999997,0.0015751766377140063
OFF,0.5,0.6,3.0,10,43.166666666666664,0.1376178,0.001565577708068177
OFF,0.5,0.6,3.0,10,43.333333333333336,0.1376426,0.0015374158318425069
OFF,0.5,0.6,3.0,10,43.5,0.1376747,0.0015153738185675507
OFF,0.5,0.6,3.0,10,43.666666666666664,0.13768609999999998,0.0014981062345508084
OFF,0.5,0.6,3.0,10,43.833333333333336,0.1377205,0.001498844638379842
OFF,0.5,0.6,3.0,10,44.0,0.1377233,0.0014708885783770312
OFF,0.5,0.6,3.0,10,44.166666666666664,0.1377534,0.0014638209043458823
OFF,0.5,0.6,3.0,10,44.333333333333336,0.13779539999999998,0.0014748878059025383
OFF,0.5,0.6,3.0,10,44.5,0.1377806,0.001467591646201357
OFF,0.5,0.6,3.0,10,44.666666666666664,0.13777750000000002,0.0014564630616668607
OFF,0.5,0.6,3.0,10,44.833333333333336,0.1377861,0.0014829039382239179
OFF,0.5,0.6,3.0,10,45.0,0.1377675,0.001466809275263831
OFF,0.5,0.6,3.0,10,45.166666666666664,0.13778740000000003,0.001463203075447834
OFF,0.5,0.6,3.0,10,45.333333333333336,0.1378027,0.0014868467338633115
OFF,0.5,0.6,3.0,10,45.5,0.13781229999999997,0.0014908378885713897
OFF,0.5,0.6,3.0,10,45.666666666666664,0.1378185,0.0014842276947961894
OFF,0.5,0.6,3.0,10,45.833333333333336,0.13781990000000002,0.0014944266760199376
OFF,0.5,0.6,3.0,10,46.0,0.1378238,0.0015038109455646305
OFF,0.5,0.6,3.0,10,46.166666666666664,0.1378152,0.0015030574706244584
OFF,0.5,0.6,3.0,10,46.333333333333336,0.137844,0.0014876224655469596
OFF,0.5,0.6,3.0,10,46.5,0.1378719,0.0014721051898556711
OFF,0.5,0.6,3.0,10,46.666666666666664,0.13790329999999998,0.0014728090202059461
OFF,0.5,0.6,3.0,10,46.833333333333336,0.13793729999999998,0.0014833025348862578
OFF,0.5,0.6,3.0,10,47.0,0.1379741,0.0014965066956081454
OFF,0.5,0.6,3.0,10,47.166666666666664,0.1379724,0.0014974657391740225
OFF,0.5,0.6,3.0,10,47.333333333333336,0.1379972,0.0015152672239575446
OFF,0.5,0.6,3.0,10,47.5,0.1380073,0.0015263056083235761
OFF,0.5,0.6,3.0,10,47.666666666666664,0.1380168,0.0015528059634094674
OFF,0.5,0.6,3.0,10,47.833333333333336,0.1380401,0.0015491424369631114
OFF,0.5,0.6,3.0,10,48.0,0.13804149999999998,0.001538628951371964
OFF,0.5,0.6,3.0,10,48.166666666666664,0.13803369999999998,0.00153331464807456
OFF,0.5,0.6,3.0,10,48.333333333333336,0.1380451,0.0015250991082549343
OFF,0.5,0.6,3.0,10,48.5,0.1380649,0.0015368184310451246
OFF,0.5,0.6,3.0,10,48.666666666666664,0.138036,0.001534078681163393
OFF,0.5,0.6,3.0,10,48.833333333333336,0.1380402,0.0015174123236615736
OFF,0.5,0.6,3.0,10,49.0,0.1380423,0.0015239692286919675
OFF,0.5,0.6,3.0,10,49.166666666666664,0.1380599,0.0015261925468301842
OFF,0.5,0.6,3.0,10,49.333333333333336,0.138053,0.0015462693167750548
OFF,0.5,0.6,3.0,10,49.5,0.13805879999999998,0.0015480099353686351
OFF,0.5,0.6,3.0,10,49.666666666666664,0.13807629999999999,0.00153709895907843
OFF,0.5,0.6,3.0,10,49.833333333333336,0.13807299999999997,0.0015289179834118009
OFF,0.5,0.6,3.0,10,50.0,0.13811990000000002,0.0015292207460010506
OFF,0.5,0.6,3.0,10,50.166666666666664,0.1381184,0.001529223476147292
OFF,0.5,0.6,3.0,10,50.333333333333336,0.1381036,0.0015212772396903888
OFF,0.5,0.6,3.0,10,50.5,0.1381326,0.0015425298181882918
OFF,0.5,0.6,3.0,10,50.666666666666664,0.1381342,0.0015348568532602637
OFF,0.5,0.6,3.0,10,50.833333333333336,0.1381475,0.001539596586772002
OFF,0.5,0.6,3.0,10,51.0,0.1381437,0.0015471313486579027
OFF,0.5,0.6,3.0,10,51.166666666666664,0.1381307,0.0015496760338857905
OFF,0.5,0.6,3.0,10,51.333333333333336,0.13813910000000001,0.0015430253692016863
OFF,0.5,0.6,3.0,10,51.5,0.13815970000000005,0.0015590195669073557
OFF,0.5,0.6,3.0,10,51.666666666666664,0.13815709999999998,0.0015404203614598174
OFF,0.5,0.6,3.0,10,51.833333333333336,0.13816119999999998,0.0015050823100415443
OFF,0.5,0.6,3.0,10,52.0,0.13815899999999998,0.0014769581578365678
OFF,0.5,0.6,3.0,10,52.166666666666664,0.1381719,0.0014749139941027055
OFF,0.5,0.6,3.0,10,52.333333333333336,0.1381693,0.0014720646758889344
OFF,0.5,0.6,3.0,10,52.5,0.13816730000000002,0.0014643498250076724
OFF,0.5,0.6,3.0,10,52.666666666666664,0.13817949999999998,0.001475770392032586
OFF,0.5,0.6,3.0,10,52.833333333333336,0.13819679999999998,0.0014810747989213752
OFF,0.5,0.6,3.0,10,53.0,0.13819330000000002,0.001452307753198333
OFF,0.5,0.6,3.0,10,53.166666666666664,0.1382208,0.001451726751148432
OFF,0.5,0.6,3.0,10,53.333333333333336,0.13820259999999998,0.001456414583832502
OFF,0.5,0.6,3.0,10,53.5,0.13820369999999998,0.0014374707683984394
OFF,0.5,0.6,3.0,10,53.666666666666664,0.1382248,0.0014397525342919211
OFF,0.5,0.6,3.0,10,53.833333333333336,0.13821909999999998,0.0014467103683875391
OFF,0.5,0.6,3.0,10,54.0,0.13819259999999997,0.001420087124087816
OFF,0.5,0.6,3.0,10,54.166666666666664,0.1381865,0.0014386881698269418
OFF,0.5,0.6,3.0,10,54.333333333333336,0.13818670000000002,0.0014357531856137365
OFF,0.5,0.6,3.0,10,54.5,0.13819430000000005,0.0014449856089248775
OFF,0.5,0.6,3.0,10,54.666666666666664,0.1382014,0.0014523585783132236
OFF,0.5,0.6,3.0,10,54.833333333333336,0.13823200000000002,0.0014572445916866533
OFF,0.5,0.6,3.0,10,55.0,0.1382295,0.0014481557409339657
OFF,0.5,0.6,3.0,10,55.166666666666664,0.13823950000000002,0.0014390469241828147
OFF,0.5,0.6,3.0,10,55.333333333333336,0.138237,0.0014456547305632835
OFF,0.5,0.6,3.0,10,55.5,0.13825300000000001,0.0014368432064773113
OFF,0.5,0.6,3.0,10,55.666666666666664,0.1382477,0.0014486117526790949
OFF,0.5,0.6,3.0,10,55.833333333333336,0.13824,0.001463150436558047
OFF,0.5,0.6,3.0,10,56.0,0.1382572,0.0014406632361520135
OFF,0.5,0.6,3.0,10,56.166666666666664,0.13827009999999998,0.0014448504732324393
OFF,0.5,0.6,3.0,10,56.333333333333336,0.1382526,0.0014405323460443414
OFF,0.5,0.6,3.0,10,56.5,0.13826109999999997,0.001445336808498286
OFF,0.5,0.6,3.0,10,56.666666666666664,0.13826870000000002,0.0014315942895946467
OFF,0.5,0.6,3.0,10,56.833333333333336,0.13825709999999997,0.0014168352374217656
OFF,0.5,0.6,3.0,10,57.0,0.1382774,0.0014064805153289528
OFF,0.5,0.6,3.0,10,57.166666666666664,0.1382794,0.0014108849138040986
OFF,0.5,0.6,3.0,10,57.333333333333336,0.13831179999999998,0.0013936231054341764
OFF,0.5,0.6,3.0,10,57.5,0.13831179999999998,0.0013865246337515956
OFF,0.5,0.6,3.0,10,57.666666666666664,0.1383199,0.0013880909516310513
OFF,0.5,0.6,3.0,10,57.833333333333336,0.1383138,0.0013891554124719108
OFF,0.5,0.6,3.0,10,58.0,0.13831179999999996,0.0013975780335995557
OFF,0.5,0.6,3.0,10,58.166666666666664,0.1383171,0.001385612099398674
OFF,0.5,0.6,3.0,10,58.333333333333336,0.13832210000000003,0.0013712590893044238
OFF,0.5,0.6,3.0,10,58.5,0.1383214,0.001395727924776169
OFF,0.5,0.6,3.0,10,58.666666666666664,0.1383419,0.001401996608412445
OFF,0.5,0.6,3.0,10,58.833333333333336,0.13836500000000002,0.0013835786208235483
OFF,0.5,0.6,3.0,10,59.0,0.1383798,0.0013850994765719925
OFF,0.5,0.6,3.0,10,59.166666666666664,0.13841520000000002,0.001399812187402293
OFF,0.5,0.6,3.0,10,59.333333333333336,0.1384378,0.0013877926934524525
OFF,0.5,0.6,3.0,10,59.5,0.1384728,0.001363149060081105
OFF,0.5,0.6,3.0,10,59.666666666666664,0.1384808,0.0013523222840728488
OFF,0.5,0.6,3.0,10,59.833333333333336,0.13846799999999998,0.0013616199175981577
OFF,0.5,0.6,3.0,10,60.0,0.13846360000000002,0.0013540770435983326
OFF,0.5,0.6,3.0,10,60.166666666666664,0.13847020000000002,0.0013510291484642334
OFF,0.5,0.6,3.0,10,60.333333333333336,0.1384896,0.0013477304033077233
OFF,0.5,0.6,3.0,10,60.5,0.1384846,0.0013533186764395188
OFF,0.5,0.6,3.0,10,60.666666666666664,0.1384764,0.0013551026676971772
OFF,0.5,0.6,3.0,10,60.833333333333336,0.13845480000000002,0.0013734342940235592
OFF,0.5,0.6,3.0,10,61.0,0.13843980000000003,0.0013613667250230571
OFF,0.5,0.6,3.0,10,61.166666666666664,0.1384536,0.0013344291813355996
OFF,0.5,0.6,3.0,10,61.333333333333336,0.1384537,0.0013220397913829964
OFF,0.5,0.6,3.0,10,61.5,0.1384582,0.001325516789784272
OFF,0.5,0.6,3.0,10,61.666666666666664,0.1384689,0.001329986875875095
OFF,0.5,0.6,3.0,10,61.833333333333336,0.1384662,0.0013577817792266912
OFF,0.5,0.6,3.0,10,62.0,0.1384955,0.0013736336665938313
OFF,0.5,0.6,3.0,10,62.166666666666664,0.13850179999999998,0.0013873352010238891
OFF,0.5,0.6,3.0,10,62.333333333333336,0.1384973,0.0013609701723403022
OFF,0.5,0.6,3.0,10,62.5,0.13850469999999998,0.0013763140666286928
OFF,0.5,0.6,3.0,10,62.666666666666664,0.13850859999999998,0.0013786928737032026
OFF,0.5,0.6,3.0,10,62.833333333333336,0.1385377,0.0013765712513342685
OFF,0.5,0.6,3.0,10,63.0,0.1385469,0.0013670772070369676
OFF,0.5,0.6,3.0,10,63.166666666666664,0.13853659999999998,0.001376026104403548
OFF,0.5,0.6,3.0,10,63.333333333333336,0.138534,0.0013948095927401715
OFF,0.5,0.6,3.0,10,63.5,0.1385205,0.0013981377793336382
OFF,0.5,0.6,3.0,10,63.666666666666664,0.13852630000000002,0.001392108620043711
OFF,0.5,0.6,3.0,10,63.833333333333336,0.138506,0.0013761887225231912
OFF,0.5,0.6,3.0,10,64.0,0.13849989999999998,0.0013710176111195634
OFF,0.5,0.6,3.0,10,64.16666666666667,0.138519,0.0013737293037567532
OFF,0.5,0.6,3.0,10,64.33333333333333,0.1385248,0.0013842026441240464
OFF,0.5,0.6,3.0,10,64.5,0.1385244,0.001355987994047143
OFF,0.5,0.6,3.0,10,64.66666666666667,0.1385229,0.0013582779133888639
OFF,0.5,0.6,3.0,10,64.83333333333333,0.13851850000000002,0.0013405179036476893
OFF,0.5,0.6,3.0,10,65.0,0.1385213,0.0013331741859187072
OFF,0.5,0.6,3.0,10,65.16666666666667,0.13852199999999998,0.0013315958095458222
OFF,0.5,0.6,3.0,10,65.33333333333333,0.13854529999999998,0.0013322929895484758
OFF,0.5,0.6,3.0,10,65.5,0.1385238,0.0013405852304124487
OFF,0.5,0.6,3.0,10,65.66666666666667,0.1385093,0.001348005864230569
OFF,0.5,0.6,3.0,10,65.83333333333333,0.1385194,0.0013595884818576537
OFF,0.5,0.6,3.0,10,66.0,0.13852589999999998,0.0013428575836625456
OFF,0.5,0.6,3.0,10,66.16666666666667,0.1385472,0.0013299242685205753
OFF,0.5,0.6,3.0,10,66.33333333333333,0.13855460000000003,0.0013286490281485155
OFF,0.5,0.6,3.0,10,66.5,0.13854720000000004,0.0013266061058204138
OFF,0.5,0.6,3.0,10,66.66666666666667,0.13852920000000002,0.001328864838875649
OFF,0.5,0.6,3.0,10,66.83333333333333,0.1385346,0.0013255157637689545
OFF,0.5,0.6,3.0,10,67.0,0.138537,0.001333523828058575
OFF,0.5,0.6,3.0,10,67.16666666666667,0.13858020000000001,0.0013654178701042387
OFF,0.5,0.6,3.0,10,67.33333333333333,0.13859110000000002,0.0013504420350388948
OFF,0.5,0.6,3.0,10,67.5,0.1385909,0.0013387121012376018
OFF,0.5,0.6,3.0,10,67.66666666666667,0.1385748,0.0013518054445814285
OFF,0.5,0.6,3.0,10,67.83333333333333,0.138561,0.0013663494428585979
OFF,0.5,0.6,3.0,10,68.0,0.1385446,0.0013668750637860036
OFF,0.5,0.6,3.0,10,68.16666666666667,0.1385444,0.0013873586558637257
OFF,0.5,0.6,3.0,10,68.33333333333333,0.1385235,0.0013648712210314951
OFF,0.5,0.6,3.0,10,68.5,0.13851549999999999,0.0013447742747390735
OFF,0.5,0.6,3.0,10,68.66666666666667,0.13853810000000003,0.0013414552135647306
OFF,0.5,0.6,3.0,10,68.83333333333333,0.13852499999999998,0.0013253395791268025
OFF,0.5,0.6,3.0,10,69.0,0.13853339999999997,0.0013343506435716211
OFF,0.5,0.6,3.0,10,69.16666666666667,0.1385167,0.0013430995532722066
OFF,0.5,0.6,3.0,10,69.33333333333333,0.138519,0.0013285027662748776
OFF,0.5,0.6,3.0,10,69.5,0.1385064,0.0013154053519733007
OFF,0.5,0.6,3.0,10,69.66666666666667,0.1385128,0.0013006006919881264
OFF,0.5,0.6,3.0,10,69.83333333333333,0.13852799999999998,0.0013150231176675164
OFF,0.5,0.6,3.0,10,70.0,0.1385265,0.0013247470890702115
OFF,0.5,0.6,3.0,10,70.16666666666667,0.138553,0.001314737464287075
OFF,0.5,0.6,3.0,10,70.33333333333333,0.138572,0.0013200022727253176
OFF,0.5,0.6,3.0,10,70.5,0.13859,0.0013255230665665547
OFF,0.5,0.6,3.0,10,70.66666666666667,0.13859870000000002,0.001322738148690058
OFF,0.5,0.6,3.0,10,70.83333333333333,0.13860009999999998,0.0013157495544365583
OFF,0.5,0.6,3.0,10,71.0,0.13858639999999997,0.0013233792502529275
OFF,0.5,0.6,3.0,10,71.16666666666667,0.1385725,0.0012889168514687058
OFF,0.5,0.6,3.0,10,71.33333333333333,0.13857409999999998,0.0013028749326009722
OFF,0.5,0.6,3.0,10,71.5,0.13856949999999998,0.0013050996322120378
OFF,0.5,0.6,3.0,10,71.66666666666667,0.1385741,0.00131601903101741
OFF,0.5,0.6,3.0,10,71.83333333333333,0.1386076,0.0013076059192279595
OFF,0.5,0.6,3.0,10,72.0,0.1386187,0.0013058760316354678
OFF,0.5,0.6,3.0,10,72.16666666666667,0.1386473,0.0012801735858859135
OFF,0.5,0.6,3.0,10,72.33333333333333,0.13865499999999997,0.0013008033671543136
OFF,0.5,0.6,3.0,10,72.5,0.1386623,0.001284538520247644
OFF,0.5,0.6,3.0,10,72.66666666666667,0.138676,0.0012583776857525736
OFF,0.5,0.6,3.0,10,72.83333333333333,0.1386735,0.0012613072781840265
OFF,0.5,0.6,3.0,10,73.0,0.13866070000000003,0.0012406419346451254
OFF,0.5,0.6,3.0,10,73.16666666666667,0.1386638,0.001242218966205235
OFF,0.5,0.6,3.0,10,73.33333333333333,0.1386566,0.0012515738252296578
OFF,0.5,0.6,3.0,10,73.5,0.1386908,0.0012587577050409632
OFF,0.5,0.6,3.0,10,73.66666666666667,0.13867839999999998,0.0012546470579409968
OFF,0.5,0.6,3.0,10,73.83333333333333,0.13866699999999998,0.0012674563503332174
OFF,0.5,0.6,3.0,10,74.0,0.13870090000000002,0.001279085098810864
OFF,0.5,0.6,3.0,10,74.16666666666667,0.1386848,0.0012689222828841807
OFF,0.5,0.6,3.0,10,74.33333333333333,0.1386972,0.0012826848248887993
OFF,0.5,0.6,3.0,10,74.5,0.13870389999999996,0.0012944315702268746
OFF,0.5,0.6,3.0,10,74.66666666666667,0.13869530000000002,0.001272385873074674
OFF,0.5,0.6,3.0,10,74.83333333333333,0.1386913,0.0012600340511271914
OFF,0.5,0.6,3.0,10,75.0,0.1387064,0.0012912122366210785
OFF,0.5,0.6,3.0,10,75.16666666666667,0.1387018,0.001300561940085898
OFF,0.5,0.6,3.0,10,75.33333333333333,0.1386787,0.0012878739884010445
OFF,0.5,0.6,3.0,10,75.5,0.1386871,0.0012970382762278047
OFF,0.5,0.6,3.0,10,75.66666666666667,0.1387097,0.0012899124815273378
OFF,0.5,0.6,3.0,10,75.83333333333333,0.13871090000000003,0.001266560890758911
OFF,0.5,0.6,3.0,10,76.0,0.13871130000000004,0.001282540217692997
OFF,0.5,0.6,3.0,10,76.16666666666667,0.1387014,0.001282182217939395
OFF,0.5,0.6,3.0,10,76.33333333333333,0.13870480000000002,0.0012593108273972681
OFF,0.5,0.6,3.0,10,76.5,0.1387046,0.0012754423703170588
OFF,0.5,0.6,3.0,10,76.66666666666667,0.13871280000000002,0.0012744788582004808
OFF,0.5,0.6,3.0,10,76.83333333333333,0.138722,0.0012849801554887887
OFF,0.5,0.6,3.0,10,77.0,0.1387369,0.0012770174196149375
OFF,0.5,0.6,3.0,10,77.16666666666667,0.1387438,0.0012832685455507738
OFF,0.5,0.6,3.0,10,77.33333333333333,0.13876640000000004,0.0013029875056960465
OFF,0.5,0.6,3.0,10,77.5,0.13879640000000001,0.0012888146647210374
OFF,0.5,0.6,3.0,10,77.66666666666667,0.1387946,0.0012792587072207088
OFF,0.5,0.6,3.0,10,77.83333333333333,0.13879809999999998,0.0012819412194012656
OFF,0.5,0.6,3.0,10,78.0,0.13882060000000002,0.0012937298945297682
OFF,0.5,0.6,3.0,10,78.16666666666667,0.1388329,0.0013166684814333485
OFF,0.5,0.6,3.0,10,78.33333333333333,0.13884349999999998,0.0013022824002496577
OFF,0.5,0.6,3.0,10,78.5,0.13886199999999999,0.0013064078995474585
OFF,0.5,0.6,3.0,10,78.66666666666667,0.13882889999999998,0.001310819854137096
OFF,0.5,0.6,3.0,10,78.83333333333333,0.1388161,0.0013089079761388852
OFF,0.5,0.6,3.0,10,79.0,0.13881710000000003,0.0013274669449745231
OFF,0.5,0.6,3.0,10,79.16666666666667,0.1387953,0.001306082849592626
OFF,0.5,0.6,3.0,10,79.33333333333333,0.13881030000000003,0.001305252852898627
OFF,0.5,0.6,3.0,10,79.5,0.1387966,0.0012939643117180666
OFF,0.5,0.6,3.0,10,79.66666666666667,0.13879689999999997,0.0013002969237831806
OFF,0.5,0.6,3.0,10,79.83333333333333,0.13878690000000002,0.0013031885857388388
OFF,0.5,0.6,3.0,10,80.0,0.1387716,0.0013107517079904971
OFF,0.5,0.6,3.0,10,80.16666666666667,0.1387666,0.001307201606486165
OFF,0.5,0.6,3.0,10,80.33333333333333,0.1387531,0.0013211475655656294
OFF,0.5,0.6,3.0,10,80.5,0.13874920000000002,0.0013474719885771267
OFF,0.5,0.6,3.0,10,80.66666666666667,0.1387192,0.0013584842141151324
OFF,0.5,0.6,3.0,10,80.83333333333333,0.1387483,0.0013330713446774013
OFF,0.5,0.6,3.0,10,81.0,0.1387323,0.0013295152537673306
OFF,0.5,0.6,3.0,10,81.16666666666667,0.138731,0.0013308413879948241
OFF,0.5,0.6,3.0,10,81.33333333333333,0.13874340000000002,0.0013409400583172977
OFF,0.5,0.6,3.0,10,81.5,0.138731,0.0013601318318457207
OFF,0.5,0.6,3.0,10,81.66666666666667,0.13872,0.001374478955822896
OFF,0.5,0.6,3.0,10,81.83333333333333,0.13874720000000001,0.0013659671152703476
OFF,0.5,0.6,3.0,10,82.0,0.1387431,0.0013662412268702767
OFF,0.5,0.6,3.0,10,82.16666666666667,0.13874430000000001,0.0013573762963894696
OFF,0.5,0.6,3.0,10,82.33333333333333,0.13874329999999999,0.0013736913809149418
OFF,0.5,0.6,3.0,10,82.5,0.138762,0.0013804671673024328
OFF,0.5,0.6,3.0,10,82.66666666666667,0.13876349999999998,0.0013627156893497633
OFF,0.5,0.6,3.0,10,82.83333333333333,0.13874019999999998,0.001339898264794758
OFF,0.5,0.6,3.0,10,83.0,0.1387227,0.0013462459693532934
OFF,0.5,0.6,3.0,10,83.16666666666667,0.13872379999999998,0.0013429582123059521
OFF,0.5,0.6,3.0,10,83.33333333333333,0.13872779999999998,0.0013543757824178674
OFF,0.5,0.6,3.0,10,83.5,0.1387473,0.001357122695263774
OFF,0.5,0.6,3.0,10,83.66666666666667,0.13878079999999998,0.001346068185494331
OFF,0.5,0.6,3.0,10,83.83333333333333,0.1387859,0.0013528394915879726
OFF,0.5,0.6,3.0,10,84.0,0.13876549999999999,0.0013454780748863955
OFF,0.5,0.6,3.0,10,84.16666666666667,0.1387544,0.0013508967540119415
OFF,0.5,0.6,3.0,10,84.33333333333333,0.1387331,0.0013314028278473848
OFF,0.5,0.6,3.0,10,84.5,0.1387242,0.001331774365273639
OFF,0.5,0.6,3.0,10,84.66666666666667,0.1387219,0.0013083395927663446
OFF,0.5,0.6,3.0,10,84.83333333333333,0.1387177,0.0012963617589237936
OFF,0.5,0.6,3.0,10,85.0,0.1387094,0.0013025401490933022
OFF,0.5,0.6,3.0,10,85.16666666666667,0.1387181,0.001304737479342108
OFF,0.5,0.6,3.0,10,85.33333333333333,0.1387006,0.0013073940645421326
OFF,0.5,0.6,3.0,10,85.5,0.1386949,0.0013055419908988009
OFF,0.5,0.6,3.0,10,85.66666666666667,0.13870939999999998,0.0013052439005795066
OFF,0.5,0.6,3.0,10,85.83333333333333,0.13871510000000004,0.0013031545150134739
OFF,0.5,0.6,3.0,10,86.0,0.1387253,0.0013016792269987287
OFF,0.5,0.6,3.0,10,86.16666666666667,0.1387216,0.0012609105598733006
OFF,0.5,0.6,3.0,10,86.33333333333333,0.13873680000000002,0.001278507238931406
OFF,0.5,0.6,3.0,10,86.5,0.1387495,0.0012927313912797203
OFF,0.5,0.6,3.0,10,86.66666666666667,0.1387506,0.001280448140300887
OFF,0.5,0.6,3.0,10,86.83333333333333,0.13873189999999996,0.0012901969190786341
OFF,0.5,0.6,3.0,10,87.0,0.1387249,0.0012854569965580363
OFF,0.5,0.6,3.0,10,87.16666666666667,0.1387181,0.0012972856624506404
OFF,0.5,0.6,3.0,10,87.33333333333333,0.13874290000000003,0.001303285114623811
OFF,0.5,0.6,3.0,10,87.5,0.1387401,0.0013175042656477455
OFF,0.5,0.6,3.0,10,87.66666666666667,0.1387423,0.0013048030541043328
OFF,0.5,0.6,3.0,10,87.83333333333333,0.138743,0.0013042065020540299
OFF,0.5,0.6,3.0,10,88.0,0.13874240000000002,0.0013087124359461087
OFF,0.5,0.6,3.0,10,88.16666666666667,0.1387425,0.0013213785415239643
OFF,0.5,0.6,3.0,10,88.33333333333333,0.13873410000000003,0.0013191200438170867
OFF,0.5,0.6,3.0,10,88.5,0.1387297,0.0012998852295491327
OFF,0.5,0.6,3.0,10,88.66666666666667,0.13872869999999998,0.001303635689140183
OFF,0.5,0.6,3.0,10,88.83333333333333,0.1387155,0.0013027944772680015
OFF,0.5,0.6,3.0,10,89.0,0.1387219,0.0013048026249207216
OFF,0.5,0.6,3.0,10,89.16666666666667,0.13871490000000003,0.0012952739825998203
OFF,0.5,0.6,3.0,10,89.33333333333333,0.1387328,0.001296889725458564
OFF,0.5,0.6,3.0,10,89.5,0.1387139,0.0012911960695417275
OFF,0.5,0.6,3.0,10,89.66666666666667,0.1387265,0.0012905245638886516
OFF,0.5,0.6,3.0,10,89.83333333333333,0.1387459,0.0012916879228358552
OFF,0.5,0.6,3.0,10,90.0,0.13873030000000003,0.0012970388621780001
OFF,0.5,0.6,3.0,10,90.16666666666667,0.1387136,0.001281712697916347
OFF,0.5,0.6,3.0,10,90.33333333333333,0.13871740000000002,0.001288668242799518
OFF,0.5,0.6,3.0,10,90.5,0.13871519999999998,0.001281170386794825
OFF,0.5,0.6,3.0,10,90.66666666666667,0.13871700000000003,0.0012902056425237048
OFF,0.5,0.6,3.0,10,90.83333333333333,0.1386914,0.0013009701149526867
OFF,0.5,0.6,3.0,10,91.0,0.1386901,0.001298315327645791
OFF,0.5,0.6,3.0,10,91.16666666666667,0.1386796,0.001293147648182523
OFF,0.5,0.6,3.0,10,91.33333333333333,0.1386774,0.0012648387407096593
OFF,0.5,0.6,3.0,10,91.5,0.1386715,0.0012508075191651187
OFF,0.5,0.6,3.0,10,91.66666666666667,0.1386646,0.0012561754017652131
OFF,0.5,0.6,3.0,10,91.83333333333333,0.1387062,0.001275340487869808
OFF,0.5,0.6,3.0,10,92.0,0.1387354,0.0012843488778365515
OFF,0.5,0.6,3.0,10,92.16666666666667,0.138743,0.001268747729062002
OFF,0.5,0.6,3.0,10,92.33333333333333,0.13875900000000002,0.0012549694020174355
OFF,0.5,0.6,3.0,10,92.5,0.1387492,0.0012560790420988654
OFF,0.5,0.6,3.0,10,92.66666666666667,0.138734,0.0012730440683652695
OFF,0.5,0.6,3.0,10,92.83333333333333,0.1387283,0.0012820061661318145
OFF,0.5,0.6,3.0,10,93.0,0.1387219,0.0012974072182626365
OFF,0.5,0.6,3.0,10,93.16666666666667,0.1387532,0.0013106257894608979
OFF,0.5,0.6,3.0,10,93.33333333333333,0.13874399999999998,0.0013093663352935262
OFF,0.5,0.6,3.0,10,93.5,0.1387154,0.0013031779003651036
OFF,0.5,0.6,3.0,10,93.66666666666667,0.13873379999999996,0.0013113826138850533
OFF,0.5,0.6,3.0,10,93.83333333333333,0.13871469999999997,0.0013114597248867377
OFF,0.5,0.6,3.0,10,94.0,0.13871279999999997,0.00129522645124318
OFF,0.5,0.6,3.0,10,94.16666666666667,0.1387013,0.0012971000770950613
OFF,0.5,0.6,3.0,10,94.33333333333333,0.13869579999999998,0.0013031151752627263
OFF,0.5,0.6,3.0,10,94.5,0.13870860000000002,0.0012974059657639924
OFF,0.5,0.6,3.0,10,94.66666666666667,0.1387024,0.0012989411226071756
OFF,0.5,0.6,3.0,10,94.83333333333333,0.13869749999999997,0.00131008932901539
OFF,0.5,0.6,3.0,10,95.0,0.13870100000000002,0.0013207433512988055
OFF,0.5,0.6,3.0,10,95.16666666666667,0.13868529999999998,0.0013077085340395974
OFF,0.5,0.6,3.0,10,95.33333333333333,0.1386749,0.0013199363961949081
OFF,0.5,0.6,3.0,10,95.5,0.13866959999999998,0.001310013221307327
OFF,0.5,0.6,3.0,10,95.66666666666667,0.13866449999999997,0.0013115427747504075
OFF,0.5,0.6,3.0,10,95.83333333333333,0.138673,0.0012898534800511276
OFF,0.5,0.6,3.0,10,96.0,0.1386521,0.0012994426074282792
OFF,0.5,0.6,3.0,10,96.16666666666667,0.1386321,0.0012955227091795804
OFF,0.5,0.6,3.0,10,96.33333333333333,0.1386403,0.0013045722708995525
OFF,0.5,0.6,3.0,10,96.5,0.1386569,0.0012963212911928914
OFF,0.5,0.6,3.0,10,96.66666666666667,0.13869019999999999,0.0012989574126968143
OFF,0.5,0.6,3.0,10,96.83333333333333,0.13870180000000001,0.0013208702282964798
OFF,0.5,0.6,3.0,10,97.0,0.1387045,0.0013315420571653038
OFF,0.5,0.6,3.0,10,97.16666666666667,0.138689,0.0013244400326175593
OFF,0.5,0.6,3.0,10,97.33333333333333,0.138712,0.0013263683500445856
OFF,0.5,0.6,3.0,10,97.5,0.1386922,0.0013204675535582046
OFF,0.5,0.6,3.0,10,97.66666666666667,0.138691,0.0013214579826842758
OFF,0.5,0.6,3.0,10,97.83333333333333,0.1386873,0.0013149977984772405
OFF,0.5,0.6,3.0,10,98.0,0.138691,0.0013157279354030574
OFF,0.5,0.6,3.0,10,98.16666666666667,0.1386896,0.0012888194753339158
OFF,0.5,0.6,3.0,10,98.33333333333333,0.1386778,0.0012911794453134711
OFF,0.5,0.6,3.0,10,98.5,0.1386801,0.0012914946728500274
OFF,0.5,0.6,3.0,10,98.66666666666667,0.1386463,0.0012958479116007432
OFF,0.5,0.6,3.0,10,98.83333333333333,0.13863750000000002,0.0012930795219165785
OFF,0.5,0.6,3.0,10,99.0,0.13863409999999998,0.0012918415885858404
OFF,0.5,0.6,3.0,10,99.16666666666667,0.1386382,0.0012973267745637594
OFF,0.5,0.6,3.0,10,99.33333333333333,0.1386279,0.0012828852988478747
OFF,0.5,0.6,3.0,10,99.5,0.1386325,0.0012607189417154006
OFF,0.5,0.6,3.0,10,99.66666666666667,0.1386048,0.001253155122081862
OFF,0.5,0.6,3.0,10,99.83333333333333,0.1385958,0.0012631813646503795
OFF,0.5,0.6,3.0,10,100.0,0.138585,0.0012677144000128782
OFF,0.5,0.6,3.0,10,100.16666666666667,0.1385859,0.0012591729388769417
OFF,0.5,0.6,3.0,10,100.33333333333333,0.13860679999999997,0.0012722351040589937
OFF,0.5,0.6,3.0,10,100.5,0.1385962,0.0012415284773214016
OFF,0.5,0.6,3.0,10,100.66666666666667,0.13857579999999997,0.00123146098598372
OFF,0.5,0.6,3.0,10,100.83333333333333,0.1385814,0.0012454444347300285
OFF,0.5,0.6,3.0,10,101.0,0.1385779,0.0012428344580031542
OFF,0.5,0.6,3.0,10,101.16666666666667,0.1385993,0.0012405023216423236
OFF,0.5,0.6,3.0,10,101.33333333333333,0.1386093,0.001244997915660908
OFF,0.5,0.6,3.0,10,101.5,0.1386306,0.0012691379909213988
OFF,0.5,0.6,3.0,10,101.66666666666667,0.1386311,0.0012728016695463566
OFF,0.5,0.6,3.0,10,101.83333333333333,0.13859320000000003,0.0012760499833470468
OFF,0.5,0.6,3.0,10,102.0,0.1386098,0.0012722339250310808
OFF,0.5,0.6,3.0,10,102.16666666666667,0.1386103,0.0012705317036579605
OFF,0.5,0.6,3.0,10,102.33333333333333,0.1386095,0.001283066814316389
OFF,0.5,0.6,3.0,10,102.5,0.13860199999999998,0.0012840090342361298
OFF,0.5,0.6,3.0,10,102.66666666666667,0.13858349999999997,0.001279597456233798
OFF,0.5,0.6,3.0,10,102.83333333333333,0.1385898,0.001264887410009283
OFF,0.5,0.6,3.0,10,103.0,0.13857859999999997,0.0012720004874212931
OFF,0.5,0.6,3.0,10,103.16666666666667,0.1385866,0.0012735233959374251
OFF,0.5,0.6,3.0,10,103.33333333333333,0.1385621,0.0012864847025907504
OFF,0.5,0.6,3.0,10,103.5,0.1385675,0.0012684488361774805
OFF,0.5,0.6,3.0,10,103.66666666666667,0.1385698,0.001261161432965658
OFF,0.5,0.6,3.0,10,103.83333333333333,0.1385711,0.001264641723967699
OFF,0.5,0.6,3.0,10,104.0,0.1385459,0.0012558061514421682
OFF,0.5,0.6,3.0,10,104.16666666666667,0.13854519999999998,0.0012520702695935242
OFF,0.5,0.6,3.0,10,104.33333333333333,0.1385496,0.001235578342315858
OFF,0.5,0.6,3.0,10,104.5,0.13855810000000002,0.0012281176205885145
OFF,0.5,0.6,3.0,10,104.66666666666667,0.1385506,0.0012551509231960945
OFF,0.5,0.6,3.0,10,104.83333333333333,0.13855469999999998,0.0012593442777890352
OFF,0.5,0.6,3.0,10,105.0,0.13854070000000002,0.0012683462500437306
OFF,0.5,0.6,3.0,10,105.16666666666667,0.1385427,0.0012615547590176144
OFF,0.5,0.6,3.0,10,105.33333333333333,0.138517,0.0012462343278854086
OFF,0.5,0.6,3.0,10,105.5,0.1385038,0.0012394908470819788
OFF,0.5,0.6,3.0,10,105.66666666666667,0.1385024,0.0012306960794607282
OFF,0.5,0.6,3.0,10,105.83333333333333,0.13849419999999998,0.0012439317344613379
OFF,0.5,0.6,3.0,10,106.0,0.1384887,0.001239469810039766
OFF,0.5,0.6,3.0,10,106.16666666666667,0.1384977,0.0012349787083184884
OFF,0.5,0.6,3.0,10,106.33333333333333,0.13849,0.0012257714305693352
OFF,0.5,0.6,3.0,10,106.5,0.13848639999999998,0.001242058307810061
OFF,0.5,0.6,3.0,10,106.66666666666667,0.13848,0.0012500602385485296
OFF,0.5,0.6,3.0,10,106.83333333333333,0.1384853,0.0012472190705726078
OFF,0.5,0.6,3.0,10,107.0,0.1384613,0.0012421004830527967
OFF,0.5,0.6,3.0,10,107.16666666666667,0.1384388,0.0012265374678337344
OFF,0.5,0.6,3.0,10,107.33333333333333,0.1384545,0.0012221389650935739
OFF,0.5,0.6,3.0,10,107.5,0.1384385,0.0012266804188540673
OFF,0.5,0.6,3.0,10,107.66666666666667,0.1384281,0.0012427794212972805
OFF,0.5,0.6,3.0,10,107.83333333333333,0.1384208,0.0012514256510076816
OFF,0.5,0.6,3.0,10,108.0,0.13841710000000002,0.0012792926522105855
OFF,0.5,0.6,3.0,10,108.16666666666667,0.1384341,0.0013181890190712415
OFF,0.5,0.6,3.0,10,108.33333333333333,0.13845259999999998,0.0013233513667956808
OFF,0.5,0.6,3.0,10,108.5,0.13847009999999998,0.001332162411269737
OFF,0.5,0.6,3.0,10,108.66666666666667,0.1384552,0.001328537225673405
OFF,0.5,0.6,3.0,10,108.83333333333333,0.1384651,0.001340253740901325
OFF,0.5,0.6,3.0,10,109.0,0.13844759999999998,0.0013298619627615485
OFF,0.5,0.6,3.0,10,109.16666666666667,0.1384386,0.0013403701876720476
OFF,0.5,0.6,3.0,10,109.33333333333333,0.1384167,0.0013214181056728413
OFF,0.5,0.6,3.0,10,109.5,0.138436,0.0013359574095007654
OFF,0.5,0.6,3.0,10,109.66666666666667,0.138449,0.001319399636198218
OFF,0.5,0.6,3.0,10,109.83333333333333,0.1384356,0.001330061442189795
OFF,0.5,0.6,3.0,10,110.0,0.13843650000000002,0.0013467054057959343
OFF,0.5,0.6,3.0,10,110.16666666666667,0.1384314,0.0013373944967734837
OFF,0.5,0.6,3.0,10,110.33333333333333,0.13843270000000002,0.0013416859580393612
OFF,0.5,0.6,3.0,10,110.5,0.1384269,0.0013230601989327624
OFF,0.5,0.6,3.0,10,110.66666666666667,0.1384299,0.001330803851061455
OFF,0.5,0.6,3.0,10,110.83333333333333,0.13843139999999998,0.0013106490148014438
OFF,0.5,0.6,3.0,10,111.0,0.1384405,0.0013235482801922992
OFF,0.5,0.6,3.0,10,111.16666666666667,0.13845449999999998,0.0013419607483082332
OFF,0.5,0.6,3.0,10,111.33333333333333,0.13844489999999998,0.0013455515932137264
OFF,0.5,0.6,3.0,10,111.5,0.1384387,0.0013473204555709817
OFF,0.5,0.6,3.0,10,111.66666666666667,0.1384168,0.0013468336794125687
OFF,0.5,0.6,3.0,10,111.83333333333333,0.13841509999999999,0.0013552985243111542
OFF,0.5,0.6,3.0,10,112.0,0.1384074,0.0013842327983399313
OFF,0.5,0.6,3.0,10,112.16666666666667,0.1384066,0.0014010034403954914
OFF,0.5,0.6,3.0,10,112.33333333333333,0.138399,0.0014029838202915949
OFF,0.5,0.6,3.0,10,112.5,0.1384025,0.0014026480135800284
OFF,0.5,0.6,3.0,10,112.66666666666667,0.1384158,0.0013988370741440939
OFF,0.5,0.6,3.0,10,112.83333333333333,0.1384169,0.0013999944607033278
OFF,0.5,0.6,3.0,10,113.0,0.13840390000000002,0.0014235694889958804
OFF,0.5,0.6,3.0,10,113.16666666666667,0.13839790000000002,0.0014097966129906802
OFF,0.5,0.6,3.0,10,113.33333333333333,0.1383873,0.0014267723048896105
OFF,0.5,0.6,3.0,10,113.5,0.1383975,0.0014336538110715565
OFF,0.5,0.6,3.0,10,113.66666666666667,0.1384384,0.001436641166053652
OFF,0.5,0.6,3.0,10,113.83333333333333,0.13845710000000003,0.0014458452510555879
OFF,0.5,0.6,3.0,10,114.0,0.13845939999999998,0.0014460100414589118
OFF,0.5,0.6,3.0,10,114.16666666666667,0.1384608,0.001459247189478192
OFF,0.5,0.6,3.0,10,114.33333333333333,0.1384678,0.0014547395505725418
OFF,0.5,0.6,3.0,10,114.5,0.1384663,0.0014506264887971703
OFF,0.5,0.6,3.0,10,114.66666666666667,0.13846770000000003,0.0014394568454802663
OFF,0.5,0.6,3.0,10,114.83333333333333,0.13846540000000002,0.0014298682596659026
OFF,0.5,0.6,3.0,10,115.0,0.13846550000000002,0.0014199302271590659
OFF,0.5,0.6,3.0,10,115.16666666666667,0.13848180000000002,0.0014227564654571063
OFF,0.5,0.6,3.0,10,115.33333333333333,0.1384873,0.0014145076210469868
OFF,0.5,0.6,3.0,10,115.5,0.13845580000000002,0.0014138265664500735
OFF,0.5,0.6,3.0,10,115.66666666666667,0.1384471,0.001404051740499615
OFF,0.5,0.6,3.0,10,115.83333333333333,0.1384421,0.0013913433400853988
OFF,0.5,0.6,3.0,10,116.0,0.138438,0.00138665143421121
OFF,0.5,0.6,3.0,10,116.16666666666667,0.13845210000000002,0.0013993795375093897
OFF,0.5,0.6,3.0,10,116.33333333333333,0.13841929999999997,0.0014296531082748695
OFF,0.5,0.6,3.0,10,116.5,0.1384028,0.001426379108091535
OFF,0.5,0.6,3.0,10,116.66666666666667,0.13839359999999998,0.0014272655814528737
OFF,0.5,0.6,3.0,10,116.83333333333333,0.1384027,0.0014535497961886293
OFF,0.5,0.6,3.0,10,117.0,0.13842510000000002,0.0014440005159278857
OFF,0.5,0.6,3.0,10,117.16666666666667,0.1384327,0.0014495746996964285
OFF,0.5,0.6,3.0,10,117.33333333333333,0.1384292,0.0014495535726560796
OFF,0.5,0.6,3.0,10,117.5,0.1384367,0.0014499156561676282
OFF,0.5,0.6,3.0,10,117.66666666666667,0.13843289999999997,0.0014672957063932267
OFF,0.5,0.6,3.0,10,117.83333333333333,0.1384104,0.001470630490639987
OFF,0.5,0.6,3.0,10,118.0,0.1384089,0.0014628696763553475
OFF,0.5,0.6,3.0,10,118.16666666666667,0.1384142,0.0014616442658868783
OFF,0.5,0.6,3.0,10,118.33333333333333,0.1384361,0.0014709289207844192
OFF,0.5,0.6,3.0,10,118.5,0.13844589999999998,0.0014780457672210312
OFF,0.5,0.6,3.0,10,118.66666666666667,0.13842859999999998,0.0014544296614137065
OFF,0.5,0.6,3.0,10,118.83333333333333,0.13840360000000002,0.001441079470397101
OFF,0.5,0.6,3.0,10,119.0,0.1384099,0.0014474217388169943
OFF,0.5,0.6,3.0,10,119.16666666666667,0.1384051,0.0014575291043406244
OFF,0.5,0.6,3.0,10,119.33333333333333,0.13842379999999999,0.0014684106237697983
OFF,0.5,0.6,3.0,10,119.5,0.13842950000000004,0.001443770082111413
OFF,0.5,0.6,3.0,10,119.66666666666667,0.13843710000000004,0.0014299543664047423
OFF,0.5,0.6,3.0,10,119.83333333333333,0.1384323,0.0014248651901144905
OFF,0.5,0.6,3.0,10,120.0,0.13843529999999998,0.0014138686678754882
OFF,0.5,0.6,3.0,10,120.16666666666667,0.13844859999999998,0.001400758808646223
OFF,0.5,0.6,3.0,10,120.33333333333333,0.1384663,0.0013985192204614193
OFF,0.5,0.6,3.0,10,120.5,0.1384509,0.001410427697544256
OFF,0.5,0.6,3.0,10,120.66666666666667,0.13843439999999999,0.0013828418709310197
OFF,0.5,0.6,3.0,10,120.83333333333333,0.13843060000000001,0.0013980639613408207
OFF,0.5,0.6,3.0,10,121.0,0.1384111,0.0013952641649522888
OFF,0.5,0.6,3.0,10,121.16666666666667,0.13838089999999997,0.0013688881217981282
OFF,0.5,0.6,3.0,10,121.33333333333333,0.13839059999999997,0.0013616343268293427
OFF,0.5,0.6,3.0,10,121.5,0.13840049999999998,0.0013734587907906098
OFF,0.5,0.6,3.0,10,121.66666666666667,0.1384137,0.001368287546533987
OFF,0.5,0.6,3.0,10,121.83333333333333,0.1384308,0.001361353502952119
OFF,0.5,0.6,3.0,10,122.0,0.13842279999999998,0.0013483001742935416
OFF,0.5,0.6,3.0,10,122.16666666666667,0.138422,0.0013475028756926662
OFF,0.5,0.6,3.0,10,122.33333333333333,0.1384246,0.0013341977514596552
OFF,0.5,0.6,3.0,10,122.5,0.1384251,0.0013639407941695965
OFF,0.5,0.6,3.0,10,122.66666666666667,0.1384331,0.0013752044538903995
OFF,0.5,0.6,3.0,10,122.83333333333333,0.13841839999999997,0.0013841129433684205
OFF,0.5,0.6,3.0,10,123.0,0.1384407,0.0013829707191405007
OFF,0.5,0.6,3.0,10,123.16666666666667,0.1384302,0.0013737758769173387
OFF,0.5,0.6,3.0,10,123.33333333333333,0.13842759999999998,0.0013787948505851028
OFF,0.5,0.6,3.0,10,123.5,0.13844170000000003,0.0013748489407931317
OFF,0.5,0.6,3.0,10,123.66666666666667,0.13845000000000002,0.0014140262373803373
OFF,0.5,0.6,3.0,10,123.83333333333333,0.13847130000000002,0.0014253616418298878
OFF,0.5,0.6,3.0,10,124.0,0.1384606,0.0014325032774831603
OFF,0.5,0.6,3.0,10,124.16666666666667,0.1384479,0.0014493505062613424
OFF,0.5,0.6,3.0,10,124.33333333333333,0.13843900000000003,0.0014462116027746438
OFF,0.5,0.6,3.0,10,124.5,0.1384595,0.0014357077871210429
OFF,0.5,0.6,3.0,10,124.66666666666667,0.13846050000000001,0.0014406424434952583
OFF,0.5,0.6,3.0,10,124.83333333333333,0.13844870000000004,0.0014343634162930945
OFF,0.5,0.6,3.0,10,125.0,0.1384709,0.0014229776140192794
OFF,0.5,0.6,3.0,10,125.16666666666667,0.1384617,0.001392592980737732
OFF,0.5,0.6,3.0,10,125.33333333333333,0.1384636,0.0014158483110842098
OFF,0.5,0.6,3.0,10,125.5,0.13845020000000002,0.0014018503343795295
OFF,0.5,0.6,3.0,10,125.66666666666667,0.1384355,0.0013946049799136654
OFF,0.5,0.6,3.0,10,125.83333333333333,0.13844410000000001,0.001411931687441007
OFF,0.5,0.6,3.0,10,126.0,0.1384627,0.0014234129442997174
OFF,0.5,0.6,3.0,10,126.16666666666667,0.13844979999999998,0.001433145547388677
OFF,0.5,0.6,3.0,10,126.33333333333333,0.1384586,0.0014418461915197466
OFF,0.5,0.6,3.0,10,126.5,0.1384498,0.0014441074613753624
OFF,0.5,0.6,3.0,10,126.66666666666667,0.1384711,0.0014392722084442518
OFF,0.5,0.6,3.0,10,126.83333333333333,0.1384517,0.001422530846765724
OFF,0.5,0.6,3.0,10,127.0,0.1384361,0.0014399403077905682
OFF,0.5,0.6,3.0,10,127.16666666666667,0.1384471,0.0014468806757988012
OFF,0.5,0.6,3.0,10,127.33333333333333,0.13844120000000001,0.0014485018329294594
OFF,0.5,0.6,3.0,10,127.5,0.13845440000000003,0.0014354386925257364
OFF,0.5,0.6,3.0,10,127.66666666666667,0.13846639999999996,0.001439232726142647
OFF,0.5,0.6,3.0,10,127.83333333333333,0.1384564,0.0014301813311604899
OFF,0.5,0.6,3.0,10,128.0,0.13846740000000002,0.0014069219736716045
OFF,0.5,0.6,3.0,10,128.16666666666666,0.13845970000000002,0.0013960944846248807
OFF,0.5,0.6,3.0,10,128.33333333333334,0.1384474,0.0014215568367110735
OFF,0.5,0.6,3.0,10,128.5,0.1384351,0.0013926024163414294
OFF,0.5,0.6,3.0,10,128.66666666666666,0.1384545,0.0013818509507179113
OFF,0.5,0.6,3.0,10,128.83333333333334,0.1384375,0.0013590243743215162
OFF,0.5,0.6,3.0,10,129.0,0.13845459999999998,0.0013604133342480862
OFF,0.5,0.6,3.0,10,129.16666666666666,0.1384533,0.0013503247053949677
OFF,0.5,0.6,3.0,10,129.33333333333334,0.1384751,0.0013484543336724467
OFF,0.5,0.6,3.0,10,129.5,0.1384688,0.0013304393860676265
OFF,0.5,0.6,3.0,10,129.66666666666666,0.13845549999999998,0.0013279847325929643
OFF,0.5,0.6,3.0,10,129.83333333333334,0.1384578,0.0013538678517492028
OFF,0.5,0.6,3.0,10,130.0,0.1384532,0.001355939659424417
OFF,0.5,0.6,3.0,10,130.16666666666666,0.1384651,0.001339099880516761
OFF,0.5,0.6,3.0,10,130.33333333333334,0.13847779999999998,0.0013395674525756424
OFF,0.5,0.6,3.0,10,130.5,0.1384529,0.0013481064090048625
OFF,0.5,0.6,3.0,10,130.66666666666666,0.138446,0.0013359267195471442
OFF,0.5,0.6,3.0,10,130.83333333333334,0.1384486,0.0013236604700602053
OFF,0.5,0.6,3.0,10,131.0,0.138453,0.0013282505787689334
OFF,0.5,0.6,3.0,10,131.16666666666666,0.1384627,0.0013234016812744408
OFF,0.5,0.6,3.0,10,131.33333333333334,0.13844990000000001,0.0013167025822105743
OFF,0.5,0.6,3.0,10,131.5,0.1384466,0.0013131707581270607
OFF,0.5,0.6,3.0,10,131.66666666666666,0.13846509999999998,0.0012971429720736267
OFF,0.5,0.6,3.0,10,131.83333333333334,0.138464,0.001306166834673124
OFF,0.5,0.6,3.0,10,132.0,0.1384583,0.001331115400707242
OFF,0.5,0.6,3.0,10,132.16666666666666,0.13845849999999998,0.0013262728414621184
OFF,0.5,0.6,3.0,10,132.33333333333334,0.138473,0.0013405821123676056
OFF,0.5,0.6,3.0,10,132.5,0.1384784,0.0013491953305581799
OFF,0.5,0.6,3.0,10,132.66666666666666,0.13847619999999997,0.0013387571699154405
OFF,0.5,0.6,3.0,10,132.83333333333334,0.13847420000000002,0.0013354763794242114
OFF,0.5,0.6,3.0,10,133.0,0.1384788,0.0013579232526177568
OFF,0.5,0.6,3.0,10,133.16666666666666,0.1384826,0.0013447466824647663
OFF,0.5,0.6,3.0,10,133.33333333333334,0.1384793,0.001357518475012404
OFF,0.5,0.6,3.0,10,133.5,0.13847359999999997,0.0013668360691758146
OFF,0.5,0.6,3.0,10,133.66666666666666,0.1384918,0.001374187308921167
OFF,0.5,0.6,3.0,10,133.83333333333334,0.13849419999999998,0.0013911750285280407
OFF,0.5,0.6,3.0,10,134.0,0.1385233,0.0013891738588096168
OFF,0.5,0.6,3.0,10,134.16666666666666,0.13850449999999997,0.0013813652847816916
OFF,0.5,0.6,3.0,10,134.33333333333334,0.138503,0.0013876095272085717
OFF,0.5,0.6,3.0,10,134.5,0.1384937,0.0013761420747873353
OFF,0.5,0.6,3.0,10,134.66666666666666,0.13847380000000004,0.001374330804428105
OFF,0.5,0.6,3.0,10,134.83333333333334,0.1384834,0.0013660071888537066
OFF,0.5,0.6,3.0,10,135.0,0.1384853,0.0013474438800929699
OFF,0.5,0.6,3.0,10,135.16666666666666,0.13848459999999999,0.0013464296639631764
OFF,0.5,0.6,3.0,10,135.33333333333334,0.138484,0.001354899479666297
OFF,0.5,0.6,3.0,10,135.5,0.1384684,0.0013479020884322361
OFF,0.5,0.6,3.0,10,135.66666666666666,0.1384482,0.0013377418136546401
OFF,0.5,0.6,3.0,10,135.83333333333334,0.13846470000000002,0.0013473445030874626
OFF,0.5,0.6,3.0,10,136.0,0.13845680000000002,0.001367560733569082
OFF,0.5,0.6,3.0,10,136.16666666666666,0.1384757,0.0013972811492323203
OFF,0.5,0.6,3.0,10,136.33333333333334,0.13846160000000002,0.0014031921607534743
OFF,0.5,0.6,3.0,10,136.5,0.13845729999999998,0.0013963267561713489
OFF,0.5,0.6,3.0,10,136.66666666666666,0.1384671,0.001371900102048252
OFF,0.5,0.6,3.0,10,136.83333333333334,0.1384698,0.0013655845488288166
OFF,0.5,0.6,3.0,10,137.0,0.13845970000000002,0.0013630925903987561
OFF,0.5,0.6,3.0,10,137.16666666666666,0.138454,0.0013670449151362962
OFF,0.5,0.6,3.0,10,137.33333333333334,0.13844019999999999,0.0013711355731655444
OFF,0.5,0.6,3.0,10,137.5,0.1384399,0.0013621811516828437
OFF,0.5,0.6,3.0,10,137.66666666666666,0.13842659999999998,0.0013470127096653574
OFF,0.5,0.6,3.0,10,137.83333333333334,0.13842449999999998,0.001336027413640899
OFF,0.5,0.6,3.0,10,138.0,0.1384224,0.0013394572184284182
OFF,0.5,0.6,3.0,10,138.16666666666666,0.13839639999999997,0.0013595413344212788
OFF,0.5,0.6,3.0,10,138.33333333333334,0.138391,0.0013501970226600256
OFF,0.5,0.6,3.0,10,138.5,0.1383971,0.0013397044786071265
OFF,0.5,0.6,3.0,10,138.66666666666666,0.13838789999999998,0.0013373140581030294
OFF,0.5,0.6,3.0,10,138.83333333333334,0.1383775,0.0013418908487652793
OFF,0.5,0.6,3.0,10,139.0,0.1383933,0.0013309716037541882
OFF,0.5,0.6,3.0,10,139.16666666666666,0.1383982,0.001315541318241273
OFF,0.5,0.6,3.0,10,139.33333333333334,0.1383863,0.0013112641267113204
OFF,0.5,0.6,3.0,10,139.5,0.13840129999999998,0.0013278432927119055
OFF,0.5,0.6,3.0,10,139.66666666666666,0.1383949,0.0013300545439943426
OFF,0.5,0.6,3.0,10,139.83333333333334,0.1383992,0.001346417156753434
OFF,0.5,0.6,3.0,10,140.0,0.138386,0.001352300632256003
OFF,0.5,0.6,3.0,10,140.16666666666666,0.13838319999999998,0.0013497406269354138
OFF,0.5,0.6,3.0,10,140.33333333333334,0.13839479999999998,0.0013503595669302321
OFF,0.5,0.6,3.0,10,140.5,0.13838330000000001,0.0013466237076481325
OFF,0.5,0.6,3.0,10,140.66666666666666,0.1383782,0.0013536328748962934
OFF,0.5,0.6,3.0,10,140.83333333333334,0.1383718,0.0013538230903629904
OFF,0.5,0.6,3.0,10,141.0,0.13837570000000002,0.001345868570849326
OFF,0.5,0.6,3.0,10,141.16666666666666,0.1383817,0.001373578832830498
OFF,0.5,0.6,3.0,10,141.33333333333334,0.13838180000000003,0.0013671154157568395
OFF,0.5,0.6,3.0,10,141.5,0.1383743,0.001369808530415844
OFF,0.5,0.6,3.0,10,141.66666666666666,0.13837460000000001,0.0013626211652546737
OFF,0.5,0.6,3.0,10,141.83333333333334,0.13836929999999997,0.0013733052137088855
OFF,0.5,0.6,3.0,10,142.0,0.13837419999999997,0.0013591960712126875
OFF,0.5,0.6,3.0,10,142.16666666666666,0.1383432,0.0013733512879085244
OFF,0.5,0.6,3.0,10,142.33333333333334,0.1383321,0.0013720510522571728
OFF,0.5,0.6,3.0,10,142.5,0.1383026,0.0013741860281635781
OFF,0.5,0.6,3.0,10,142.66666666666666,0.1382931,0.0013803044917698435
OFF,0.5,0.6,3.0,10,142.83333333333334,0.1383084,0.0013725518715152424
OFF,0.5,0.6,3.0,10,143.0,0.1383083,0.0013698716034723818
OFF,0.5,0.6,3.0,10,143.16666666666666,0.13832320000000004,0.001362521838357096
OFF,0.5,0.6,3.0,10,143.33333333333334,0.13833389999999998,0.001356398278530315
OFF,0.5,0.6,3.0,10,143.5,0.13834430000000003,0.001347400315422259
OFF,0.5,0.6,3.0,10,143.66666666666666,0.1383414,0.0013585362858606288
OFF,0.5,0.6,3.0,10,143.83333333333334,0.13834010000000002,0.0013679563918488002
OFF,0.5,0.6,3.0,10,144.0,0.13834100000000002,0.0013446721533518886
OFF,0.5,0.6,3.0,10,144.16666666666666,0.1383385,0.0013706870722378624
OFF,0.5,0.6,3.0,10,144.33333333333334,0.1383588,0.0013945556138067784
OFF,0.5,0.6,3.0,10,144.5,0.13835389999999997,0.0013861966996065204
OFF,0.5,0.6,3.0,10,144.66666666666666,0.13833020000000001,0.0013958959703358957
OFF,0.5,0.6,3.0,10,144.83333333333334,0.13836189999999998,0.0013809841020084202
OFF,0.5,0.6,3.0,10,145.0,0.138376,0.0013590458417581078
OFF,0.5,0.6,3.0,10,145.16666666666666,0.13839059999999997,0.0013620056681233016
OFF,0.5,0.6,3.0,10,145.33333333333334,0.1383991,0.0013818257813487233
OFF,0.5,0.6,3.0,10,145.5,0.1383909,0.0013883001440610772
OFF,0.5,0.6,3.0,10,145.66666666666666,0.1383963,0.0014000335745974074
OFF,0.5,0.6,3.0,10,145.83333333333334,0.1383995,0.0014011463342563444
OFF,0.5,0.6,3.0,10,146.0,0.1383846,0.0013976668558708851
OFF,0.5,0.6,3.0,10,146.16666666666666,0.13837029999999997,0.0014214640375331332
OFF,0.5,0.6,3.0,10,146.33333333333334,0.1383559,0.0014366262179147345
OFF,0.5,0.6,3.0,10,146.5,0.1383627,0.001442074342743817
OFF,0.5,0.6,3.0,10,146.66666666666666,0.1383547,0.001461135315431118
OFF,0.5,0.6,3.0,10,146.83333333333334,0.1383626,0.0014585427110647123
OFF,0.5,0.6,3.0,10,147.0,0.1383648,0.0014682975039139719
OFF,0.5,0.6,3.0,10,147.16666666666666,0.1383756,0.0014636063131867143
OFF,0.5,0.6,3.0,10,147.33333333333334,0.1383833,0.0014642141953962874
OFF,0.5,0.6,3.0,10,147.5,0.13836850000000003,0.0014663668197282714
OFF,0.5,0.6,3.0,10,147.66666666666666,0.1383604,0.0014606473359438951
OFF,0.5,0.6,3.0,10,147.83333333333334,0.1383776,0.001452525607347421
OFF,0.5,0.6,3.0,10,148.0,0.13836310000000002,0.001450173262062158
OFF,0.5,0.6,3.0,10,148.16666666666666,0.1383399,0.0014495447871659634
OFF,0.5,0.6,3.0,10,148.33333333333334,0.138325,0.0014279542009462392
OFF,0.5,0.6,3.0,10,148.5,0.1383274,0.0014335004150679525
OFF,0.5,0.6,3.0,10,148.66666666666666,0.13831949999999998,0.0014396718549725166
OFF,0.5,0.6,3.0,10,148.83333333333334,0.13833089999999998,0.001445245546611372
OFF,0.5,0.6,3.0,10,149.0,0.13833399999999998,0.0014566184126256238
OFF,0.5,0.6,3.0,10,149.16666666666666,0.13834839999999998,0.0014569382416561075
OFF,0.5,0.6,3.0,10,149.33333333333334,0.1383412,0.001462012092973243
OFF,0.5,0.6,3.0,10,149.5,0.13836299999999996,0.0014995974793257038
OFF,0.5,0.6,3.0,10,149.66666666666666,0.13836729999999997,0.0015147737157740727
OFF,0.5,0.6,3.0,10,149.83333333333334,0.13835609999999998,0.0015165878444719238
OFF,0.5,0.6,3.0,10,150.0,0.1383513,0.0015079122023513177
OFF,0.5,0.6,3.0,10,150.16666666666666,0.1383604,0.0014998979431948085
OFF,0.5,0.6,3.0,10,150.33333333333334,0.1383482,0.0014951722175053936
OFF,0.5,0.6,3.0,10,150.5,0.1383425,0.0015030762622036153
OFF,0.5,0.6,3.0,10,150.66666666666666,0.1383123,0.001487042773426506
OFF,0.5,0.6,3.0,10,150.83333333333334,0.1383251,0.0014872378727022822
OFF,0.5,0.6,3.0,10,151.0,0.1383088,0.0014914530364714795
OFF,0.5,0.6,3.0,10,151.16666666666666,0.13828970000000002,0.0014821810989214489
OFF,0.5,0.6,3.0,10,151.33333333333334,0.13830380000000003,0.0014756252776365693
OFF,0.5,0.6,3.0,10,151.5,0.1383007,0.0014700959186393222
OFF,0.5,0.6,3.0,10,151.66666666666666,0.13829940000000002,0.001491108929622516
OFF,0.5,0.6,3.0,10,151.83333333333334,0.1382959,0.0014844996766587692
OFF,0.5,0.6,3.0,10,152.0,0.1382892,0.0014961594032722539
OFF,0.5,0.6,3.0,10,152.16666666666666,0.1382901,0.0014950691254921947
OFF,0.5,0.6,3.0,10,152.33333333333334,0.1383038,0.001484791554394084
OFF,0.5,0.6,3.0,10,152.5,0.138287,0.0014708438394336817
OFF,0.5,0.6,3.0,10,152.66666666666666,0.1382676,0.0014533963808954489
OFF,0.5,0.6,3.0,10,152.83333333333334,0.1382813,0.0014713062937403599
OFF,0.5,0.6,3.0,10,153.0,0.13827969999999998,0.001470170809804085
OFF,0.5,0.6,3.0,10,153.16666666666666,0.1382831,0.0014742981007923733
OFF,0.5,0.6,3.0,10,153.33333333333334,0.1382522,0.0014665521334067868
OFF,0.5,0.6,3.0,10,153.5,0.13825730000000003,0.0014548703069346045
OFF,0.5,0.6,3.0,10,153.66666666666666,0.1382579,0.001465834946370157
OFF,0.5,0.6,3.0,10,153.83333333333334,0.13826100000000002,0.0014754125524747276
OFF,0.5,0.6,3.0,10,154.0,0.13824039999999999,0.0014841153054934734
OFF,0.5,0.6,3.0,10,154.16666666666666,0.13824070000000002,0.0014786990261713155
OFF,0.5,0.6,3.0,10,154.33333333333334,0.13823630000000003,0.0014808431415919774
OFF,0.5,0.6,3.0,10,154.5,0.1382608,0.0014951637903587688
OFF,0.5,0.6,3.0,10,154.66666666666666,0.1382878,0.0014989445486741659
OFF,0.5,0.6,3.0,10,154.83333333333334,0.1383121,0.0015222274764305102
OFF,0.5,0.6,3.0,10,155.0,0.13830610000000002,0.0015145581831015969
OFF,0.5,0.6,3.0,10,155.16666666666666,0.1383237,0.0015208998684989087
OFF,0.5,0.6,3.0,10,155.33333333333334,0.1383396,0.0015343050674491026
OFF,0.5,0.6,3.0,10,155.5,0.1383329,0.0015631004094427243
OFF,0.5,0.6,3.0,10,155.66666666666666,0.1383324,0.0015797979111266043
OFF,0.5,0.6,3.0,10,155.83333333333334,0.1383122,0.0015944679865083592
OFF,0.5,0.6,3.0,10,156.0,0.13830299999999998,0.0015826106280446889
OFF,0.5,0.6,3.0,10,156.16666666666666,0.1382874,0.001612878247109806
OFF,0.5,0.6,3.0,10,156.33333333333334,0.13829280000000002,0.0016184601817777252
OFF,0.5,0.6,3.0,10,156.5,0.13829989999999998,0.0016281016215212156
OFF,0.5,0.6,3.0,10,156.66666666666666,0.1382838,0.0016388093726849393
OFF,0.5,0.6,3.0,10,156.83333333333334,0.1382873,0.0016579560941110533
OFF,0.5,0.6,3.0,10,157.0,0.1382817,0.0016767068348402408
OFF,0.5,0.6,3.0,10,157.16666666666666,0.1382621,0.0016657779233739394
OFF,0.5,0.6,3.0,10,157.33333333333334,0.1382816,0.0016843538939308425
OFF,0.5,0.6,3.0,10,157.5,0.1382779,0.001680656446154301
OFF,0.5,0.6,3.0,10,157.66666666666666,0.13827259999999997,0.0016894905267565165
OFF,0.5,0.6,3.0,10,157.83333333333334,0.13824540000000002,0.0017019086461969705
OFF,0.5,0.6,3.0,10,158.0,0.13823459999999999,0.0017160876551038996
OFF,0.5,0.6,3.0,10,158.16666666666666,0.13823180000000002,0.001728855390135341
OFF,0.5,0.6,3.0,10,158.33333333333334,0.138222,0.001731486355707143
OFF,0.5,0.6,3.0,10,158.5,0.1382138,0.0017225721349191732
OFF,0.5,0.6,3.0,10,158.66666666666666,0.13818209999999997,0.0017221564650170375
OFF,0.5,0.6,3.0,10,158.83333333333334,0.1381831,0.0017146515360270734
OFF,0.5,0.6,3.0,10,159.0,0.13819789999999998,0.0017274391132540631
OFF,0.5,0.6,3.0,10,159.16666666666666,0.13820150000000003,0.0017431304168076484
OFF,0.5,0.6,3.0,10,159.33333333333334,0.13821319999999998,0.0017414298033512597
OFF,0.5,0.6,3.0,10,159.5,0.13821060000000002,0.0017552164083098117
OFF,0.5,0.6,3.0,10,159.66666666666666,0.1382255,0.0017651198401241724
OFF,0.5,0.6,3.0,10,159.83333333333334,0.13822130000000002,0.001781069063792867
OFF,0.5,0.6,3.0,10,160.0,0.1382193,0.0017732964247412228
OFF,0.5,0.6,3.0,10,160.16666666666666,0.1382273,0.001777163866952064
OFF,0.5,0.6,3.0,10,160.33333333333334,0.1382318,0.0017774296498033362
OFF,0.5,0.6,3.0,10,160.5,0.13819969999999998,0.0017815738575764958
OFF,0.5,0.6,3.0,10,160.66666666666666,0.13819279999999998,0.001778977166801194
OFF,0.5,0.6,3.0,10,160.83333333333334,0.1381957,0.0017881455785254197
OFF,0.5,0.6,3.0,10,161.0,0.138212,0.001757760507008848
OFF,0.5,0.6,3.0,10,161.16666666666666,0.1382003,0.00174931604062845
OFF,0.5,0.6,3.0,10,161.33333333333334,0.13819579999999998,0.0017414312389526013
OFF,0.5,0.6,3.0,10,161.5,0.1382133,0.0017576033710709623
OFF,0.5,0.6,3.0,10,161.66666666666666,0.1381918,0.0017493711327217015
OFF,0.5,0.6,3.0,10,161.83333333333334,0.13816769999999998,0.0017647162973124058
OFF,0.5,0.6,3.0,10,162.0,0.138154,0.0017769424301310348
OFF,0.5,0.6,3.0,10,162.16666666666666,0.13819,0.0017733747488898114
OFF,0.5,0.6,3.0,10,162.33333333333334,0.1381889,0.0017735878016044203
OFF,0.5,0.6,3.0,10,162.5,0.1382138,0.0017720594120965642
OFF,0.5,0.6,3.0,10,162.66666666666666,0.1382251,0.001763582175573341
OFF,0.5,0.6,3.0,10,162.83333333333334,0.1382098,0.0017339691346733976
OFF,0.5,0.6,3.0,10,163.0,0.13820639999999998,0.0017495701872174158
OFF,0.5,0.6,3.0,10,163.16666666666666,0.1381919,0.001740110194786521
OFF,0.5,0.6,3.0,10,163.33333333333334,0.13818740000000002,0.0017476044289254891
OFF,0.5,0.6,3.0,10,163.5,0.13819209999999998,0.0017569935941829746
OFF,0.5,0.6,3.0,10,163.66666666666666,0.1381915,0.0017556297018448967
OFF,0.5,0.6,3.0,10,163.83333333333334,0.1381915,0.0017618729380974062
OFF,0.5,0.6,3.0,10,164.0,0.13819259999999997,0.0017461580798999899
OFF,0.5,0.6,3.0,10,164.16666666666666,0.13821199999999997,0.0017209024957852788
OFF,0.5,0.6,3.0,10,164.33333333333334,0.138201,0.0017353478037557793
OFF,0.5,0.6,3.0,10,164.5,0.13821919999999996,0.0017164626882050181
OFF,0.5,0.6,3.0,10,164.66666666666666,0.13821709999999998,0.0017108290651026503
OFF,0.5,0.6,3.0,10,164.83333333333334,0.1382232,0.0017201991628878325
OFF,0.5,0.6,3.0,10,165.0,0.13823190000000002,0.0017259733746497908
OFF,0.5,0.6,3.0,10,165.16666666666666,0.1382437,0.0017441388734845621
OFF,0.5,0.6,3.0,10,165.33333333333334,0.1382537,0.0017270570951766465
OFF,0.5,0.6,3.0,10,165.5,0.1382512,0.0017334054805497735
OFF,0.5,0.6,3.0,10,165.66666666666666,0.1382637,0.0017291760494524565
OFF,0.5,0.6,3.0,10,165.83333333333334,0.13827430000000002,0.0017294289259752774
OFF,0.5,0.6,3.0,10,166.0,0.13829149999999998,0.001754279809494484
OFF,0.5,0.6,3.0,10,166.16666666666666,0.13829470000000002,0.0017607270117766683
OFF,0.5,0.6,3.0,10,166.33333333333334,0.13828279999999998,0.0017676829353704825
OFF,0.5,0.6,3.0,10,166.5,0.1382839,0.001782220943093201
OFF,0.5,0.6,3.0,10,166.66666666666666,0.1382613,0.0017974098614395096
OFF,0.5,0.6,3.0,10,166.83333333333334,0.13823710000000003,0.001789335153066635
OFF,0.5,0.6,3.0,10,167.0,0.13823519999999997,0.001769626220420574
OFF,0.5,0.6,3.0,10,167.16666666666666,0.1382197,0.001764170289399523
OFF,0.5,0.6,3.0,10,167.33333333333334,0.1382178,0.001764394899108478
OFF,0.5,0.6,3.0,10,167.5,0.1382211,0.0017655693387686583
OFF,0.5,0.6,3.0,10,167.66666666666666,0.13823020000000003,0.001755509031591692
OFF,0.5,0.6,3.0,10,167.83333333333334,0.13824879999999998,0.0017571690755302937
OFF,0.5,0.6,3.0,10,168.0,0.1382284,0.0017375277379080925
OFF,0.5,0.6,3.0,10,168.16666666666666,0.1382397,0.001732545413546204
OFF,0.5,0.6,3.0,10,168.33333333333334,0.13823270000000001,0.0017367112627031567
OFF,0.5,0.6,3.0,10,168.5,0.1382121,0.001746353369166737
OFF,0.5,0.6,3.0,10,168.66666666666666,0.1382045,0.0017439380866303715
OFF,0.5,0.6,3.0,10,168.83333333333334,0.13817789999999996,0.0017376967773463856
OFF,0.5,0.6,3.0,10,169.0,0.13817580000000002,0.0017263186148564805
OFF,0.5,0.6,3.0,10,169.16666666666666,0.1381577,0.0017286255262491065
OFF,0.5,0.6,3.0,10,169.33333333333334,0.13816889999999998,0.0017461761337276417
OFF,0.5,0.6,3.0,10,169.5,0.1381527,0.0017590126804545763
OFF,0.5,0.6,3.0,10,169.66666666666666,0.138152,0.0017655849455633663
OFF,0.5,0.6,3.0,10,169.83333333333334,0.1381417,0.0017711274403610817
OFF,0.5,0.6,3.0,10,170.0,0.1381227,0.001768188228102425
OFF,0.5,0.6,3.0,10,170.16666666666666,0.13811690000000001,0.0017868902288613025
OFF,0.5,0.6,3.0,10,170.33333333333334,0.1381011,0.0017659525729758442
OFF,0.5,0.6,3.0,10,170.5,0.13807770000000003,0.001760317985478758
OFF,0.5,0.6,3.0,10,170.66666666666666,0.13807979999999997,0.0017657413060808203
OFF,0.5,0.6,3.0,10,170.83333333333334,0.1380884,0.0017754709910330823
OFF,0.5,0.6,3.0,10,171.0,0.13807569999999997,0.0017867903094655505
OFF,0.5,0.6,3.0,10,171.16666666666666,0.13809010000000002,0.0017716967263050382
OFF,0.5,0.6,3.0,10,171.33333333333334,0.1380848,0.0017646216478327571
OFF,0.5,0.6,3.0,10,171.5,0.1380825,0.0017505161667348294
OFF,0.5,0.6,3.0,10,171.66666666666666,0.1380908,0.0017577546927828134
OFF,0.5,0.6,3.0,10,171.83333333333334,0.1380979,0.001739860307610928
OFF,0.5,0.6,3.0,10,172.0,0.13808340000000002,0.0017421845022844175
OFF,0.5,0.6,3.0,10,172.16666666666666,0.1380711,0.0017519265652418208
OFF,0.5,0.6,3.0,10,172.33333333333334,0.13806730000000003,0.0017553696505294837
OFF,0.5,0.6,3.0,10,172.5,0.1380471,0.0017485624638542373
OFF,0.5,0.6,3.0,10,172.66666666666666,0.1380262,0.001741104867605628
OFF,0.5,0.6,3.0,10,172.83333333333334,0.1380477,0.0017422451635748643
OFF,0.5,0.6,3.0,10,173.0,0.13805499999999998,0.0017482959703665707
OFF,0.5,0.6,3.0,10,173.16666666666666,0.1380663,0.0017559937385993151
OFF,0.5,0.6,3.0,10,173.33333333333334,0.13806019999999997,0.001754085676356772
OFF,0.5,0.6,3.0,10,173.5,0.1380627,0.0017301528863080285
OFF,0.5,0.6,3.0,10,173.66666666666666,0.1380653,0.0017349945273688937
OFF,0.5,0.6,3.0,10,173.83333333333334,0.13805420000000002,0.0017446764628434707
OFF,0.5,0.6,3.0,10,174.0,0.1380492,0.0017392050367912378
OFF,0.5,0.6,3.0,10,174.16666666666666,0.1380508,0.001719511023518025
OFF,0.5,0.6,3.0,10,174.33333333333334,0.13805099999999998,0.001720057906002006
OFF,0.5,0.6,3.0,10,174.5,0.1380213,0.0016931102179125826
OFF,0.5,0.6,3.0,10,174.66666666666666,0.13803040000000003,0.0016962429778778706
OFF,0.5,0.6,3.0,10,174.83333333333334,0.1380398,0.0017105044168314809
OFF,0.5,0.6,3.0,10,175.0,0.138052,0.0017326188848099263
OFF,0.5,0.6,3.0,10,175.16666666666666,0.1380507,0.0017313774314111881
OFF,0.5,0.6,3.0,10,175.33333333333334,0.13803669999999998,0.0017352889701718274
OFF,0.5,0.6,3.0,10,175.5,0.1380649,0.0017298113452050234
OFF,0.5,0.6,3.0,10,175.66666666666666,0.13807399999999997,0.0017334164531352522
OFF,0.5,0.6,3.0,10,175.83333333333334,0.13808479999999998,0.0017252218871785746
OFF,0.5,0.6,3.0,10,176.0,0.13807439999999999,0.0017194703952089435
OFF,0.5,0.6,3.0,10,176.16666666666666,0.13808559999999998,0.001722746133358017
OFF,0.5,0.6,3.0,10,176.33333333333334,0.1380798,0.0017319655192872653
OFF,0.5,0.6,3.0,10,176.5,0.1380548,0.0017356512783390575
OFF,0.5,0.6,3.0,10,176.66666666666666,0.1380522,0.0017534016539287284
OFF,0.5,0.6,3.0,10,176.83333333333334,0.1380661,0.0017559564601663626
OFF,0.5,0.6,3.0,10,177.0,0.1380729,0.0017565799412494725
OFF,0.5,0.6,3.0,10,177.16666666666666,0.13804889999999997,0.001740197313525112
OFF,0.5,0.6,3.0,10,177.33333333333334,0.1380466,0.001715912422007605
OFF,0.5,0.6,3.0,10,177.5,0.1380691,0.0017231846941056542
OFF,0.5,0.6,3.0,10,177.66666666666666,0.13804919999999998,0.0016946325147358598
OFF,0.5,0.6,3.0,10,177.83333333333334,0.13805439999999997,0.0017208669443045293
OFF,0.5,0.6,3.0,10,178.0,0.13805800000000001,0.0016983789329828628
OFF,0.5,0.6,3.0,10,178.16666666666666,0.13806380000000001,0.0017093845559147858
OFF,0.5,0.6,3.0,10,178.33333333333334,0.1380575,0.0016855507853517828
OFF,0.5,0.6,3.0,10,178.5,0.13806900000000003,0.0016884469195091708
OFF,0.5,0.6,3.0,10,178.66666666666666,0.1380768,0.0016672520985142015
OFF,0.5,0.6,3.0,10,178.83333333333334,0.13806990000000002,0.0016741547389653069
OFF,0.5,0.6,3.0,10,179.0,0.13808720000000002,0.0016752966782035963
OFF,0.5,0.6,3.0,10,179.16666666666666,0.1380859,0.001650272186640732
OFF,0.5,0.6,3.0,10,179.33333333333334,0.1380927,0.0016368086662771554
OFF,0.5,0.6,3.0,10,179.5,0.13806829999999998,0.0016527654431285766
OFF,0.5,0.6,3.0,10,179.66666666666666,0.1380635,0.0016432152171885473
OFF,0.5,0.6,3.0,10,179.83333333333334,0.13803769999999999,0.0016427375353354511
OFF,0.5,0.6,3.0,10,180.0,0.1380332,0.001661036471604399
OFF,0.5,0.6,3.0,10,180.16666666666666,0.1380289,0.0016225231862750048
OFF,0.5,0.6,3.0,10,180.33333333333334,0.13804539999999998,0.0016446087802270775
OFF,0.5,0.6,3.0,10,180.5,0.1380219,0.0016362096717719293
OFF,0.5,0.6,3.0,10,180.66666666666666,0.138009,0.001630762950278188
OFF,0.5,0.6,3.0,10,180.83333333333334,0.1380045,0.001626536396764607
OFF,0.5,0.6,3.0,10,181.0,0.1380063,0.0016368126374145546
OFF,0.5,0.6,3.0,10,181.16666666666666,0.1379899,0.0016331103116446217
OFF,0.5,0.6,3.0,10,181.33333333333334,0.137995,0.001620226033613828
OFF,0.5,0.6,3.0,10,181.5,0.1379535,0.0016248536087906538
OFF,0.5,0.6,3.0,10,181.66666666666666,0.1379554,0.0016289168302893822
OFF,0.5,0.6,3.0,10,181.83333333333334,0.1379495,0.0016326154629918216
OFF,0.5,0.6,3.0,10,182.0,0.1379414,0.001645568242279854
OFF,0.5,0.6,3.0,10,182.16666666666666,0.1379289,0.0016563444961722178
OFF,0.5,0.6,3.0,10,182.33333333333334,0.13793640000000001,0.0016444936728367155
OFF,0.5,0.6,3.0,10,182.5,0.13793429999999998,0.0016099027330866908
OFF,0.5,0.6,3.0,10,182.66666666666666,0.13794729999999997,0.0016077542753791688
OFF,0.5,0.6,3.0,10,182.83333333333334,0.13793689999999997,0.001614423144655698
OFF,0.5,0.6,3.0,10,183.0,0.1379464,0.001614741044254466
OFF,0.5,0.6,3.0,10,183.16666666666666,0.1379374,0.0015996917328035438
OFF,0.5,0.6,3.0,10,183.33333333333334,0.13795830000000003,0.001594734087551902
OFF,0.5,0.6,3.0,10,183.5,0.13796210000000003,0.0016028477438609042
OFF,0.5,0.6,3.0,10,183.66666666666666,0.1379487,0.0016120887723695611
OFF,0.5,0.6,3.0,10,183.83333333333334,0.13795179999999999,0.0016234520504160277
OFF,0.5,0.6,3.0,10,184.0,0.13795169999999998,0.0016058169291672062
OFF,0.5,0.6,3.0,10,184.16666666666666,0.1379446,0.0016041022535985667
OFF,0.5,0.6,3.0,10,184.33333333333334,0.137964,0.0015840904645884359
OFF,0.5,0.6,3.0,10,184.5,0.1379701,0.0015516411601913618
OFF,0.5,0.6,3.0,10,184.66666666666666,0.1379785,0.0015432034376581685
OFF,0.5,0.6,3.0,10,184.83333333333334,0.1379854,0.001548021201405199
OFF,0.5,0.6,3.0,10,185.0,0.1379705,0.0015604021436796387
OFF,0.5,0.6,3.0,10,185.16666666666666,0.1379645,0.001540994305635165
OFF,0.5,0.6,3.0,10,185.33333333333334,0.13796570000000002,0.0015442329519861912
OFF,0.5,0.6,3.0,10,185.5,0.1379877,0.0015558023042790499
OFF,0.5,0.6,3.0,10,185.66666666666666,0.13799699999999998,0.0015634972977271143
OFF,0.5,0.6,3.0,10,185.83333333333334,0.1379938,0.0015600385123451298
OFF,0.5,0.6,3.0,10,186.0,0.13797579999999998,0.0015597024588042392
OFF,0.5,0.6,3.0,10,186.16666666666666,0.1379757,0.0015482445575554257
OFF,0.5,0.6,3.0,10,186.33333333333334,0.1379934,0.0015463380096214423
OFF,0.5,0.6,3.0,10,186.5,0.1380096,0.0015301907201391595
OFF,0.5,0.6,3.0,10,186.66666666666666,0.1379976,0.0015315866413624824
OFF,0.5,0.6,3.0,10,186.83333333333334,0.13800369999999998,0.0015153439246586883
OFF,0.5,0.6,3.0,10,187.0,0.13800520000000002,0.0015095337558332404
OFF,0.5,0.6,3.0,10,187.16666666666666,0.13800949999999998,0.001508630322511118
OFF,0.5,0.6,3.0,10,187.33333333333334,0.138027,0.0015307515801069747
OFF,0.5,0.6,3.0,10,187.5,0.13802960000000003,0.001518914625645564
OFF,0.5,0.6,3.0,10,187.66666666666666,0.1380225,0.0014987375520750812
OFF,0.5,0.6,3.0,10,187.83333333333334,0.1380244,0.0014899610867401822
OFF,0.5,0.6,3.0,10,188.0,0.1380166,0.0015024993976704263
OFF,0.5,0.6,3.0,10,188.16666666666666,0.13799450000000002,0.0014972639212911005
OFF,0.5,0.6,3.0,10,188.33333333333334,0.1379873,0.0014942957572047124
OFF,0.5,0.6,3.0,10,188.5,0.13796590000000003,0.0014744661711955248
OFF,0.5,0.6,3.0,10,188.66666666666666,0.1379765,0.001475493697038387
OFF,0.5,0.6,3.0,10,188.83333333333334,0.13797160000000003,0.0014634615949863526
OFF,0.5,0.6,3.0,10,189.0,0.1379754,0.001466915553124992
OFF,0.5,0.6,3.0,10,189.16666666666666,0.13798660000000001,0.001465480344460476
OFF,0.5,0.6,3.0,10,189.33333333333334,0.1379885,0.0014581114669324872
OFF,0.5,0.6,3.0,10,189.5,0.13799080000000002,0.00146908528002972
OFF,0.5,0.6,3.0,10,189.66666666666666,0.1379841,0.0014818575133932412
OFF,0.5,0.6,3.0,10,189.83333333333334,0.1379999,0.0014765470835703134
OFF,0.5,0.6,3.0,10,190.0,0.1379957,0.0014794377344112852
OFF,0.5,0.6,3.0,10,190.16666666666666,0.1379845,0.001488658809129881
OFF,0.5,0.6,3.0,10,190.33333333333334,0.1379903,0.0014905621120906013
OFF,0.5,0.6,3.0,10,190.5,0.13800600000000002,0.001507354901806472
OFF,0.5,0.6,3.0,10,190.66666666666666,0.13799599999999998,0.0015094300911271078
OFF,0.5,0.6,3.0,10,190.83333333333334,0.13800419999999997,0.0015210051807932777
OFF,0.5,0.6,3.0,10,191.0,0.1380002,0.0015000684517714525
OFF,0.5,0.6,3.0,10,191.16666666666666,0.13799489999999998,0.0014972908501690604
OFF,0.5,0.6,3.0,10,191.33333333333334,0.13799460000000002,0.0015096264571078507
OFF,0.5,0.6,3.0,10,191.5,0.13799760000000003,0.001511648054277182
OFF,0.5,0.6,3.0,10,191.66666666666666,0.13801449999999998,0.001526213762878583
OFF,0.5,0.6,3.0,10,191.83333333333334,0.1379977,0.0015144887619259531
OFF,0.5,0.6,3.0,10,191.99833333333333,0.13800620000000002,0.0015184713892596098
OFF,0.5,0.6,3.0,10,192.0,0.13800649999999998,0.0015181560690521966
OFF,0.5,0.6,5.0,10,0.0,0.09957505,0.0003250554268121059
OFF,0.5,0.6,5.0,10,0.16666666666666666,0.1029977,0.0005062963657779907
OFF,0.5,0.6,5.0,10,0.3333333333333333,0.1101964,0.0006426445673932046
OFF,0.5,0.6,5.0,10,0.5,0.11381320000000002,0.0006390214080920906
OFF,0.5,0.6,5.0,10,0.6666666666666666,0.11392299999999997,0.0005972120226519219
OFF,0.5,0.6,5.0,10,0.8333333333333334,0.1123589,0.0007726844698840512
OFF,0.5,0.6,5.0,10,1.0,0.11025559999999998,0.0007697227033159409
OFF,0.5,0.6,5.0,10,1.1666666666666667,0.1083575,0.0008423651524131348
OFF,0.5,0.6,5.0,10,1.3333333333333333,0.10657269999999999,0.0009453010155500724
OFF,0.5,0.6,5.0,10,1.5,0.1050624,0.0008047920476744292
OFF,0.5,0.6,5.0,10,1.6666666666666667,0.10393370000000002,0.0007163926367572466
OFF,0.5,0.6,5.0,10,1.8333333333333333,0.10282880000000001,0.0006650581628699836
OFF,0.5,0.6,5.0,10,2.0,0.1019825,0.0005483827586640547
OFF,0.5,0.6,5.0,10,2.1666666666666665,0.10125790000000001,0.0006290412466603451
OFF,0.5,0.6,5.0,10,2.3333333333333335,0.10071165,0.0008923259631435131
OFF,0.5,0.6,5.0,10,2.5,0.09998431,0.0006744369747426364
OFF,0.5,0.6,5.0,10,2.6666666666666665,0.09952528999999997,0.0006053770799262221
OFF,0.5,0.6,5.0,10,2.8333333333333335,0.09921371999999999,0.0006711210156149166
OFF,0.5,0.6,5.0,10,3.0,0.09874977,0.0006358218194588802
OFF,0.5,0.6,5.0,10,3.1666666666666665,0.09855865,0.0006272564216490751
OFF,0.5,0.6,5.0,10,3.3333333333333335,0.09830601,0.0007733708120300374
OFF,0.5,0.6,5.0,10,3.5,0.09808048999999999,0.0006855451020173644
OFF,0.5,0.6,5.0,10,3.6666666666666665,0.09787104,0.0006643429885232463
OFF,0.5,0.6,5.0,10,3.8333333333333335,0.09779996,0.0005710468845900492
OFF,0.5,0.6,5.0,10,4.0,0.09778085000000002,0.0006545460552932844
OFF,0.5,0.6,5.0,10,4.166666666666667,0.09759509,0.0006450158191083383
OFF,0.5,0.6,5.0,10,4.333333333333333,0.09743149999999999,0.0006454669875369318
OFF,0.5,0.6,5.0,10,4.5,0.09739748999999999,0.0007391093957595165
OFF,0.5,0.6,5.0,10,4.666666666666667,0.0972194,0.0006261911561176822
OFF,0.5,0.6,5.0,10,4.833333333333333,0.09741811000000002,0.0006690821346441707
OFF,0.5,0.6,5.0,10,5.0,0.09747279,0.0006669333961498712
OFF,0.5,0.6,5.0,10,5.166666666666667,0.09763255000000001,0.00045760072388491827
OFF,0.5,0.6,5.0,10,5.333333333333333,0.09759279,0.00039083340811655427
OFF,0.5,0.6,5.0,10,5.5,0.09754769999999999,0.00031733178536037104
OFF,0.5,0.6,5.0,10,5.666666666666667,0.09753737000000001,0.0004666918084774989
OFF,0.5,0.6,5.0,10,5.833333333333333,0.09740361,0.0005414867578251552
OFF,0.5,0.6,5.0,10,6.0,0.09735621000000001,0.0005985708871136302
OFF,0.5,0.6,5.0,10,6.166666666666667,0.09754577,0.0007467798725862937
OFF,0.5,0.6,5.0,10,6.333333333333333,0.09741814000000001,0.0007475302872793851
OFF,0.5,0.6,5.0,10,6.5,0.09747394,0.0006218821065121588
OFF,0.5,0.6,5.0,10,6.666666666666667,0.09744145000000001,0.0005579157001734225
OFF,0.5,0.6,5.0,10,6.833333333333333,0.09736959000000002,0.0004994408242224492
OFF,0.5,0.6,5.0,10,7.0,0.09723430000000001,0.0005657626852311848
OFF,0.5,0.6,5.0,10,7.166666666666667,0.09718842999999999,0.0005484441412760291
OFF,0.5,0.6,5.0,10,7.333333333333333,0.09710853,0.0005507928922017771
OFF,0.5,0.6,5.0,10,7.5,0.09711732,0.00045132582199559543
OFF,0.5,0.6,5.0,10,7.666666666666667,0.09718879,0.0003515018334233835
OFF,0.5,0.6,5.0,10,7.833333333333333,0.09708597999999999,0.0003186035053165591
OFF,0.5,0.6,5.0,10,8.0,0.09717465,0.0003985281552161653
OFF,0.5,0.6,5.0,10,8.166666666666666,0.09703438,0.0004632721679531374
OFF,0.5,0.6,5.0,10,8.333333333333334,0.09711159,0.0004756200215508164
OFF,0.5,0.6,5.0,10,8.5,0.09702481999999998,0.0006188231327285691
OFF,0.5,0.6,5.0,10,8.666666666666666,0.09698431,0.0006637980753964252
OFF,0.5,0.6,5.0,10,8.833333333333334,0.09697132000000001,0.0007168013529563121
OFF,0.5,0.6,5.0,10,9.0,0.09690328000000001,0.0006887076924211048
OFF,0.5,0.6,5.0,10,9.166666666666666,0.09709785000000001,0.0005993748814389856
OFF,0.5,0.6,5.0,10,9.333333333333334,0.09711428999999999,0.0006306742605339146
OFF,0.5,0.6,5.0,10,9.5,0.09705119000000001,0.0008056187366862795
OFF,0.5,0.6,5.0,10,9.666666666666666,0.0970665,0.0008311685196156052
OFF,0.5,0.6,5.0,10,9.833333333333334,0.09711275,0.0008961669958774423
OFF,0.5,0.6,5.0,10,10.0,0.0970424,0.0006786049218801752
OFF,0.5,0.6,5.0,10,10.166666666666666,0.09718573999999999,0.0005522722086073156
OFF,0.5,0.6,5.0,10,10.333333333333334,0.09727784,0.0006039261746273294
OFF,0.5,0.6,5.0,10,10.5,0.09736308999999999,0.0005979477342544262
OFF,0.5,0.6,5.0,10,10.666666666666666,0.09724880999999999,0.0005866206277484606
OFF,0.5,0.6,5.0,10,10.833333333333334,0.09725989000000002,0.000632240108582174
OFF,0.5,0.6,5.0,10,11.0,0.09716625000000001,0.0005826047824211523
OFF,0.5,0.6,5.0,10,11.166666666666666,0.09717466,0.0005294098435050118
OFF,0.5,0.6,5.0,10,11.333333333333334,0.09716128999999998,0.0005758843068707454
OFF,0.5,0.6,5.0,10,11.5,0.0972985,0.0006579481894495932
OFF,0.5,0.6,5.0,10,11.666666666666666,0.0972771,0.0006871983847478106
OFF,0.5,0.6,5.0,10,11.833333333333334,0.09734589,0.0006165819693276776
OFF,0.5,0.6,5.0,10,12.0,0.09719070999999999,0.0005367507269673683
OFF,0.5,0.6,5.0,10,12.166666666666666,0.09719262999999999,0.0004811843971909317
OFF,0.5,0.6,5.0,10,12.333333333333334,0.09729926,0.00046160539901521987
OFF,0.5,0.6,5.0,10,12.5,0.09733443,0.00046474365202765235
OFF,0.5,0.6,5.0,10,12.666666666666666,0.09726103,0.0005407145514039725
OFF,0.5,0.6,5.0,10,12.833333333333334,0.09715325999999999,0.000593246429740629
OFF,0.5,0.6,5.0,10,13.0,0.09730651,0.0006228834376510577
OFF,0.5,0.6,5.0,10,13.166666666666666,0.09736768,0.0006401599250187386
OFF,0.5,0.6,5.0,10,13.333333333333334,0.09736462,0.0005719691124527628
OFF,0.5,0.6,5.0,10,13.5,0.09734741,0.00039893818681595105
OFF,0.5,0.6,5.0,10,13.666666666666666,0.09724423,0.000492123252956005
OFF,0.5,0.6,5.0,10,13.833333333333334,0.09718191000000001,0.0005967763005515541
OFF,0.5,0.6,5.0,10,14.0,0.09727059,0.0005024877659207232
OFF,0.5,0.6,5.0,10,14.166666666666666,0.09725225000000001,0.0004992164665753715
OFF,0.5,0.6,5.0,10,14.333333333333334,0.09708330999999999,0.0005781510502455234
OFF,0.5,0.6,5.0,10,14.5,0.09705885,0.0005610547072255969
OFF,0.5,0.6,5.0,10,14.666666666666666,0.09712956,0.0006113671518817472
OFF,0.5,0.6,5.0,10,14.833333333333334,0.09724384,0.0006484756868225652
OFF,0.5,0.6,5.0,10,15.0,0.09744183,0.000481664281528119
OFF,0.5,0.6,5.0,10,15.166666666666666,0.09747125999999999,0.0005907806736852518
OFF,0.5,0.6,5.0,10,15.333333333333334,0.09746667,0.000502865518901424
OFF,0.5,0.6,5.0,10,15.5,0.09729736,0.0004486339871209034
OFF,0.5,0.6,5.0,10,15.666666666666666,0.09700342,0.0005191254911868619
OFF,0.5,0.6,5.0,10,15.833333333333334,0.09708178999999999,0.0005982679958847878
OFF,0.5,0.6,5.0,10,16.0,0.09714713,0.0006844878085839086
OFF,0.5,0.6,5.0,10,16.166666666666668,0.09709096,0.0005814914757758715
OFF,0.5,0.6,5.0,10,16.333333333333332,0.0970554,0.0004610515762905478
OFF,0.5,0.6,5.0,10,16.5,0.09705732,0.00046474582902915725
OFF,0.5,0.6,5.0,10,16.666666666666668,0.09717962999999999,0.0005387110320942018
OFF,0.5,0.6,5.0,10,16.833333333333332,0.09725683999999998,0.0006096729503594539
OFF,0.5,0.6,5.0,10,17.0,0.09713414000000001,0.0005872330137177268
OFF,0.5,0.6,5.0,10,17.166666666666668,0.09712611,0.0005582568485025498
OFF,0.5,0.6,5.0,10,17.333333333333332,0.09719416,0.00042124224194636355
OFF,0.5,0.6,5.0,10,17.5,0.09726907,0.0004544743206166881
OFF,0.5,0.6,5.0,10,17.666666666666668,0.09731263,0.0005194430037068553
OFF,0.5,0.6,5.0,10,17.833333333333332,0.09726104999999999,0.0005204523902337275
OFF,0.5,0.6,5.0,10,18.0,0.09729162,0.0004215759167694475
OFF,0.5,0.6,5.0,10,18.166666666666668,0.0973027,0.0004128940638953279
OFF,0.5,0.6,5.0,10,18.333333333333332,0.09715745,0.0003787456065751805
OFF,0.5,0.6,5.0,10,18.5,0.09726753,0.00042262754299737847
OFF,0.5,0.6,5.0,10,18.666666666666668,0.09733290000000001,0.0005265231599844393
OFF,0.5,0.6,5.0,10,18.833333333333332,0.0974491,0.0004234817752867297
OFF,0.5,0.6,5.0,10,19.0,0.09723352,0.0004772821530290003
OFF,0.5,0.6,5.0,10,19.166666666666668,0.09715095,0.00042306550615714325
OFF,0.5,0.6,5.0,10,19.333333333333332,0.09708139,0.00041658653950889723
OFF,0.5,0.6,5.0,10,19.5,0.09715365000000001,0.0003906184205845897
OFF,0.5,0.6,5.0,10,19.666666666666668,0.09699271999999999,0.00046699167187434716
OFF,0.5,0.6,5.0,10,19.833333333333332,0.09699234999999999,0.0006417635534213536
OFF,0.5,0.6,5.0,10,20.0,0.09712231,0.00037963211521155446
OFF,0.5,0.6,5.0,10,20.166666666666668,0.09689371999999999,0.0002882302406063621
OFF,0.5,0.6,5.0,10,20.333333333333332,0.0970275,0.0004297231317953448
OFF,0.5,0.6,5.0,10,20.5,0.09707298,0.0006194309272227232
OFF,0.5,0.6,5.0,10,20.666666666666668,0.09712040000000001,0.0005333373529015199
OFF,0.5,0.6,5.0,10,20.833333333333332,0.09689067999999999,0.0005253097082674186
OFF,0.5,0.6,5.0,10,21.0,0.09693082,0.0005305620148484055
OFF,0.5,0.6,5.0,10,21.166666666666668,0.09725492,0.0005210059650330317
OFF,0.5,0.6,5.0,10,21.333333333333332,0.09707795999999999,0.0005581183748990883
OFF,0.5,0.6,5.0,10,21.5,0.09686086000000001,0.0005583743443246659
OFF,0.5,0.6,5.0,10,21.666666666666668,0.09690786,0.0006466923614826445
OFF,0.5,0.6,5.0,10,21.833333333333332,0.09680735,0.0007410663603888664
OFF,0.5,0.6,5.0,10,22.0,0.09683217999999999,0.0005031464395183542
OFF,0.5,0.6,5.0,10,22.166666666666668,0.09674542,0.0005173199277043174
OFF,0.5,0.6,5.0,10,22.333333333333332,0.09672476999999999,0.0005415143710927729
OFF,0.5,0.6,5.0,10,22.5,0.09681957,0.00035117136002242605
OFF,0.5,0.6,5.0,10,22.666666666666668,0.09688262,0.00034833009861336795
OFF,0.5,0.6,5.0,10,22.833333333333332,0.09694264999999999,0.0004335344559547733
OFF,0.5,0.6,5.0,10,23.0,0.09688761,0.00045259958782570736
OFF,0.5,0.6,5.0,10,23.166666666666668,0.09694454999999999,0.0005281523553862094
OFF,0.5,0.6,5.0,10,23.333333333333332,0.09693233000000001,0.00046708714186969414
OFF,0.5,0.6,5.0,10,23.5,0.09691780000000001,0.00032113803262771385
OFF,0.5,0.6,5.0,10,23.666666666666668,0.09685817999999999,0.00041721088384652803
OFF,0.5,0.6,5.0,10,23.833333333333332,0.09683641,0.0004927098932434774
OFF,0.5,0.6,5.0,10,24.0,0.0968299,0.0005179845615459975
OFF,0.5,0.6,5.0,10,24.166666666666668,0.09705731000000001,0.00047737563710352785
OFF,0.5,0.6,5.0,10,24.333333333333332,0.0972018,0.00047441963281466066
OFF,0.5,0.6,5.0,10,24.5,0.09713912,0.0004659354435970688
OFF,0.5,0.6,5.0,10,24.666666666666668,0.09709784,0.000526644954784532
OFF,0.5,0.6,5.0,10,24.833333333333332,0.09708101999999999,0.0006586389523859024
OFF,0.5,0.6,5.0,10,25.0,0.09697553,0.0005980729973004984
OFF,0.5,0.6,5.0,10,25.166666666666668,0.09706917,0.0006325541859003081
OFF,0.5,0.6,5.0,10,25.333333333333332,0.09716892,0.0006186918712897386
OFF,0.5,0.6,5.0,10,25.5,0.09727327,0.0006331697229811277
OFF,0.5,0.6,5.0,10,25.666666666666668,0.09730460999999999,0.0006343028116759375
OFF,0.5,0.6,5.0,10,25.833333333333332,0.0973027,0.0006054803035607358
OFF,0.5,0.6,5.0,10,26.0,0.09728473000000001,0.0007262360484718437
OFF,0.5,0.6,5.0,10,26.166666666666668,0.09725760999999998,0.0008420730983115431
OFF,0.5,0.6,5.0,10,26.333333333333332,0.09733977,0.0007190411171136148
OFF,0.5,0.6,5.0,10,26.5,0.09721210999999999,0.0007558676675847429
OFF,0.5,0.6,5.0,10,26.666666666666668,0.09731187,0.0009393529826960687
OFF,0.5,0.6,5.0,10,26.833333333333332,0.09727975999999999,0.000768114391480852
OFF,0.5,0.6,5.0,10,27.0,0.09709057,0.0009348419171710276
OFF,0.5,0.6,5.0,10,27.166666666666668,0.09696940000000001,0.0008394549183845424
OFF,0.5,0.6,5.0,10,27.333333333333332,0.09699921,0.0008626959145029032
OFF,0.5,0.6,5.0,10,27.5,0.09703132,0.0009620564201750336
OFF,0.5,0.6,5.0,10,27.666666666666668,0.09716127,0.0009471563820721483
OFF,0.5,0.6,5.0,10,27.833333333333332,0.09719796,0.000800576882254292
OFF,0.5,0.6,5.0,10,28.0,0.09734741999999999,0.0008524791209173384
OFF,0.5,0.6,5.0,10,28.166666666666668,0.09733670999999999,0.0007153922930113227
OFF,0.5,0.6,5.0,10,28.333333333333332,0.09744565,0.0005584213933043776
OFF,0.5,0.6,5.0,10,28.5,0.09735086,0.0006294532630783634
OFF,0.5,0.6,5.0,10,28.666666666666668,0.09723734,0.0007285651380624813
OFF,0.5,0.6,5.0,10,28.833333333333332,0.09725222,0.0009077572558784668
OFF,0.5,0.6,5.0,10,29.0,0.09719836000000001,0.0007632636388561967
OFF,0.5,0.6,5.0,10,29.166666666666668,0.09715058000000001,0.0008285622243380395
OFF,0.5,0.6,5.0,10,29.333333333333332,0.09702176000000001,0.0007330915238904338
OFF,0.5,0.6,5.0,10,29.5,0.09679742000000001,0.0006842465298414021
OFF,0.5,0.6,5.0,10,29.666666666666668,0.09689909,0.0006979126900264829
OFF,0.5,0.6,5.0,10,29.833333333333332,0.09708179,0.000857840316667385
OFF,0.5,0.6,5.0,10,30.0,0.09697666999999999,0.0007617733574364508
OFF,0.5,0.6,5.0,10,30.166666666666668,0.09693539,0.0005674828904028743
OFF,0.5,0.6,5.0,10,30.333333333333332,0.09711311999999998,0.0007660140949094876
OFF,0.5,0.6,5.0,10,30.5,0.0971628,0.0008649662548331009
OFF,0.5,0.6,5.0,10,30.666666666666668,0.09726411000000001,0.0008644705714482129
OFF,0.5,0.6,5.0,10,30.833333333333332,0.09741010000000001,0.0007021388566373442
OFF,0.5,0.6,5.0,10,31.0,0.09736424,0.0006959410825637448
OFF,0.5,0.6,5.0,10,31.166666666666668,0.09741277,0.0005971438989891804
OFF,0.5,0.6,5.0,10,31.333333333333332,0.09737837,0.0005834403003735685
OFF,0.5,0.6,5.0,10,31.5,0.09743379999999999,0.0004880196123108167
OFF,0.5,0.6,5.0,10,31.666666666666668,0.09741736999999999,0.00035230728079334544
OFF,0.5,0.6,5.0,10,31.833333333333332,0.09743073,0.0004232940610261374
OFF,0.5,0.6,5.0,10,32.0,0.09741469999999999,0.0003930993843800852
OFF,0.5,0.6,5.0,10,32.166666666666664,0.0972446,0.0005670740092792131
OFF,0.5,0.6,5.0,10,32.333333333333336,0.09716243,0.0005333036959369391
OFF,0.5,0.6,5.0,10,32.5,0.09703666999999999,0.00045454024035282127
OFF,0.5,0.6,5.0,10,32.666666666666664,0.09699693,0.0004237740743603811
OFF,0.5,0.6,5.0,10,32.833333333333336,0.09700571,0.0004119700679661097
OFF,0.5,0.6,5.0,10,33.0,0.09700189000000001,0.00034695927268196813
OFF,0.5,0.6,5.0,10,33.166666666666664,0.09706878,0.0003857474142492716
OFF,0.5,0.6,5.0,10,33.333333333333336,0.097034,0.0005244266736160546
OFF,0.5,0.6,5.0,10,33.5,0.09714408,0.0003621518101570109
OFF,0.5,0.6,5.0,10,33.666666666666664,0.09698127,0.0003687077705988857
OFF,0.5,0.6,5.0,10,33.833333333333336,0.09679932,0.0004494324661169925
OFF,0.5,0.6,5.0,10,34.0,0.09678173999999999,0.000651666149496811
OFF,0.5,0.6,5.0,10,34.166666666666664,0.09682798,0.0005995189318111652
OFF,0.5,0.6,5.0,10,34.333333333333336,0.09679014,0.0005940987648531187
OFF,0.5,0.6,5.0,10,34.5,0.09670529,0.00042524942904135864
OFF,0.5,0.6,5.0,10,34.666666666666664,0.09674466,0.0005348955527951241
OFF,0.5,0.6,5.0,10,34.833333333333336,0.09683906,0.0005726852489806241
OFF,0.5,0.6,5.0,10,35.0,0.096987,0.000445583110092831
OFF,0.5,0.6,5.0,10,35.166666666666664,0.09699424999999999,0.0005251237249448925
OFF,0.5,0.6,5.0,10,35.333333333333336,0.09686964,0.0005559811601124622
OFF,0.5,0.6,5.0,10,35.5,0.09667702000000002,0.0005486758602307912
OFF,0.5,0.6,5.0,10,35.666666666666664,0.09685704,0.0005010666666223172
OFF,0.5,0.6,5.0,10,35.833333333333336,0.09693386000000001,0.0005742042427568774
OFF,0.5,0.6,5.0,10,36.0,0.09686927000000001,0.0003856498205626456
OFF,0.5,0.6,5.0,10,36.166666666666664,0.09699426,0.000290342605209773
OFF,0.5,0.6,5.0,10,36.333333333333336,0.09688495,0.0002862051231197638
OFF,0.5,0.6,5.0,10,36.5,0.09686391,0.00035546243247353156
OFF,0.5,0.6,5.0,10,36.666666666666664,0.09696866,0.0003976954367351992
OFF,0.5,0.6,5.0,10,36.833333333333336,0.09719683,0.00036378380131611287
OFF,0.5,0.6,5.0,10,37.0,0.0972316,0.0002571673190745666
OFF,0.5,0.6,5.0,10,37.166666666666664,0.09714637000000001,0.00048195225707532436
OFF,0.5,0.6,5.0,10,37.333333333333336,0.09722053,0.0005090981045928174
OFF,0.5,0.6,5.0,10,37.5,0.09728778,0.0005415026625973337
OFF,0.5,0.6,5.0,10,37.666666666666664,0.09724116,0.0005725802741974243
OFF,0.5,0.6,5.0,10,37.833333333333336,0.09730768000000001,0.0005117702801062209
OFF,0.5,0.6,5.0,10,38.0,0.09737112,0.00047006600345057625
OFF,0.5,0.6,5.0,10,38.166666666666664,0.09736845000000001,0.0004991990349549947
OFF,0.5,0.6,5.0,10,38.333333333333336,0.09729696000000002,0.0006209997442833603
OFF,0.5,0.6,5.0,10,38.5,0.09725301,0.0004810821436095933
OFF,0.5,0.6,5.0,10,38.666666666666664,0.09703666,0.0006063732764560127
OFF,0.5,0.6,5.0,10,38.833333333333336,0.09702062,0.00042734261617582617
OFF,0.5,0.6,5.0,10,39.0,0.09693768,0.0003934999562897057
OFF,0.5,0.6,5.0,10,39.166666666666664,0.09705385999999999,0.0005298699731066084
OFF,0.5,0.6,5.0,10,39.333333333333336,0.09703439999999999,0.0005089570865996457
OFF,0.5,0.6,5.0,10,39.5,0.09716585999999998,0.0006332357510437967
OFF,0.5,0.6,5.0,10,39.666666666666664,0.09725148,0.00063073460314145
OFF,0.5,0.6,5.0,10,39.833333333333336,0.09738832,0.0006133868009665673
OFF,0.5,0.6,5.0,10,40.0,0.09727900999999999,0.0005301816697133165
OFF,0.5,0.6,5.0,10,40.166666666666664,0.09724576,0.0005272102753171619
OFF,0.5,0.6,5.0,10,40.333333333333336,0.09729125,0.0005709954522585972
OFF,0.5,0.6,5.0,10,40.5,0.09725684,0.0004745302439255038
OFF,0.5,0.6,5.0,10,40.666666666666664,0.09730420999999999,0.0005310681170057198
OFF,0.5,0.6,5.0,10,40.833333333333336,0.09731759999999999,0.0006055434782077995
OFF,0.5,0.6,5.0,10,41.0,0.09739329,0.0006877049780974399
OFF,0.5,0.6,5.0,10,41.166666666666664,0.09737913999999999,0.0006739689699088503
OFF,0.5,0.6,5.0,10,41.333333333333336,0.09760656000000001,0.0006699899136554221
OFF,0.5,0.6,5.0,10,41.5,0.09765395,0.0007030252843959455
OFF,0.5,0.6,5.0,10,41.666666666666664,0.09752935999999998,0.0006892503742472678
OFF,0.5,0.6,5.0,10,41.833333333333336,0.09725376999999999,0.0006487913347910869
OFF,0.5,0.6,5.0,10,42.0,0.09706994,0.0005835858106568367
OFF,0.5,0.6,5.0,10,42.166666666666664,0.09704471,0.0004934152094331898
OFF,0.5,0.6,5.0,10,42.333333333333336,0.09689144,0.0003791495145717614
OFF,0.5,0.6,5.0,10,42.5,0.09677943,0.00033839110227664116
OFF,0.5,0.6,5.0,10,42.666666666666664,0.09687425,0.0004041148085631093
OFF,0.5,0.6,5.0,10,42.833333333333336,0.09689679999999999,0.0005825204803266593
OFF,0.5,0.6,5.0,10,43.0,0.09704089,0.0006146696827565194
OFF,0.5,0.6,5.0,10,43.166666666666664,0.09708293,0.0006060210409713484
OFF,0.5,0.6,5.0,10,43.333333333333336,0.09706801,0.0005627472193622995
OFF,0.5,0.6,5.0,10,43.5,0.09695488,0.000633528477339417
OFF,0.5,0.6,5.0,10,43.666666666666664,0.09713606,0.000592299628904155
OFF,0.5,0.6,5.0,10,43.833333333333336,0.09706879,0.0006763601384617519
OFF,0.5,0.6,5.0,10,44.0,0.09704317,0.0005568438489379235
OFF,0.5,0.6,5.0,10,44.166666666666664,0.0969503,0.0004883917996854578
OFF,0.5,0.6,5.0,10,44.333333333333336,0.09694151000000001,0.000506804217523886
OFF,0.5,0.6,5.0,10,44.5,0.09703897000000002,0.0004648766332049808
OFF,0.5,0.6,5.0,10,44.666666666666664,0.09698852,0.00039096659141159285
OFF,0.5,0.6,5.0,10,44.833333333333336,0.09710434000000001,0.0004051983593254041
OFF,0.5,0.6,5.0,10,45.0,0.09701488,0.0003629449732397444
OFF,0.5,0.6,5.0,10,45.166666666666664,0.09691476000000002,0.000421833856393723
OFF,0.5,0.6,5.0,10,45.333333333333336,0.0969652,0.0004996608229589362
OFF,0.5,0.6,5.0,10,45.5,0.09700572,0.0004882596211033645
OFF,0.5,0.6,5.0,10,45.666666666666664,0.09692774000000001,0.0005443816165154757
OFF,0.5,0.6,5.0,10,45.833333333333336,0.09684326000000001,0.0005320931538743953
OFF,0.5,0.6,5.0,10,46.0,0.09690251,0.0005857197101856844
OFF,0.5,0.6,5.0,10,46.166666666666664,0.09696866,0.0005308471214954457
OFF,0.5,0.6,5.0,10,46.333333333333336,0.09689143000000001,0.0003059407754778681
OFF,0.5,0.6,5.0,10,46.5,0.09711122,0.00036059269487886215
OFF,0.5,0.6,5.0,10,46.666666666666664,0.0968884,0.0004943204325131614
OFF,0.5,0.6,5.0,10,46.833333333333336,0.09701106,0.0004159774638126443
OFF,0.5,0.6,5.0,10,47.0,0.09692698,0.000556964370135111
OFF,0.5,0.6,5.0,10,47.166666666666664,0.09705503,0.0003698465142461149
OFF,0.5,0.6,5.0,10,47.333333333333336,0.09687195000000001,0.0003811525580394282
OFF,0.5,0.6,5.0,10,47.5,0.09707948,0.0002899955475520261
OFF,0.5,0.6,5.0,10,47.666666666666664,0.09713223,0.0004963983562623849
OFF,0.5,0.6,5.0,10,47.833333333333336,0.09708636,0.0006115363377592528
OFF,0.5,0.6,5.0,10,48.0,0.09696178,0.0006601596258481741
OFF,0.5,0.6,5.0,10,48.166666666666664,0.09690976999999999,0.0006646164940023663
OFF,0.5,0.6,5.0,10,48.333333333333336,0.09707067999999999,0.0006611820351461469
OFF,0.5,0.6,5.0,10,48.5,0.09701755999999999,0.0005002478149877312
OFF,0.5,0.6,5.0,10,48.666666666666664,0.09698622999999999,0.0004220538189615139
OFF,0.5,0.6,5.0,10,48.833333333333336,0.09694953,0.0004166037975102945
OFF,0.5,0.6,5.0,10,49.0,0.09688647,0.0004516740817226507
OFF,0.5,0.6,5.0,10,49.166666666666664,0.09686201,0.0005882389233126263
OFF,0.5,0.6,5.0,10,49.333333333333336,0.09680924999999999,0.0006383863583285589
OFF,0.5,0.6,5.0,10,49.5,0.09691476,0.0006019943424983338
OFF,0.5,0.6,5.0,10,49.666666666666664,0.09703361999999999,0.00046425290262958903
OFF,0.5,0.6,5.0,10,49.833333333333336,0.0971651,0.0002804387954616837
OFF,0.5,0.6,5.0,10,50.0,0.0971093,0.0002830083497001464
OFF,0.5,0.6,5.0,10,50.166666666666664,0.09709590999999998,0.0003649437338823635
OFF,0.5,0.6,5.0,10,50.333333333333336,0.09724880000000001,0.000479653627110229
OFF,0.5,0.6,5.0,10,50.5,0.09722435,0.0005727637178627858
OFF,0.5,0.6,5.0,10,50.666666666666664,0.09720676,0.0007606435882856038
OFF,0.5,0.6,5.0,10,50.833333333333336,0.09701832,0.000639013223337357
OFF,0.5,0.6,5.0,10,51.0,0.09703362,0.0005756018707405325
OFF,0.5,0.6,5.0,10,51.166666666666664,0.09712918,0.0005753011347112043
OFF,0.5,0.6,5.0,10,51.333333333333336,0.09699157,0.0005674902026467046
OFF,0.5,0.6,5.0,10,51.5,0.09683983,0.0006019792272994151
OFF,0.5,0.6,5.0,10,51.666666666666664,0.09679971000000001,0.0005620192851673344
OFF,0.5,0.6,5.0,10,51.833333333333336,0.09671980999999999,0.0006108244108579797
OFF,0.5,0.6,5.0,10,52.0,0.09670491,0.0005311469070793879
OFF,0.5,0.6,5.0,10,52.166666666666664,0.09674122,0.00044924799342902183
OFF,0.5,0.6,5.0,10,52.333333333333336,0.09677675999999999,0.0003319708999294978
OFF,0.5,0.6,5.0,10,52.5,0.09691168,0.00033019113192210293
OFF,0.5,0.6,5.0,10,52.666666666666664,0.09694035000000001,0.0006016038933550897
OFF,0.5,0.6,5.0,10,52.833333333333336,0.09706648999999999,0.0005387456031375112
OFF,0.5,0.6,5.0,10,53.0,0.09714638,0.0006182248778559463
OFF,0.5,0.6,5.0,10,53.166666666666664,0.09721365,0.00047723665251109965
OFF,0.5,0.6,5.0,10,53.333333333333336,0.09712345000000001,0.0005919344275339972
OFF,0.5,0.6,5.0,10,53.5,0.09718612000000001,0.0004433993680645045
OFF,0.5,0.6,5.0,10,53.666666666666664,0.09718460000000001,0.0004341050011229987
OFF,0.5,0.6,5.0,10,53.833333333333336,0.09731951,0.00038015845235901425
OFF,0.5,0.6,5.0,10,54.0,0.09736424,0.0004571016696534812
OFF,0.5,0.6,5.0,10,54.166666666666664,0.09725988999999999,0.0003560643549978005
OFF,0.5,0.6,5.0,10,54.333333333333336,0.09716739999999999,0.0003532755808147502
OFF,0.5,0.6,5.0,10,54.5,0.09729966000000001,0.0004454531988885006
OFF,0.5,0.6,5.0,10,54.666666666666664,0.09732487000000001,0.0003972355775858951
OFF,0.5,0.6,5.0,10,54.833333333333336,0.09734932999999998,0.00034666583059193964
OFF,0.5,0.6,5.0,10,55.0,0.09743992,0.0005018765999725445
OFF,0.5,0.6,5.0,10,55.166666666666664,0.09733747000000001,0.0004872841061434279
OFF,0.5,0.6,5.0,10,55.333333333333336,0.09718459,0.00037865143984936676
OFF,0.5,0.6,5.0,10,55.5,0.09712916999999999,0.00032292246762961375
OFF,0.5,0.6,5.0,10,55.666666666666664,0.09716816999999998,0.0004587685626762141
OFF,0.5,0.6,5.0,10,55.833333333333336,0.09712687,0.00039069281296179575
OFF,0.5,0.6,5.0,10,56.0,0.09712804,0.0005583073511964538
OFF,0.5,0.6,5.0,10,56.166666666666664,0.09711465,0.0007639968105299942
OFF,0.5,0.6,5.0,10,56.333333333333336,0.09701986,0.0006396717239334576
OFF,0.5,0.6,5.0,10,56.5,0.09700954000000002,0.0005096637895711243
OFF,0.5,0.6,5.0,10,56.666666666666664,0.09695717999999999,0.000535108794171803
OFF,0.5,0.6,5.0,10,56.833333333333336,0.0969285,0.0005311067896383933
OFF,0.5,0.6,5.0,10,57.0,0.09690864000000002,0.0005672858013382665
OFF,0.5,0.6,5.0,10,57.166666666666664,0.0969006,0.0005705314785355843
OFF,0.5,0.6,5.0,10,57.333333333333336,0.09684097,0.0005226455338946257
OFF,0.5,0.6,5.0,10,57.5,0.09697781,0.0004754143465441471
OFF,0.5,0.6,5.0,10,57.666666666666664,0.09698470000000001,0.0005023818766635586
OFF,0.5,0.6,5.0,10,57.833333333333336,0.09697857,0.0005380572609862273
OFF,0.5,0.6,5.0,10,58.0,0.09683868,0.0005196489503501382
OFF,0.5,0.6,5.0,10,58.166666666666664,0.0970191,0.0005027234110323491
OFF,0.5,0.6,5.0,10,58.333333333333336,0.09699501,0.000694986130005486
OFF,0.5,0.6,5.0,10,58.5,0.09693004999999999,0.0007426425334573816
OFF,0.5,0.6,5.0,10,58.666666666666664,0.09697894999999998,0.0007628286141067344
OFF,0.5,0.6,5.0,10,58.833333333333336,0.09699846,0.0007257954397762488
OFF,0.5,0.6,5.0,10,59.0,0.09704546,0.0007107394968622455
OFF,0.5,0.6,5.0,10,59.166666666666664,0.09718346000000001,0.0007707784846504222
OFF,0.5,0.6,5.0,10,59.333333333333336,0.09712382000000001,0.0006368981186971765
OFF,0.5,0.6,5.0,10,59.5,0.09714982000000001,0.0005225184088623099
OFF,0.5,0.6,5.0,10,59.666666666666664,0.09712649999999999,0.000542864060331866
OFF,0.5,0.6,5.0,10,59.833333333333336,0.09715782999999999,0.0005957386911222072
OFF,0.5,0.6,5.0,10,60.0,0.09725722,0.00047107034464079743
OFF,0.5,0.6,5.0,10,60.166666666666664,0.09731606000000001,0.0005064520928972436
OFF,0.5,0.6,5.0,10,60.333333333333336,0.09735964999999999,0.00041227183568611495
OFF,0.5,0.6,5.0,10,60.5,0.09747431,0.0004683816936004241
OFF,0.5,0.6,5.0,10,60.666666666666664,0.09747203,0.0004337105902557595
OFF,0.5,0.6,5.0,10,60.833333333333336,0.09745483,0.0005799931845289214
OFF,0.5,0.6,5.0,10,61.0,0.09733288999999999,0.0005571392419314972
OFF,0.5,0.6,5.0,10,61.166666666666664,0.09736272,0.00048293125763404623
OFF,0.5,0.6,5.0,10,61.333333333333336,0.09731225,0.0004074676803134193
OFF,0.5,0.6,5.0,10,61.5,0.0972832,0.0003979888616531859
OFF,0.5,0.6,5.0,10,61.666666666666664,0.09725606,0.000388421851084615
OFF,0.5,0.6,5.0,10,61.833333333333336,0.09727365,0.0005260574403047625
OFF,0.5,0.6,5.0,10,62.0,0.09728319999999999,0.0006731481426848039
OFF,0.5,0.6,5.0,10,62.166666666666664,0.09729428999999999,0.0006310495312572535
OFF,0.5,0.6,5.0,10,62.333333333333336,0.09720485,0.0003929562093923444
OFF,0.5,0.6,5.0,10,62.5,0.09705846,0.000490566562659951
OFF,0.5,0.6,5.0,10,62.666666666666664,0.09716205,0.000520321454967984
OFF,0.5,0.6,5.0,10,62.833333333333336,0.09726789999999999,0.0004789231712915955
OFF,0.5,0.6,5.0,10,63.0,0.0973031,0.00048154702781763917
OFF,0.5,0.6,5.0,10,63.166666666666664,0.09724880999999999,0.00048032580703102093
OFF,0.5,0.6,5.0,10,63.333333333333336,0.09725682999999999,0.0003939743038574983
OFF,0.5,0.6,5.0,10,63.5,0.09736652999999999,0.0004748582042041573
OFF,0.5,0.6,5.0,10,63.666666666666664,0.0973088,0.00042146353578927705
OFF,0.5,0.6,5.0,10,63.833333333333336,0.09739444,0.0004228430375446666
OFF,0.5,0.6,5.0,10,64.0,0.09739099999999999,0.0004496868866222378
OFF,0.5,0.6,5.0,10,64.16666666666667,0.09743609,0.0004112515907568038
OFF,0.5,0.6,5.0,10,64.33333333333333,0.09730232,0.0003839191341936481
OFF,0.5,0.6,5.0,10,64.5,0.09730231,0.00031984922213442997
OFF,0.5,0.6,5.0,10,64.66666666666667,0.09738640999999999,0.0003569302801668701
OFF,0.5,0.6,5.0,10,64.83333333333333,0.09744603,0.000374389001040361
OFF,0.5,0.6,5.0,10,65.0,0.09740244999999999,0.00042610209868058766
OFF,0.5,0.6,5.0,10,65.16666666666667,0.09742692,0.0004446111015258168
OFF,0.5,0.6,5.0,10,65.33333333333333,0.09740015999999999,0.0004317987568300773
OFF,0.5,0.6,5.0,10,65.5,0.09744565000000001,0.00047056025597153766
OFF,0.5,0.6,5.0,10,65.66666666666667,0.09745749000000001,0.00048457492186451424
OFF,0.5,0.6,5.0,10,65.83333333333333,0.09739864,0.0004862170980128117
OFF,0.5,0.6,5.0,10,66.0,0.0974491,0.000690371252298354
OFF,0.5,0.6,5.0,10,66.16666666666667,0.09739787,0.0005762326701081783
OFF,0.5,0.6,5.0,10,66.33333333333333,0.09733288,0.00047302054247146683
OFF,0.5,0.6,5.0,10,66.5,0.09726486999999999,0.0003568222836371057
OFF,0.5,0.6,5.0,10,66.66666666666667,0.09711313,0.00039460540556358344
OFF,0.5,0.6,5.0,10,66.83333333333333,0.09710814000000001,0.0003599658711600306
OFF,0.5,0.6,5.0,10,67.0,0.09712689,0.0004954566670254834
OFF,0.5,0.6,5.0,10,67.16666666666667,0.09716967,0.0005682173581473891
OFF,0.5,0.6,5.0,10,67.33333333333333,0.09720637,0.0004765022792180536
OFF,0.5,0.6,5.0,10,67.5,0.09714599,0.0006005606188387632
OFF,0.5,0.6,5.0,10,67.66666666666667,0.09713451999999999,0.000765084571534417
OFF,0.5,0.6,5.0,10,67.83333333333333,0.09710968,0.0008423614589948866
OFF,0.5,0.6,5.0,10,68.0,0.09698202,0.0007353109543587643
OFF,0.5,0.6,5.0,10,68.16666666666667,0.09713872999999999,0.0008572409078549615
OFF,0.5,0.6,5.0,10,68.33333333333333,0.09715898999999999,0.0006663733044622942
OFF,0.5,0.6,5.0,10,68.5,0.0971158,0.0005434727058463918
OFF,0.5,0.6,5.0,10,68.66666666666667,0.09705425999999999,0.0007126758761176084
OFF,0.5,0.6,5.0,10,68.83333333333333,0.09697515000000001,0.0005751283669755831
OFF,0.5,0.6,5.0,10,69.0,0.09691743,0.0005475125497191827
OFF,0.5,0.6,5.0,10,69.16666666666667,0.09699578,0.000729913272656416
OFF,0.5,0.6,5.0,10,69.33333333333333,0.09686431000000001,0.0005814195446491277
OFF,0.5,0.6,5.0,10,69.5,0.09663000999999999,0.0005531833067799518
OFF,0.5,0.6,5.0,10,69.66666666666667,0.09672745,0.0005718063522732136
OFF,0.5,0.6,5.0,10,69.83333333333333,0.09671983000000002,0.0005789250729584954
OFF,0.5,0.6,5.0,10,70.0,0.09678670999999998,0.000685607392681847
OFF,0.5,0.6,5.0,10,70.16666666666667,0.09685014,0.0006362679454443684
OFF,0.5,0.6,5.0,10,70.33333333333333,0.09701146,0.0005582629384080596
OFF,0.5,0.6,5.0,10,70.5,0.09713872999999999,0.0006287380552344501
OFF,0.5,0.6,5.0,10,70.66666666666667,0.09707488,0.0006240054579889487
OFF,0.5,0.6,5.0,10,70.83333333333333,0.09720791000000001,0.0005033189812633739
OFF,0.5,0.6,5.0,10,71.0,0.09734245000000002,0.0005413756149846426
OFF,0.5,0.6,5.0,10,71.16666666666667,0.09747011,0.0005097760870225286
OFF,0.5,0.6,5.0,10,71.33333333333333,0.09737075,0.00040924068773766706
OFF,0.5,0.6,5.0,10,71.5,0.09735315000000001,0.000301348241242586
OFF,0.5,0.6,5.0,10,71.66666666666667,0.09730919999999998,0.0003730326393226215
OFF,0.5,0.6,5.0,10,71.83333333333333,0.09731111,0.0004456188156934116
OFF,0.5,0.6,5.0,10,72.0,0.09731378,0.000477378344293079
OFF,0.5,0.6,5.0,10,72.16666666666667,0.09734856,0.0005099683288205287
OFF,0.5,0.6,5.0,10,72.33333333333333,0.09710127000000002,0.0006591245892090504
OFF,0.5,0.6,5.0,10,72.5,0.09718725999999998,0.0007909601496914983
OFF,0.5,0.6,5.0,10,72.66666666666667,0.09730536999999999,0.000616310199574857
OFF,0.5,0.6,5.0,10,72.83333333333333,0.09721057999999999,0.0005181404207355373
OFF,0.5,0.6,5.0,10,73.0,0.09715937,0.0005640977930288347
OFF,0.5,0.6,5.0,10,73.16666666666667,0.09727939,0.0006043605421435114
OFF,0.5,0.6,5.0,10,73.33333333333333,0.09725874,0.0004817950232204564
OFF,0.5,0.6,5.0,10,73.5,0.09740281999999999,0.0006676052273611972
OFF,0.5,0.6,5.0,10,73.66666666666667,0.09745444,0.0006145606564042309
OFF,0.5,0.6,5.0,10,73.83333333333333,0.09762299999999999,0.000610700756508457
OFF,0.5,0.6,5.0,10,74.0,0.09754768,0.0006323108204040158
OFF,0.5,0.6,5.0,10,74.16666666666667,0.09761765,0.0006980022181196844
OFF,0.5,0.6,5.0,10,74.33333333333333,0.09745559000000001,0.0004875300656369823
OFF,0.5,0.6,5.0,10,74.5,0.09731838000000001,0.0005225174251639836
OFF,0.5,0.6,5.0,10,74.66666666666667,0.09717466,0.00038452961446422
OFF,0.5,0.6,5.0,10,74.83333333333333,0.09712725999999999,0.00030971058167263127
OFF,0.5,0.6,5.0,10,75.0,0.09712839999999999,0.00031832531159177235
OFF,0.5,0.6,5.0,10,75.16666666666667,0.09725072,0.00036714335565280186
OFF,0.5,0.6,5.0,10,75.33333333333333,0.09718994,0.00035133145660472866
OFF,0.5,0.6,5.0,10,75.5,0.09732447000000001,0.00039320579103060125
OFF,0.5,0.6,5.0,10,75.66666666666667,0.09734435999999999,0.0003310778192510027
OFF,0.5,0.6,5.0,10,75.83333333333333,0.09727862000000001,0.00033950091546268327
OFF,0.5,0.6,5.0,10,76.0,0.09737303,0.0002408588634449635
OFF,0.5,0.6,5.0,10,76.16666666666667,0.09730078,0.00033860293501385814
OFF,0.5,0.6,5.0,10,76.33333333333333,0.09718036999999999,0.00045350086890765673
OFF,0.5,0.6,5.0,10,76.5,0.09711694000000001,0.0005273244242399538
OFF,0.5,0.6,5.0,10,76.66666666666667,0.09717197000000001,0.0005755593749562235
OFF,0.5,0.6,5.0,10,76.83333333333333,0.0970619,0.00043840864954970883
OFF,0.5,0.6,5.0,10,77.0,0.09711391,0.0005113830432268947
OFF,0.5,0.6,5.0,10,77.16666666666667,0.09716051,0.0004755225724400469
OFF,0.5,0.6,5.0,10,77.33333333333333,0.09716203999999999,0.0005419937272699751
OFF,0.5,0.6,5.0,10,77.5,0.09714445000000001,0.0006100902707796629
OFF,0.5,0.6,5.0,10,77.66666666666667,0.09707605,0.0005938499376947024
OFF,0.5,0.6,5.0,10,77.83333333333333,0.09700800999999999,0.000550431239029907
OFF,0.5,0.6,5.0,10,78.0,0.09697133,0.00041538478077561027
OFF,0.5,0.6,5.0,10,78.16666666666667,0.0968708,0.0004938452429658517
OFF,0.5,0.6,5.0,10,78.33333333333333,0.09675841,0.00034398184385225986
OFF,0.5,0.6,5.0,10,78.5,0.0968834,0.0003504393100095957
OFF,0.5,0.6,5.0,10,78.66666666666667,0.09705273000000002,0.0002966132264414385
OFF,0.5,0.6,5.0,10,78.83333333333333,0.09695222,0.0003341713356947313
OFF,0.5,0.6,5.0,10,79.0,0.09691513,0.00036160865324270274
OFF,0.5,0.6,5.0,10,79.16666666666667,0.09693807000000002,0.0005173331422787452
OFF,0.5,0.6,5.0,10,79.33333333333333,0.09702405,0.0005132628084129992
OFF,0.5,0.6,5.0,10,79.5,0.09707566000000001,0.0005100762103842915
OFF,0.5,0.6,5.0,10,79.66666666666667,0.09703783,0.0005425591858037239
OFF,0.5,0.6,5.0,10,79.83333333333333,0.0969438,0.0004486078532527046
OFF,0.5,0.6,5.0,10,80.0,0.09691131,0.0004292728606609093
OFF,0.5,0.6,5.0,10,80.16666666666667,0.09712917000000001,0.0004176265869170689
OFF,0.5,0.6,5.0,10,80.33333333333333,0.09713645,0.00034543111107715837
OFF,0.5,0.6,5.0,10,80.5,0.09708026,0.00045436867453643926
OFF,0.5,0.6,5.0,10,80.66666666666667,0.09715021,0.0005327959749284889
OFF,0.5,0.6,5.0,10,80.83333333333333,0.09722128000000002,0.0005158059592521192
OFF,0.5,0.6,5.0,10,81.0,0.09723963,0.00035195852042534906
OFF,0.5,0.6,5.0,10,81.16666666666667,0.09718843,0.000491653652584827
OFF,0.5,0.6,5.0,10,81.33333333333333,0.09722778000000001,0.0006203809213700894
OFF,0.5,0.6,5.0,10,81.5,0.09723351999999999,0.0005111515016118041
OFF,0.5,0.6,5.0,10,81.66666666666667,0.09719069999999999,0.0005281865371249056
OFF,0.5,0.6,5.0,10,81.83333333333333,0.09707297000000001,0.0004627910868847826
OFF,0.5,0.6,5.0,10,82.0,0.09698622,0.0004854357502285988
OFF,0.5,0.6,5.0,10,82.16666666666667,0.09692354,0.0003694443833650746
OFF,0.5,0.6,5.0,10,82.33333333333333,0.09692889,0.0004225648268609211
OFF,0.5,0.6,5.0,10,82.5,0.0970772,0.0003715306339994035
OFF,0.5,0.6,5.0,10,82.66666666666667,0.09706878999999999,0.0003931958683658807
OFF,0.5,0.6,5.0,10,82.83333333333333,0.09708292999999998,0.0004112803619187303
OFF,0.5,0.6,5.0,10,83.0,0.09705464000000001,0.00038319711950900507
OFF,0.5,0.6,5.0,10,83.16666666666667,0.09711007,0.0003823841211399859
OFF,0.5,0.6,5.0,10,83.33333333333333,0.09689642000000001,0.0004469302155818083
OFF,0.5,0.6,5.0,10,83.5,0.09708828,0.000478250703710928
OFF,0.5,0.6,5.0,10,83.66666666666667,0.09699960999999999,0.0004957628534894464
OFF,0.5,0.6,5.0,10,83.83333333333333,0.09710128000000001,0.0006989175213142102
OFF,0.5,0.6,5.0,10,84.0,0.09722052,0.0007380730611531623
OFF,0.5,0.6,5.0,10,84.16666666666667,0.0970898,0.0006917621455384801
OFF,0.5,0.6,5.0,10,84.33333333333333,0.09713491999999999,0.0006581509686994301
OFF,0.5,0.6,5.0,10,84.5,0.09712307,0.0005223815235055681
OFF,0.5,0.6,5.0,10,84.66666666666667,0.09708446000000001,0.0006036829436053319
OFF,0.5,0.6,5.0,10,84.83333333333333,0.09722623,0.0004642395568023048
OFF,0.5,0.6,5.0,10,85.0,0.09724651000000001,0.0005782121279426771
OFF,0.5,0.6,5.0,10,85.16666666666667,0.09719262000000001,0.00046903250804181774
OFF,0.5,0.6,5.0,10,85.33333333333333,0.09722053,0.0006346256818786967
OFF,0.5,0.6,5.0,10,85.5,0.09714561999999999,0.000738654963836297
OFF,0.5,0.6,5.0,10,85.66666666666667,0.09724116000000001,0.0007407020253786275
OFF,0.5,0.6,5.0,10,85.83333333333333,0.09719641999999999,0.0006439918754145911
OFF,0.5,0.6,5.0,10,86.0,0.09724652,0.0005504173104109308
OFF,0.5,0.6,5.0,10,86.16666666666667,0.09712689000000001,0.0005650460130821204
OFF,0.5,0.6,5.0,10,86.33333333333333,0.09704278000000001,0.000552621781691602
OFF,0.5,0.6,5.0,10,86.5,0.09683639000000001,0.00043585604148617553
OFF,0.5,0.6,5.0,10,86.66666666666667,0.09702712999999999,0.00026877595521177303
OFF,0.5,0.6,5.0,10,86.83333333333333,0.09698852,0.00043595656618521057
OFF,0.5,0.6,5.0,10,87.0,0.09700955,0.000499399077392019
OFF,0.5,0.6,5.0,10,87.16666666666667,0.09701718000000001,0.0005608371239495487
OFF,0.5,0.6,5.0,10,87.33333333333333,0.09707948999999999,0.0004918797097868544
OFF,0.5,0.6,5.0,10,87.5,0.09723657999999999,0.0006601041066377342
OFF,0.5,0.6,5.0,10,87.66666666666667,0.09708482999999998,0.0006615772548236522
OFF,0.5,0.6,5.0,10,87.83333333333333,0.09704929,0.0006911112594220974
OFF,0.5,0.6,5.0,10,88.0,0.09692391,0.0007323814176370135
OFF,0.5,0.6,5.0,10,88.16666666666667,0.09688263,0.0006654690932718071
OFF,0.5,0.6,5.0,10,88.33333333333333,0.09671638000000002,0.0006565815559395485
OFF,0.5,0.6,5.0,10,88.5,0.09675651,0.00046741737547934946
OFF,0.5,0.6,5.0,10,88.66666666666667,0.097034,0.00041713347743857525
OFF,0.5,0.6,5.0,10,88.83333333333333,0.09698087,0.00043289939027446085
OFF,0.5,0.6,5.0,10,89.0,0.09706075,0.0005158586632983884
OFF,0.5,0.6,5.0,10,89.16666666666667,0.09701872,0.0005391703994100584
OFF,0.5,0.6,5.0,10,89.33333333333333,0.09710548999999999,0.0005310672790711188
OFF,0.5,0.6,5.0,10,89.5,0.09692162999999998,0.0007699672019638256
OFF,0.5,0.6,5.0,10,89.66666666666667,0.0969824,0.0005758509234168151
OFF,0.5,0.6,5.0,10,89.83333333333333,0.09699425,0.0005041191471269462
OFF,0.5,0.6,5.0,10,90.0,0.09697551999999998,0.0005388508454108611
OFF,0.5,0.6,5.0,10,90.16666666666667,0.09690252000000002,0.0005973037950657924
OFF,0.5,0.6,5.0,10,90.33333333333333,0.09675422,0.0005492893659993792
OFF,0.5,0.6,5.0,10,90.5,0.09674314000000002,0.0006209716405762815
OFF,0.5,0.6,5.0,10,90.66666666666667,0.09679359000000001,0.0005724623873233951
OFF,0.5,0.6,5.0,10,90.83333333333333,0.09672211,0.0006302803319952157
OFF,0.5,0.6,5.0,10,91.0,0.09682874999999999,0.00041536929412270965
OFF,0.5,0.6,5.0,10,91.16666666666667,0.09692469,0.0004005169021402214
OFF,0.5,0.6,5.0,10,91.33333333333333,0.09698623,0.0005300748721643008
OFF,0.5,0.6,5.0,10,91.5,0.09684058999999999,0.0004232380995373643
OFF,0.5,0.6,5.0,10,91.66666666666667,0.09679742,0.0004316484699382136
OFF,0.5,0.6,5.0,10,91.83333333333333,0.09685817999999999,0.0005131897091719604
OFF,0.5,0.6,5.0,10,92.0,0.09690366,0.0003669939405494331
OFF,0.5,0.6,5.0,10,92.16666666666667,0.09690251999999999,0.0004588934207416804
OFF,0.5,0.6,5.0,10,92.33333333333333,0.0970489,0.00045597090477354194
OFF,0.5,0.6,5.0,10,92.5,0.09701604,0.00042355188159185283
OFF,0.5,0.6,5.0,10,92.66666666666667,0.09700496,0.00045013531343363934
OFF,0.5,0.6,5.0,10,92.83333333333333,0.09710049999999999,0.000502221160446272
OFF,0.5,0.6,5.0,10,93.0,0.09715898999999999,0.0004974149986681127
OFF,0.5,0.6,5.0,10,93.16666666666667,0.09733556999999998,0.0004369738483021608
OFF,0.5,0.6,5.0,10,93.33333333333333,0.09739139000000001,0.0004953541953996145
OFF,0.5,0.6,5.0,10,93.5,0.09732676999999998,0.000609473472843568
OFF,0.5,0.6,5.0,10,93.66666666666667,0.09723123999999998,0.0005303123008190556
OFF,0.5,0.6,5.0,10,93.83333333333333,0.09724919,0.0005437175635382765
OFF,0.5,0.6,5.0,10,94.0,0.09723314000000001,0.0005417478291603956
OFF,0.5,0.6,5.0,10,94.16666666666667,0.09717850000000001,0.0006717709788313281
OFF,0.5,0.6,5.0,10,94.33333333333333,0.09701526,0.0006103732648142456
OFF,0.5,0.6,5.0,10,94.5,0.09692927,0.00043877400572504035
OFF,0.5,0.6,5.0,10,94.66666666666667,0.0968341,0.0006125937740460634
OFF,0.5,0.6,5.0,10,94.83333333333333,0.09681957999999999,0.0006798980611827026
OFF,0.5,0.6,5.0,10,95.0,0.09697973,0.0006811069329407808
OFF,0.5,0.6,5.0,10,95.16666666666667,0.09698852000000001,0.0007199718713949867
OFF,0.5,0.6,5.0,10,95.33333333333333,0.09697667999999998,0.0004099097115219405
OFF,0.5,0.6,5.0,10,95.5,0.09718650000000001,0.0004973846016916901
OFF,0.5,0.6,5.0,10,95.66666666666667,0.09727977,0.0004260588035705876
OFF,0.5,0.6,5.0,10,95.83333333333333,0.09720751999999999,0.00047417602807396214
OFF,0.5,0.6,5.0,10,96.0,0.09732524000000001,0.00052497165866359
OFF,0.5,0.6,5.0,10,96.16666666666667,0.09723809,0.0007983038023835293
OFF,0.5,0.6,5.0,10,96.33333333333333,0.09735468,0.0007039391263454528
OFF,0.5,0.6,5.0,10,96.5,0.09724040000000002,0.0007119620509549631
OFF,0.5,0.6,5.0,10,96.66666666666667,0.09733559,0.0006997346432041184
OFF,0.5,0.6,5.0,10,96.83333333333333,0.09729429,0.0006010625548975747
OFF,0.5,0.6,5.0,10,97.0,0.09721326999999999,0.0005832511878256215
OFF,0.5,0.6,5.0,10,97.16666666666667,0.09724461,0.0005972979130216355
OFF,0.5,0.6,5.0,10,97.33333333333333,0.09719109000000001,0.0005480829051338855
OFF,0.5,0.6,5.0,10,97.5,0.09740895999999999,0.0005722629993281053
OFF,0.5,0.6,5.0,10,97.66666666666667,0.09720598999999999,0.0007384867574303537
OFF,0.5,0.6,5.0,10,97.83333333333333,0.09713032000000002,0.0006745441257619848
OFF,0.5,0.6,5.0,10,98.0,0.0970038,0.0007194990423899107
OFF,0.5,0.6,5.0,10,98.16666666666667,0.09697592,0.0006526589918173188
OFF,0.5,0.6,5.0,10,98.33333333333333,0.09698928000000001,0.0006063267234750566
OFF,0.5,0.6,5.0,10,98.5,0.09694914000000002,0.0004221545337906468
OFF,0.5,0.6,5.0,10,98.66666666666667,0.09691857,0.00048494107487405196
OFF,0.5,0.6,5.0,10,98.83333333333333,0.09690900999999999,0.0005107225478672338
OFF,0.5,0.6,5.0,10,99.0,0.09694380999999999,0.0005657542972881419
OFF,0.5,0.6,5.0,10,99.16666666666667,0.09707299,0.0005355284314581233
OFF,0.5,0.6,5.0,10,99.33333333333333,0.09701182000000001,0.0006884389904704682
OFF,0.5,0.6,5.0,10,99.5,0.09712153999999999,0.0006460833912120016
OFF,0.5,0.6,5.0,10,99.66666666666667,0.09708064000000001,0.00045650770464473236
OFF,0.5,0.6,5.0,10,99.83333333333333,0.09705846000000001,0.0004703456605518963
OFF,0.5,0.6,5.0,10,100.0,0.09707835000000001,0.000502860247484329
OFF,0.5,0.6,5.0,10,100.16666666666667,0.09702749000000002,0.0005856780522607958
OFF,0.5,0.6,5.0,10,100.33333333333333,0.09696713,0.0006257395481348465
OFF,0.5,0.6,5.0,10,100.5,0.09695259,0.0004518653924566475
OFF,0.5,0.6,5.0,10,100.66666666666667,0.09699005000000001,0.0004984756408291179
OFF,0.5,0.6,5.0,10,100.83333333333333,0.09709705,0.0004863510918050854
OFF,0.5,0.6,5.0,10,101.0,0.09716204999999999,0.0005031902865715898
OFF,0.5,0.6,5.0,10,101.16666666666667,0.09711655,0.0004532358287911519
OFF,0.5,0.6,5.0,10,101.33333333333333,0.09712191,0.0005231594029547803
OFF,0.5,0.6,5.0,10,101.5,0.09708099999999999,0.0005714439167582411
OFF,0.5,0.6,5.0,10,101.66666666666667,0.09703819,0.0006878382810661261
OFF,0.5,0.6,5.0,10,101.83333333333333,0.09712764999999998,0.0006636777730947466
OFF,0.5,0.6,5.0,10,102.0,0.09689066999999998,0.0007469454746499239
OFF,0.5,0.6,5.0,10,102.16666666666667,0.09667816000000001,0.0007336798309889668
OFF,0.5,0.6,5.0,10,102.33333333333333,0.0968276,0.0006301829115423537
OFF,0.5,0.6,5.0,10,102.5,0.09698775,0.0006245784982690324
OFF,0.5,0.6,5.0,10,102.66666666666667,0.09681729000000001,0.0006929966557639385
OFF,0.5,0.6,5.0,10,102.83333333333333,0.09675727999999999,0.0005739051764882415
OFF,0.5,0.6,5.0,10,103.0,0.09692891000000001,0.00036379218641966463
OFF,0.5,0.6,5.0,10,103.16666666666667,0.09693041999999999,0.00042953205654525713
OFF,0.5,0.6,5.0,10,103.33333333333333,0.09693463999999999,0.0004661451494974492
OFF,0.5,0.6,5.0,10,103.5,0.09696368,0.0005129016217560638
OFF,0.5,0.6,5.0,10,103.66666666666667,0.09705692,0.0004369635289128814
OFF,0.5,0.6,5.0,10,103.83333333333333,0.09695717000000001,0.0003784233662183132
OFF,0.5,0.6,5.0,10,104.0,0.09707644,0.0005852966447879215
OFF,0.5,0.6,5.0,10,104.16666666666667,0.09707413000000001,0.0005307760112326128
OFF,0.5,0.6,5.0,10,104.33333333333333,0.09717274000000001,0.00046544152199819817
OFF,0.5,0.6,5.0,10,104.5,0.09717274000000001,0.0005134054035555126
OFF,0.5,0.6,5.0,10,104.66666666666667,0.09707948,0.0004955686224933965
OFF,0.5,0.6,5.0,10,104.83333333333333,0.09698202,0.0004520830317541231
OFF,0.5,0.6,5.0,10,105.0,0.09715631999999999,0.0004918661114571731
OFF,0.5,0.6,5.0,10,105.16666666666667,0.09714523,0.0006237560084680543
OFF,0.5,0.6,5.0,10,105.33333333333333,0.09704586,0.0006057662836441143
OFF,0.5,0.6,5.0,10,105.5,0.09721516,0.0005449709940905111
OFF,0.5,0.6,5.0,10,105.66666666666667,0.09726370999999999,0.0005190950403346197
OFF,0.5,0.6,5.0,10,105.83333333333333,0.09725416,0.0005562889864090426
OFF,0.5,0.6,5.0,10,106.0,0.09724039,0.0004763523684206908
OFF,0.5,0.6,5.0,10,106.16666666666667,0.09730423,0.00042269239418281607
OFF,0.5,0.6,5.0,10,106.33333333333333,0.09717658,0.0002593050628121245
OFF,0.5,0.6,5.0,10,106.5,0.09704241,0.0002952184528446679
OFF,0.5,0.6,5.0,10,106.66666666666667,0.09709169999999999,0.00036708035087702615
OFF,0.5,0.6,5.0,10,106.83333333333333,0.09709439,0.00040274461995165264
OFF,0.5,0.6,5.0,10,107.0,0.09691092,0.00044160742475642134
OFF,0.5,0.6,5.0,10,107.16666666666667,0.09694227999999999,0.000378115296701946
OFF,0.5,0.6,5.0,10,107.33333333333333,0.09701108,0.0006466836101216738
OFF,0.5,0.6,5.0,10,107.5,0.09720177999999999,0.0006350156987035832
OFF,0.5,0.6,5.0,10,107.66666666666667,0.09722739999999999,0.0005556845526015644
OFF,0.5,0.6,5.0,10,107.83333333333333,0.0970577,0.0005697561917171229
OFF,0.5,0.6,5.0,10,108.0,0.09693576999999999,0.0005624927093749733
OFF,0.5,0.6,5.0,10,108.16666666666667,0.09705654,0.0005299885662917631
OFF,0.5,0.6,5.0,10,108.33333333333333,0.09727249000000002,0.0005297189168795106
OFF,0.5,0.6,5.0,10,108.5,0.09721402,0.0006498493391548528
OFF,0.5,0.6,5.0,10,108.66666666666667,0.09713834000000002,0.0006143492723199087
OFF,0.5,0.6,5.0,10,108.83333333333333,0.09705807,0.0007057216293270328
OFF,0.5,0.6,5.0,10,109.0,0.09702482999999999,0.0006297700041284928
OFF,0.5,0.6,5.0,10,109.16666666666667,0.09709211000000002,0.0004853037449886403
OFF,0.5,0.6,5.0,10,109.33333333333333,0.09719796,0.0006491617921597057
OFF,0.5,0.6,5.0,10,109.5,0.09711884999999999,0.0007653849897273917
OFF,0.5,0.6,5.0,10,109.66666666666667,0.09698126,0.0007626330522603916
OFF,0.5,0.6,5.0,10,109.83333333333333,0.09704394,0.0007482035340734517
OFF,0.5,0.6,5.0,10,110.0,0.09716357,0.0006158533982207114
OFF,0.5,0.6,5.0,10,110.16666666666667,0.09716205000000001,0.0006722049319218078
OFF,0.5,0.6,5.0,10,110.33333333333333,0.09720792,0.00057816737161483
OFF,0.5,0.6,5.0,10,110.5,0.09715898999999999,0.0004287102178628354
OFF,0.5,0.6,5.0,10,110.66666666666667,0.09701145,0.00042065752637983556
OFF,0.5,0.6,5.0,10,110.83333333333333,0.09693541000000001,0.0004287488529430719
OFF,0.5,0.6,5.0,10,111.0,0.09685551,0.0005098430669333442
OFF,0.5,0.6,5.0,10,111.16666666666667,0.09687613,0.00042531600969161775
OFF,0.5,0.6,5.0,10,111.33333333333333,0.09701337,0.0004151004168872886
OFF,0.5,0.6,5.0,10,111.5,0.09710472,0.0004120872378514057
OFF,0.5,0.6,5.0,10,111.66666666666667,0.09704892000000001,0.00045419444250232726
OFF,0.5,0.6,5.0,10,111.83333333333333,0.09713836,0.0004723595266319929
OFF,0.5,0.6,5.0,10,112.0,0.09703208000000002,0.0005360123241120485
OFF,0.5,0.6,5.0,10,112.16666666666667,0.09716854,0.0006674416651663272
OFF,0.5,0.6,5.0,10,112.33333333333333,0.09704664,0.0006998817045758509
OFF,0.5,0.6,5.0,10,112.5,0.09713796999999999,0.0005888937409244559
OFF,0.5,0.6,5.0,10,112.66666666666667,0.09698661,0.0008272829025792835
OFF,0.5,0.6,5.0,10,112.83333333333333,0.09696101,0.000844569809370428
OFF,0.5,0.6,5.0,10,113.0,0.09707986999999998,0.0007572303679198299
OFF,0.5,0.6,5.0,10,113.16666666666667,0.09708443,0.0007326654489601655
OFF,0.5,0.6,5.0,10,113.33333333333333,0.09701067999999999,0.0007473408416512525
OFF,0.5,0.6,5.0,10,113.5,0.09717121000000001,0.00045529333939779937
OFF,0.5,0.6,5.0,10,113.66666666666667,0.09721634,0.000659263170820272
OFF,0.5,0.6,5.0,10,113.83333333333333,0.09709248000000001,0.0007039871302800914
OFF,0.5,0.6,5.0,10,114.0,0.09726715,0.0005786023872228684
OFF,0.5,0.6,5.0,10,114.16666666666667,0.09728629,0.0004774673715553744
OFF,0.5,0.6,5.0,10,114.33333333333333,0.09728206,0.0005736874675291417
OFF,0.5,0.6,5.0,10,114.5,0.09711197,0.0005532759547459108
OFF,0.5,0.6,5.0,10,114.66666666666667,0.09705962,0.000650091780904821
OFF,0.5,0.6,5.0,10,114.83333333333333,0.09703668,0.0005563471790168445
OFF,0.5,0.6,5.0,10,115.0,0.09700763000000001,0.0006358028547435112
OFF,0.5,0.6,5.0,10,115.16666666666667,0.09705348999999999,0.0007584173382116224
OFF,0.5,0.6,5.0,10,115.33333333333333,0.09700955000000001,0.0009072251178731782
OFF,0.5,0.6,5.0,10,115.5,0.09712956,0.0010188941065684895
OFF,0.5,0.6,5.0,10,115.66666666666667,0.09719606,0.0009933371413573565
OFF,0.5,0.6,5.0,10,115.83333333333333,0.09699883,0.0008642476242952583
OFF,0.5,0.6,5.0,10,116.0,0.09694609,0.0008770034429236851
OFF,0.5,0.6,5.0,10,116.16666666666667,0.09686277000000001,0.0008006766926169388
OFF,0.5,0.6,5.0,10,116.33333333333333,0.09696482,0.000687825067586228
OFF,0.5,0.6,5.0,10,116.5,0.09691973000000001,0.0007265583542290311
OFF,0.5,0.6,5.0,10,116.66666666666667,0.09686199,0.000527789013621921
OFF,0.5,0.6,5.0,10,116.83333333333333,0.09691628,0.0007201474790624484
OFF,0.5,0.6,5.0,10,117.0,0.09683256999999999,0.00043118160222810857
OFF,0.5,0.6,5.0,10,117.16666666666667,0.09697744,0.00036396861183349315
OFF,0.5,0.6,5.0,10,117.33333333333333,0.0968666,0.0004210458549849405
OFF,0.5,0.6,5.0,10,117.5,0.09695487,0.0004518335225500621
OFF,0.5,0.6,5.0,10,117.66666666666667,0.09701069,0.0003466635673098628
OFF,0.5,0.6,5.0,10,117.83333333333333,0.09698280000000001,0.0002976740902396461
OFF,0.5,0.6,5.0,10,118.0,0.09685244,0.000384913279064258
OFF,0.5,0.6,5.0,10,118.16666666666667,0.09695219999999999,0.0004930632981676912
OFF,0.5,0.6,5.0,10,118.33333333333333,0.09692698000000001,0.00045093760499652314
OFF,0.5,0.6,5.0,10,118.5,0.09698354000000001,0.0003066932415297101
OFF,0.5,0.6,5.0,10,118.66666666666667,0.09708367999999999,0.0004159466643693638
OFF,0.5,0.6,5.0,10,118.83333333333333,0.09695068,0.0004355643484033089
OFF,0.5,0.6,5.0,10,119.0,0.09696746999999999,0.0005294227215562264
OFF,0.5,0.6,5.0,10,119.16666666666667,0.09690444,0.000490761814325442
OFF,0.5,0.6,5.0,10,119.33333333333333,0.09684404999999999,0.00045875367300982154
OFF,0.5,0.6,5.0,10,119.5,0.09698432,0.0006281674741659253
OFF,0.5,0.6,5.0,10,119.66666666666667,0.09722128999999999,0.0007028882293081858
OFF,0.5,0.6,5.0,10,119.83333333333333,0.09715975000000002,0.0007028950579567333
OFF,0.5,0.6,5.0,10,120.0,0.09717044999999999,0.0006472413232326886
OFF,0.5,0.6,5.0,10,120.16666666666667,0.09718955000000001,0.0005271657258396077
OFF,0.5,0.6,5.0,10,120.33333333333333,0.09723811,0.0005619452241099647
OFF,0.5,0.6,5.0,10,120.5,0.09703703999999999,0.0006561527218567345
OFF,0.5,0.6,5.0,10,120.66666666666667,0.0969587,0.0005736456711246037
OFF,0.5,0.6,5.0,10,120.83333333333333,0.09713719000000001,0.0005871683684429898
OFF,0.5,0.6,5.0,10,121.0,0.09710317,0.0005524862623631459
OFF,0.5,0.6,5.0,10,121.16666666666667,0.09704279,0.000573520521777557
OFF,0.5,0.6,5.0,10,121.33333333333333,0.09679359999999998,0.000737569293015917
OFF,0.5,0.6,5.0,10,121.5,0.09688685000000001,0.0006768257652453858
OFF,0.5,0.6,5.0,10,121.66666666666667,0.09697438,0.0006102150732323813
OFF,0.5,0.6,5.0,10,121.83333333333333,0.09702862999999999,0.0004505315439566897
OFF,0.5,0.6,5.0,10,122.0,0.09697973,0.0003899536512202432
OFF,0.5,0.6,5.0,10,122.16666666666667,0.09711465,0.00046894218033783405
OFF,0.5,0.6,5.0,10,122.33333333333333,0.09711045000000003,0.000448505340547913
OFF,0.5,0.6,5.0,10,122.5,0.09709859,0.0005260987596449955
OFF,0.5,0.6,5.0,10,122.66666666666667,0.09717313,0.000404625765492016
OFF,0.5,0.6,5.0,10,122.83333333333333,0.09714369000000002,0.00046496088104269463
OFF,0.5,0.6,5.0,10,123.0,0.09706421000000001,0.0005062858904808619
OFF,0.5,0.6,5.0,10,123.16666666666667,0.09696481,0.0006224805032288163
OFF,0.5,0.6,5.0,10,123.33333333333333,0.09705235000000001,0.0006858379491541709
OFF,0.5,0.6,5.0,10,123.5,0.09709057,0.0004981773560691006
OFF,0.5,0.6,5.0,10,123.66666666666667,0.09702561000000001,0.0003571431798312816
OFF,0.5,0.6,5.0,10,123.83333333333333,0.09684555999999998,0.00043899086140829826
OFF,0.5,0.6,5.0,10,124.0,0.09690060999999998,0.00044569290425134603
OFF,0.5,0.6,5.0,10,124.16666666666667,0.09699195000000001,0.0005816957250143757
OFF,0.5,0.6,5.0,10,124.33333333333333,0.09689946,0.00044710928910054955
OFF,0.5,0.6,5.0,10,124.5,0.09683409000000001,0.0003348909447865082
OFF,0.5,0.6,5.0,10,124.66666666666667,0.09687156000000001,0.0004696723223695449
OFF,0.5,0.6,5.0,10,124.83333333333333,0.09678556000000002,0.0006045635933464714
OFF,0.5,0.6,5.0,10,125.0,0.09690444000000001,0.0004575667933755667
OFF,0.5,0.6,5.0,10,125.16666666666667,0.09692776,0.0004156368130952785
OFF,0.5,0.6,5.0,10,125.33333333333333,0.09692315,0.0004569444785748042
OFF,0.5,0.6,5.0,10,125.5,0.09693652999999999,0.0005730436825408697
OFF,0.5,0.6,5.0,10,125.66666666666667,0.09687079000000001,0.0005599486663079009
OFF,0.5,0.6,5.0,10,125.83333333333333,0.09689718000000001,0.0005136389642540763
OFF,0.5,0.6,5.0,10,126.0,0.09687117999999999,0.0005540793387232548
OFF,0.5,0.6,5.0,10,126.16666666666667,0.09687385,0.0005044366942441856
OFF,0.5,0.6,5.0,10,126.33333333333333,0.09672059999999999,0.0005635618031769027
OFF,0.5,0.6,5.0,10,126.5,0.09686544,0.00048096120467247793
OFF,0.5,0.6,5.0,10,126.66666666666667,0.09691094,0.0005199296379319044
OFF,0.5,0.6,5.0,10,126.83333333333333,0.09700838,0.00033779715155696417
OFF,0.5,0.6,5.0,10,127.0,0.09699616999999999,0.0004047559142248563
OFF,0.5,0.6,5.0,10,127.16666666666667,0.09727517000000001,0.0005779562735190266
OFF,0.5,0.6,5.0,10,127.33333333333333,0.09706878999999999,0.0004294803638118991
OFF,0.5,0.6,5.0,10,127.5,0.09705119999999999,0.00046335443237331794
OFF,0.5,0.6,5.0,10,127.66666666666667,0.09703666999999999,0.0004627947710378761
OFF,0.5,0.6,5.0,10,127.83333333333333,0.09698965,0.0004103478018705619
OFF,0.5,0.6,5.0,10,128.0,0.09711313,0.00035502784130262116
OFF,0.5,0.6,5.0,10,128.16666666666666,0.09720065,0.0003462482324864618
OFF,0.5,0.6,5.0,10,128.33333333333334,0.09713378000000002,0.0003909071879615399
OFF,0.5,0.6,5.0,10,128.5,0.09716929,0.0003759908681071944
OFF,0.5,0.6,5.0,10,128.66666666666666,0.09711886000000002,0.00044212167601238536
OFF,0.5,0.6,5.0,10,128.83333333333334,0.0972083,0.0003862245227843508
OFF,0.5,0.6,5.0,10,129.0,0.09698546,0.00029119894299258706
OFF,0.5,0.6,5.0,10,129.16666666666666,0.09684058,0.0003647089765827021
OFF,0.5,0.6,5.0,10,129.33333333333334,0.09695564000000001,0.00048271540725359065
OFF,0.5,0.6,5.0,10,129.5,0.09701221,0.0003555034696033217
OFF,0.5,0.6,5.0,10,129.66666666666666,0.09699922,0.0003333742425563213
OFF,0.5,0.6,5.0,10,129.83333333333334,0.09699155999999999,0.0005017087166872859
OFF,0.5,0.6,5.0,10,130.0,0.09694380999999999,0.00044928008068464514
OFF,0.5,0.6,5.0,10,130.16666666666666,0.09694264,0.0004822052471717815
OFF,0.5,0.6,5.0,10,130.33333333333334,0.09692927999999999,0.00041258092248672927
OFF,0.5,0.6,5.0,10,130.5,0.09713604,0.0004757948890015514
OFF,0.5,0.6,5.0,10,130.66666666666666,0.09729581000000001,0.0005880690732388506
OFF,0.5,0.6,5.0,10,130.83333333333334,0.09722319999999998,0.0006102954235450243
OFF,0.5,0.6,5.0,10,131.0,0.09730079,0.0005931952957500595
OFF,0.5,0.6,5.0,10,131.16666666666666,0.09738715999999999,0.0006607003665807962
OFF,0.5,0.6,5.0,10,131.33333333333334,0.09731263999999999,0.000488344194600489
OFF,0.5,0.6,5.0,10,131.5,0.09726372000000001,0.0004893631755659623
OFF,0.5,0.6,5.0,10,131.66666666666666,0.09729812,0.000499346558614358
OFF,0.5,0.6,5.0,10,131.83333333333334,0.09725226000000001,0.0005763012340781528
OFF,0.5,0.6,5.0,10,132.0,0.09723122999999999,0.0005683783089633173
OFF,0.5,0.6,5.0,10,132.16666666666666,0.09729315,0.0005691302087396173
OFF,0.5,0.6,5.0,10,132.33333333333334,0.09725033000000001,0.0006822915858340915
OFF,0.5,0.6,5.0,10,132.5,0.09732065999999999,0.0006392581203238638
OFF,0.5,0.6,5.0,10,132.66666666666666,0.09734551,0.0005699624206033234
OFF,0.5,0.6,5.0,10,132.83333333333334,0.09741622,0.0005604010613837213
OFF,0.5,0.6,5.0,10,133.0,0.09740170000000001,0.0005055614126889052
OFF,0.5,0.6,5.0,10,133.16666666666666,0.09732104,0.000380985488437552
OFF,0.5,0.6,5.0,10,133.33333333333334,0.09718497000000001,0.0004203664759468819
OFF,0.5,0.6,5.0,10,133.5,0.09727746,0.0003848899977915777
OFF,0.5,0.6,5.0,10,133.66666666666666,0.09728280000000002,0.0003735162379335058
OFF,0.5,0.6,5.0,10,133.83333333333334,0.09728473000000001,0.00047740104534866923
OFF,0.5,0.6,5.0,10,134.0,0.09716585999999999,0.0005452237159185211
OFF,0.5,0.6,5.0,10,134.16666666666666,0.0972385,0.0005987652127503721
OFF,0.5,0.6,5.0,10,134.33333333333334,0.09724384999999999,0.0006313657929441521
OFF,0.5,0.6,5.0,10,134.5,0.09717695,0.0005747745979947256
OFF,0.5,0.6,5.0,10,134.66666666666666,0.09715096,0.0004876018318259283
OFF,0.5,0.6,5.0,10,134.83333333333334,0.09726868,0.000405511259523087
OFF,0.5,0.6,5.0,10,135.0,0.09726715,0.0003658377844072416
OFF,0.5,0.6,5.0,10,135.16666666666666,0.09713756,0.00032872609327523747
OFF,0.5,0.6,5.0,10,135.33333333333334,0.09714829,0.00034023482905193514
OFF,0.5,0.6,5.0,10,135.5,0.09729621000000001,0.000435836933841089
OFF,0.5,0.6,5.0,10,135.66666666666666,0.09723198000000001,0.0005196645356381369
OFF,0.5,0.6,5.0,10,135.83333333333334,0.09727175,0.0004836909659069501
OFF,0.5,0.6,5.0,10,136.0,0.09715745000000002,0.0005816969129194325
OFF,0.5,0.6,5.0,10,136.16666666666666,0.09714179999999999,0.0004305849974163068
OFF,0.5,0.6,5.0,10,136.33333333333334,0.09706342999999999,0.0005467395486884038
OFF,0.5,0.6,5.0,10,136.5,0.09726258,0.000583363013568739
OFF,0.5,0.6,5.0,10,136.66666666666666,0.09721134,0.0005640562227296149
OFF,0.5,0.6,5.0,10,136.83333333333334,0.09705159,0.00044876986630120407
OFF,0.5,0.6,5.0,10,137.0,0.09710355000000001,0.0005619882351971429
OFF,0.5,0.6,5.0,10,137.16666666666666,0.09693845000000001,0.0004894894345131469
OFF,0.5,0.6,5.0,10,137.33333333333334,0.09698507999999999,0.0004735001347412693
OFF,0.5,0.6,5.0,10,137.5,0.09675537,0.0003899477043143111
OFF,0.5,0.6,5.0,10,137.66666666666666,0.09677064999999999,0.0003864601434818349
OFF,0.5,0.6,5.0,10,137.83333333333334,0.09674274,0.0003872206843648719
OFF,0.5,0.6,5.0,10,138.0,0.09680314000000001,0.00029013718548300736
OFF,0.5,0.6,5.0,10,138.16666666666666,0.09674811999999999,0.0002563280156362175
OFF,0.5,0.6,5.0,10,138.33333333333334,0.09700455,0.0003899452275640788
OFF,0.5,0.6,5.0,10,138.5,0.09694226,0.0003948744514399502
OFF,0.5,0.6,5.0,10,138.66666666666666,0.09700455999999999,0.00038889959681131045
OFF,0.5,0.6,5.0,10,138.83333333333334,0.0970596,0.00044533961871812025
OFF,0.5,0.6,5.0,10,139.0,0.09706308,0.000401115668604455
OFF,0.5,0.6,5.0,10,139.16666666666666,0.09688684000000002,0.0005173945983482985
OFF,0.5,0.6,5.0,10,139.33333333333334,0.09682799,0.000498978866185732
OFF,0.5,0.6,5.0,10,139.5,0.09686851,0.0005103964898978026
OFF,0.5,0.6,5.0,10,139.66666666666666,0.09692925999999999,0.0004037055466549855
OFF,0.5,0.6,5.0,10,139.83333333333334,0.09695259,0.0004068365800908261
OFF,0.5,0.6,5.0,10,140.0,0.09691324,0.0004749821200845358
OFF,0.5,0.6,5.0,10,140.16666666666666,0.09697171,0.0004282834796020043
OFF,0.5,0.6,5.0,10,140.33333333333334,0.09688685,0.00048434146890391293
OFF,0.5,0.6,5.0,10,140.5,0.09680428999999999,0.0003986078159043054
OFF,0.5,0.6,5.0,10,140.66666666666666,0.09670606,0.0004147246971184632
OFF,0.5,0.6,5.0,10,140.83333333333334,0.09684671,0.0005234413480992904
OFF,0.5,0.6,5.0,10,141.0,0.09693921000000001,0.0004967666322328838
OFF,0.5,0.6,5.0,10,141.16666666666666,0.09700341,0.0005375251035068055
OFF,0.5,0.6,5.0,10,141.33333333333334,0.09709897999999999,0.0005691000716921404
OFF,0.5,0.6,5.0,10,141.5,0.09721366,0.0004670640195947453
OFF,0.5,0.6,5.0,10,141.66666666666666,0.09733519,0.0005854164439952146
OFF,0.5,0.6,5.0,10,141.83333333333334,0.09722358,0.0006422886933459167
OFF,0.5,0.6,5.0,10,142.0,0.09722703000000002,0.0006248343653321266
OFF,0.5,0.6,5.0,10,142.16666666666666,0.09709363000000001,0.0005983149739894543
OFF,0.5,0.6,5.0,10,142.33333333333334,0.09712957,0.0005258042431361712
OFF,0.5,0.6,5.0,10,142.5,0.0972144,0.0005383560921917745
OFF,0.5,0.6,5.0,10,142.66666666666666,0.09716815,0.0004518627894615788
OFF,0.5,0.6,5.0,10,142.83333333333334,0.09718651000000002,0.00048533812430098626
OFF,0.5,0.6,5.0,10,143.0,0.09723238,0.0004963975358520625
OFF,0.5,0.6,5.0,10,143.16666666666666,0.09728817,0.00046588976174627086
OFF,0.5,0.6,5.0,10,143.33333333333334,0.09729812,0.0006356302884539083
OFF,0.5,0.6,5.0,10,143.5,0.09732984,0.0006061699995875755
OFF,0.5,0.6,5.0,10,143.66666666666666,0.09742500000000001,0.00045775052157261473
OFF,0.5,0.6,5.0,10,143.83333333333334,0.09745635,0.0005602394992322467
OFF,0.5,0.6,5.0,10,144.0,0.09736884,0.0006150599600038993
OFF,0.5,0.6,5.0,10,144.16666666666666,0.09738716,0.000563626381923346
OFF,0.5,0.6,5.0,10,144.33333333333334,0.09743839,0.0005821614337106156
OFF,0.5,0.6,5.0,10,144.5,0.09731414999999999,0.0005039390741944889
OFF,0.5,0.6,5.0,10,144.66666666666666,0.09729468,0.000490542994649807
OFF,0.5,0.6,5.0,10,144.83333333333334,0.09742193,0.00048420531605921106
OFF,0.5,0.6,5.0,10,145.0,0.09740706,0.0003447036472101813
OFF,0.5,0.6,5.0,10,145.16666666666666,0.09739368000000001,0.0004028061787013674
OFF,0.5,0.6,5.0,10,145.33333333333334,0.09718078,0.0004380734248958738
OFF,0.5,0.6,5.0,10,145.5,0.09710929000000001,0.00043740298455771995
OFF,0.5,0.6,5.0,10,145.66666666666666,0.09697170999999997,0.0004262980118414813
OFF,0.5,0.6,5.0,10,145.83333333333334,0.09696405,0.00038577322418747583
OFF,0.5,0.6,5.0,10,146.0,0.09681917999999999,0.00025629815762115877
OFF,0.5,0.6,5.0,10,146.16666666666666,0.09687422999999999,0.00042895929888510294
OFF,0.5,0.6,5.0,10,146.33333333333334,0.09695528,0.0004434692250878291
OFF,0.5,0.6,5.0,10,146.5,0.096875,0.0003902141514604514
OFF,0.5,0.6,5.0,10,146.66666666666666,0.09683067999999999,0.00036466304666088695
OFF,0.5,0.6,5.0,10,146.83333333333334,0.0968513,0.00041125092340322074
OFF,0.5,0.6,5.0,10,147.0,0.09708445,0.0004719844345950395
OFF,0.5,0.6,5.0,10,147.16666666666666,0.09728168,0.0003187585161215323
OFF,0.5,0.6,5.0,10,147.33333333333334,0.09721364,0.0002780847216227454
OFF,0.5,0.6,5.0,10,147.5,0.09721632,0.00032015300029829356
OFF,0.5,0.6,5.0,10,147.66666666666666,0.09733289,0.00048427943266259103
OFF,0.5,0.6,5.0,10,147.83333333333334,0.09746437,0.0003793215550163205
OFF,0.5,0.6,5.0,10,148.0,0.09740628,0.0004443426196078873
OFF,0.5,0.6,5.0,10,148.16666666666666,0.09733022,0.0004920840452605666
OFF,0.5,0.6,5.0,10,148.33333333333334,0.09743841,0.0005055492467603909
OFF,0.5,0.6,5.0,10,148.5,0.09730731,0.000693128763578602
OFF,0.5,0.6,5.0,10,148.66666666666666,0.09722243,0.000782858874957679
OFF,0.5,0.6,5.0,10,148.83333333333334,0.09717542,0.0007019264659492459
OFF,0.5,0.6,5.0,10,149.0,0.09716166,0.0005926116320154391
OFF,0.5,0.6,5.0,10,149.16666666666666,0.09709745,0.0003816623330903899
OFF,0.5,0.6,5.0,10,149.33333333333334,0.09726715,0.0005017260612126903
OFF,0.5,0.6,5.0,10,149.5,0.09712994999999999,0.0004497655883902191
OFF,0.5,0.6,5.0,10,149.66666666666666,0.09719072000000001,0.0006051294486306208
OFF,0.5,0.6,5.0,10,149.83333333333334,0.09716167,0.0005429926832840381
OFF,0.5,0.6,5.0,10,150.0,0.09700227000000002,0.00038905012029300467
OFF,0.5,0.6,5.0,10,150.16666666666666,0.09711045,0.0004082932677622803
OFF,0.5,0.6,5.0,10,150.33333333333334,0.09722701999999998,0.0005355303703806184
OFF,0.5,0.6,5.0,10,150.5,0.09718612,0.0003825322752396189
OFF,0.5,0.6,5.0,10,150.66666666666666,0.09726715999999999,0.0002996490553964776
OFF,0.5,0.6,5.0,10,150.83333333333334,0.09721823000000002,0.0004918693770707819
OFF,0.5,0.6,5.0,10,151.0,0.09734625999999999,0.0006178306162695399
OFF,0.5,0.6,5.0,10,151.16666666666666,0.09720601,0.0005419883863146882
OFF,0.5,0.6,5.0,10,151.33333333333334,0.09721555000000001,0.0006265548343920114
OFF,0.5,0.6,5.0,10,151.5,0.09716739999999999,0.000637594164025989
OFF,0.5,0.6,5.0,10,151.66666666666666,0.09716663,0.000656000562575976
OFF,0.5,0.6,5.0,10,151.83333333333334,0.09704967,0.0007245663752203784
OFF,0.5,0.6,5.0,10,152.0,0.09703783,0.0005531682511677644
OFF,0.5,0.6,5.0,10,152.16666666666666,0.09708941,0.0005514277875660576
OFF,0.5,0.6,5.0,10,152.33333333333334,0.09692354,0.0004844997981423709
OFF,0.5,0.6,5.0,10,152.5,0.09691319,0.0004158911286622994
OFF,0.5,0.6,5.0,10,152.66666666666666,0.09699386,0.00040530244805576856
OFF,0.5,0.6,5.0,10,152.83333333333334,0.09685550000000001,0.00034570858537212975
OFF,0.5,0.6,5.0,10,153.0,0.09684174,0.0004580229081607159
OFF,0.5,0.6,5.0,10,153.16666666666666,0.09679549999999999,0.0005664880157602616
OFF,0.5,0.6,5.0,10,153.33333333333334,0.09676914,0.0006057941171718313
OFF,0.5,0.6,5.0,10,153.5,0.09669153999999999,0.0005509212633398701
OFF,0.5,0.6,5.0,10,153.66666666666666,0.09687423,0.00048640322994404525
OFF,0.5,0.6,5.0,10,153.83333333333334,0.0968131,0.0004420918547089491
OFF,0.5,0.6,5.0,10,154.0,0.09703859000000001,0.0004005140308403667
OFF,0.5,0.6,5.0,10,154.16666666666666,0.09719682999999998,0.00044952009977307844
OFF,0.5,0.6,5.0,10,154.33333333333334,0.09706534,0.0004624389218048165
OFF,0.5,0.6,5.0,10,154.5,0.09711925,0.00047682810162573197
OFF,0.5,0.6,5.0,10,154.66666666666666,0.09721134000000001,0.0005996338736262312
OFF,0.5,0.6,5.0,10,154.83333333333334,0.09723927000000002,0.0005256501213735233
OFF,0.5,0.6,5.0,10,155.0,0.09719836000000001,0.0006526629546710903
OFF,0.5,0.6,5.0,10,155.16666666666666,0.09723925000000001,0.0006386159804608699
OFF,0.5,0.6,5.0,10,155.33333333333334,0.09712918,0.0006245091941677095
OFF,0.5,0.6,5.0,10,155.5,0.09712916,0.0005297681421150193
OFF,0.5,0.6,5.0,10,155.66666666666666,0.09714713999999999,0.0005086396292071649
OFF,0.5,0.6,5.0,10,155.83333333333334,0.09714372,0.0004689908800819034
OFF,0.5,0.6,5.0,10,156.0,0.09711274,0.0005168703206801502
OFF,0.5,0.6,5.0,10,156.16666666666666,0.09713108000000001,0.0004950766280082292
OFF,0.5,0.6,5.0,10,156.33333333333334,0.09710165000000001,0.0005948441279024286
OFF,0.5,0.6,5.0,10,156.5,0.09721822,0.0005196006154730763
OFF,0.5,0.6,5.0,10,156.66666666666666,0.09720180000000002,0.0005403082953277681
OFF,0.5,0.6,5.0,10,156.83333333333334,0.09731989999999999,0.000549949114009651
OFF,0.5,0.6,5.0,10,157.0,0.09729085,0.0005169406759967721
OFF,0.5,0.6,5.0,10,157.16666666666666,0.09708751000000002,0.0005608880751986082
OFF,0.5,0.6,5.0,10,157.33333333333334,0.09703704,0.000451367119316417
OFF,0.5,0.6,5.0,10,157.5,0.09692049,0.0006285881075076117
OFF,0.5,0.6,5.0,10,157.66666666666666,0.09698852000000001,0.0005919105655417864
OFF,0.5,0.6,5.0,10,157.83333333333334,0.09704051999999999,0.0006882148556955163
OFF,0.5,0.6,5.0,10,158.0,0.09720753000000001,0.0005339023020178864
OFF,0.5,0.6,5.0,10,158.16666666666666,0.09718457999999999,0.0005334684879165771
OFF,0.5,0.6,5.0,10,158.33333333333334,0.09716817,0.0006075821262183417
OFF,0.5,0.6,5.0,10,158.5,0.09735776,0.0005312603245114409
OFF,0.5,0.6,5.0,10,158.66666666666666,0.09740742999999999,0.0005118818302108394
OFF,0.5,0.6,5.0,10,158.83333333333334,0.09720789999999999,0.0005399618856919439
OFF,0.5,0.6,5.0,10,159.0,0.09722664,0.00047889348544326635
OFF,0.5,0.6,5.0,10,159.16666666666666,0.09719567,0.0005068235275714832
OFF,0.5,0.6,5.0,10,159.33333333333334,0.09732067000000001,0.00047191277806391235
OFF,0.5,0.6,5.0,10,159.5,0.09743990999999999,0.00048010194427850416
OFF,0.5,0.6,5.0,10,159.66666666666666,0.09743152000000001,0.0004630336484533273
OFF,0.5,0.6,5.0,10,159.83333333333334,0.09738795,0.0005525662914981328
OFF,0.5,0.6,5.0,10,160.0,0.09730957999999999,0.0004663787319336057
OFF,0.5,0.6,5.0,10,160.16666666666666,0.09727786,0.0005448057529064819
OFF,0.5,0.6,5.0,10,160.33333333333334,0.09743113,0.0005185229484796221
OFF,0.5,0.6,5.0,10,160.5,0.09743073,0.000566982223795421
OFF,0.5,0.6,5.0,10,160.66666666666666,0.09744183000000001,0.00037319161847501235
OFF,0.5,0.6,5.0,10,160.83333333333334,0.09731302,0.0003339432340982512
OFF,0.5,0.6,5.0,10,161.0,0.09712955,0.0003618001112492911
OFF,0.5,0.6,5.0,10,161.16666666666666,0.09708177999999999,0.00034020616043805023
OFF,0.5,0.6,5.0,10,161.33333333333334,0.09695413000000001,0.00035927056392083914
OFF,0.5,0.6,5.0,10,161.5,0.09684787,0.000452884241390665
OFF,0.5,0.6,5.0,10,161.66666666666666,0.09694952999999999,0.00036747018123924004
OFF,0.5,0.6,5.0,10,161.83333333333334,0.09707719,0.00044785533702301647
OFF,0.5,0.6,5.0,10,162.0,0.09692623,0.0005347288958902431
OFF,0.5,0.6,5.0,10,162.16666666666666,0.09684899999999999,0.0005280903710540466
OFF,0.5,0.6,5.0,10,162.33333333333334,0.09687348,0.0006528436532585708
OFF,0.5,0.6,5.0,10,162.5,0.0968922,0.0006032792073327251
OFF,0.5,0.6,5.0,10,162.66666666666666,0.09702366999999999,0.0004361020042375432
OFF,0.5,0.6,5.0,10,162.83333333333334,0.09689257,0.00045147342125534
OFF,0.5,0.6,5.0,10,163.0,0.09697285,0.0004139567423052813
OFF,0.5,0.6,5.0,10,163.16666666666666,0.09702750999999998,0.0004361956864756913
OFF,0.5,0.6,5.0,10,163.33333333333334,0.09707183999999999,0.00043760645836184934
OFF,0.5,0.6,5.0,10,163.5,0.09707108,0.0003205305377027283
OFF,0.5,0.6,5.0,10,163.66666666666666,0.09705007,0.0003005982303673772
OFF,0.5,0.6,5.0,10,163.83333333333334,0.0968043,0.0002756853169829686
OFF,0.5,0.6,5.0,10,164.0,0.09687385000000001,0.00047597802732899275
OFF,0.5,0.6,5.0,10,164.16666666666666,0.09691206999999999,0.0004963541740531653
OFF,0.5,0.6,5.0,10,164.33333333333334,0.09699885,0.0005705206643935015
OFF,0.5,0.6,5.0,10,164.5,0.09699426,0.0004038071029588254
OFF,0.5,0.6,5.0,10,164.66666666666666,0.09691513999999998,0.00048478559013237927
OFF,0.5,0.6,5.0,10,164.83333333333334,0.0969503,0.0004208282476260353
OFF,0.5,0.6,5.0,10,165.0,0.09702521,0.0003786836897728754
OFF,0.5,0.6,5.0,10,165.16666666666666,0.09703669,0.0005703499670377841
OFF,0.5,0.6,5.0,10,165.33333333333334,0.09700457,0.0005624772387394908
OFF,0.5,0.6,5.0,10,165.5,0.09696252000000001,0.000614310738633142
OFF,0.5,0.6,5.0,10,165.66666666666666,0.09702293000000001,0.0005152777892554647
OFF,0.5,0.6,5.0,10,165.83333333333334,0.09685283,0.0005606531513333366
OFF,0.5,0.6,5.0,10,166.0,0.09691361999999999,0.0006947216547654175
OFF,0.5,0.6,5.0,10,166.16666666666666,0.09697668000000001,0.0004995062558166825
OFF,0.5,0.6,5.0,10,166.33333333333334,0.09705692999999999,0.0006944310938458941
OFF,0.5,0.6,5.0,10,166.5,0.09707757,0.0006773848596625124
OFF,0.5,0.6,5.0,10,166.66666666666666,0.09707260999999999,0.0007647162865403105
OFF,0.5,0.6,5.0,10,166.83333333333334,0.09706115,0.0006746340848934344
OFF,0.5,0.6,5.0,10,167.0,0.09709667999999999,0.0006396085362157083
OFF,0.5,0.6,5.0,10,167.16666666666666,0.09696253,0.0006619114654544067
OFF,0.5,0.6,5.0,10,167.33333333333334,0.09698965999999999,0.0006826354549831098
OFF,0.5,0.6,5.0,10,167.5,0.09705387999999998,0.0004971764169789235
OFF,0.5,0.6,5.0,10,167.66666666666666,0.09706305999999999,0.0004657522306978242
OFF,0.5,0.6,5.0,10,167.83333333333334,0.09701337000000002,0.0005434109072331883
OFF,0.5,0.6,5.0,10,168.0,0.09699693000000001,0.00043076162329065324
OFF,0.5,0.6,5.0,10,168.16666666666666,0.09698737,0.0005396963239637652
OFF,0.5,0.6,5.0,10,168.33333333333334,0.09704586999999999,0.000573786205916455
OFF,0.5,0.6,5.0,10,168.5,0.09698470000000001,0.00040200687307557267
OFF,0.5,0.6,5.0,10,168.66666666666666,0.09691742,0.00038277783321399427
OFF,0.5,0.6,5.0,10,168.83333333333334,0.09691549999999999,0.00048357667437543017
OFF,0.5,0.6,5.0,10,169.0,0.09689717,0.00036766756465590153
OFF,0.5,0.6,5.0,10,169.16666666666666,0.09677065,0.00033125851913573545
OFF,0.5,0.6,5.0,10,169.33333333333334,0.09678901000000001,0.00031059861380888613
OFF,0.5,0.6,5.0,10,169.5,0.09704813999999999,0.0004172671043827926
OFF,0.5,0.6,5.0,10,169.66666666666666,0.09702672999999999,0.0003464021046414133
OFF,0.5,0.6,5.0,10,169.83333333333334,0.09710279999999998,0.00042770207621661144
OFF,0.5,0.6,5.0,10,170.0,0.09697438,0.000456512553606142
OFF,0.5,0.6,5.0,10,170.16666666666666,0.09694112999999999,0.00035565786944759096
OFF,0.5,0.6,5.0,10,170.33333333333334,0.09703285,0.0003915249347104244
OFF,0.5,0.6,5.0,10,170.5,0.09708255,0.0005295977704824652
OFF,0.5,0.6,5.0,10,170.66666666666666,0.09715058000000001,0.0006995101168675125
OFF,0.5,0.6,5.0,10,170.83333333333334,0.09708982000000002,0.0006300594683043806
OFF,0.5,0.6,5.0,10,171.0,0.09712535,0.0006379322616861453
OFF,0.5,0.6,5.0,10,171.16666666666666,0.09717656,0.0006526171821213412
OFF,0.5,0.6,5.0,10,171.33333333333334,0.09720714000000001,0.0007169513751991847
OFF,0.5,0.6,5.0,10,171.5,0.09728129,0.000629574606301748
OFF,0.5,0.6,5.0,10,171.66666666666666,0.0973608,0.00046224519683821545
OFF,0.5,0.6,5.0,10,171.83333333333334,0.0974254,0.00044460795089606617
OFF,0.5,0.6,5.0,10,172.0,0.09746477,0.0004987592205663948
OFF,0.5,0.6,5.0,10,172.16666666666666,0.09738642,0.0004547326946679769
OFF,0.5,0.6,5.0,10,172.33333333333334,0.09719681999999999,0.0004935757019951431
OFF,0.5,0.6,5.0,10,172.5,0.09708980999999998,0.0004884913539664766
OFF,0.5,0.6,5.0,10,172.66666666666666,0.09715248,0.0005403976994769687
OFF,0.5,0.6,5.0,10,172.83333333333334,0.0971651,0.0003754023814522214
OFF,0.5,0.6,5.0,10,173.0,0.09715134,0.00041114977611571285
OFF,0.5,0.6,5.0,10,173.16666666666666,0.09703438,0.0003474151257501619
OFF,0.5,0.6,5.0,10,173.33333333333334,0.09719913,0.00046316702829541
OFF,0.5,0.6,5.0,10,173.5,0.09726409999999999,0.0004730823078492772
OFF,0.5,0.6,5.0,10,173.66666666666666,0.09709477000000001,0.0004889506581445627
OFF,0.5,0.6,5.0,10,173.83333333333334,0.09698853,0.0005096810022945746
OFF,0.5,0.6,5.0,10,174.0,0.09696483,0.0005297742803307837
OFF,0.5,0.6,5.0,10,174.16666666666666,0.0971135,0.000496430601393589
OFF,0.5,0.6,5.0,10,174.33333333333334,0.09709936,0.0004940368897157385
OFF,0.5,0.6,5.0,10,174.5,0.09708866000000001,0.0005150610724952916
OFF,0.5,0.6,5.0,10,174.66666666666666,0.09729239,0.00042969533963030116
OFF,0.5,0.6,5.0,10,174.83333333333334,0.09730117999999999,0.0002599114726209672
OFF,0.5,0.6,5.0,10,175.0,0.09718077,0.0003939969721964857
OFF,0.5,0.6,5.0,10,175.16666666666666,0.09691894999999999,0.00039949397304590265
OFF,0.5,0.6,5.0,10,175.33333333333334,0.09702445,0.0003529198301314346
OFF,0.5,0.6,5.0,10,175.5,0.09715286,0.0003344377227526825
OFF,0.5,0.6,5.0,10,175.66666666666666,0.09713605,0.00043368168799247435
OFF,0.5,0.6,5.0,10,175.83333333333334,0.09716089000000003,0.0005657046162972337
OFF,0.5,0.6,5.0,10,176.0,0.09706649,0.0005880690562340467
OFF,0.5,0.6,5.0,10,176.16666666666666,0.09704508,0.000571425270354749
OFF,0.5,0.6,5.0,10,176.33333333333334,0.09693613999999999,0.0005971643646434391
OFF,0.5,0.6,5.0,10,176.5,0.09687118,0.0005534715002599503
OFF,0.5,0.6,5.0,10,176.66666666666666,0.09690213,0.0005044032574240604
OFF,0.5,0.6,5.0,10,176.83333333333334,0.09677333,0.00043266703837939924
OFF,0.5,0.6,5.0,10,177.0,0.09693423999999999,0.0005069807278388411
OFF,0.5,0.6,5.0,10,177.16666666666666,0.09698775000000001,0.0006463459294371701
OFF,0.5,0.6,5.0,10,177.33333333333334,0.09697668000000001,0.0006728172676143206
OFF,0.5,0.6,5.0,10,177.5,0.0968448,0.0006601439842943377
OFF,0.5,0.6,5.0,10,177.66666666666666,0.09669268,0.0006315923001430595
OFF,0.5,0.6,5.0,10,177.83333333333334,0.09690329,0.000512852441643794
OFF,0.5,0.6,5.0,10,178.0,0.09689296,0.0005177003075139151
OFF,0.5,0.6,5.0,10,178.16666666666666,0.09686697000000001,0.00043839978113589383
OFF,0.5,0.6,5.0,10,178.33333333333334,0.097068,0.00045066865877271925
OFF,0.5,0.6,5.0,10,178.5,0.09704164000000001,0.0005428210500708305
OFF,0.5,0.6,5.0,10,178.66666666666666,0.09711658000000001,0.0006082716643079813
OFF,0.5,0.6,5.0,10,178.83333333333334,0.09706612,0.0007011293501202194
OFF,0.5,0.6,5.0,10,179.0,0.0970768,0.0005585248105500797
OFF,0.5,0.6,5.0,10,179.16666666666666,0.09724002999999999,0.0004245852919025831
OFF,0.5,0.6,5.0,10,179.33333333333334,0.09724192000000001,0.00047855310844252064
OFF,0.5,0.6,5.0,10,179.5,0.09713759000000001,0.0005537762083188503
OFF,0.5,0.6,5.0,10,179.66666666666666,0.09703898,0.0006018850551392671
OFF,0.5,0.6,5.0,10,179.83333333333334,0.09705808,0.0005967780220484004
OFF,0.5,0.6,5.0,10,180.0,0.09703554000000002,0.0005897022031500286
OFF,0.5,0.6,5.0,10,180.16666666666666,0.09686122999999999,0.000519865636583145
OFF,0.5,0.6,5.0,10,180.33333333333334,0.09688226999999999,0.000676906454467677
OFF,0.5,0.6,5.0,10,180.5,0.09697131,0.0006540076290839431
OFF,0.5,0.6,5.0,10,180.66666666666666,0.09700572,0.000495476441014101
OFF,0.5,0.6,5.0,10,180.83333333333334,0.09701143999999999,0.0005006878372798755
OFF,0.5,0.6,5.0,10,181.0,0.09699769,0.0006106586353274643
OFF,0.5,0.6,5.0,10,181.16666666666666,0.09713451999999999,0.0005341227626679101
OFF,0.5,0.6,5.0,10,181.33333333333334,0.09700647999999999,0.0003364273674955704
OFF,0.5,0.6,5.0,10,181.5,0.09700801,0.00030344700179768053
OFF,0.5,0.6,5.0,10,181.66666666666666,0.09705464999999999,0.0003517849748070561
OFF,0.5,0.6,5.0,10,181.83333333333334,0.09702482999999999,0.0003559889746888253
OFF,0.5,0.6,5.0,10,182.0,0.09686162999999999,0.0005836396012095153
OFF,0.5,0.6,5.0,10,182.16666666666666,0.09709133,0.000660666661865121
OFF,0.5,0.6,5.0,10,182.33333333333334,0.09712114999999999,0.0005326760633818631
OFF,0.5,0.6,5.0,10,182.5,0.09718843999999999,0.0005014211646909213
OFF,0.5,0.6,5.0,10,182.66666666666666,0.09720333,0.0006232532198873896
OFF,0.5,0.6,5.0,10,182.83333333333334,0.09720524,0.0005459863243708581
OFF,0.5,0.6,5.0,10,183.0,0.0972832,0.0006384929631562135
OFF,0.5,0.6,5.0,10,183.16666666666666,0.09732715,0.0006463014053056047
OFF,0.5,0.6,5.0,10,183.33333333333334,0.09721632000000001,0.0007245284877767044
OFF,0.5,0.6,5.0,10,183.5,0.09732219,0.0005630334651688133
OFF,0.5,0.6,5.0,10,183.66666666666666,0.09739748000000001,0.0005999574681592024
OFF,0.5,0.6,5.0,10,183.83333333333334,0.09729125000000001,0.0006526506465943341
OFF,0.5,0.6,5.0,10,184.0,0.09735316000000001,0.0005863043189334357
OFF,0.5,0.6,5.0,10,184.16666666666666,0.09739787999999999,0.0003750666815380983
OFF,0.5,0.6,5.0,10,184.33333333333334,0.09731302,0.0004988145362757566
OFF,0.5,0.6,5.0,10,184.5,0.09718346000000003,0.0004400612325574692
OFF,0.5,0.6,5.0,10,184.66666666666666,0.09710890999999999,0.00037953903475136777
OFF,0.5,0.6,5.0,10,184.83333333333334,0.09720868,0.0003633720291932214
OFF,0.5,0.6,5.0,10,185.0,0.09713490999999999,0.0003948607892662933
OFF,0.5,0.6,5.0,10,185.16666666666666,0.09715707999999999,0.000443620283125108
OFF,0.5,0.6,5.0,10,185.33333333333334,0.09708903999999999,0.0004141524627477206
OFF,0.5,0.6,5.0,10,185.5,0.09694188000000001,0.0005513540038849785
OFF,0.5,0.6,5.0,10,185.66666666666666,0.09701451,0.0006404911965827472
OFF,0.5,0.6,5.0,10,185.83333333333334,0.09721861000000001,0.0006829149089747559
OFF,0.5,0.6,5.0,10,186.0,0.09725071,0.0006085618332593639
OFF,0.5,0.6,5.0,10,186.16666666666666,0.09720523,0.00042932569466548316
OFF,0.5,0.6,5.0,10,186.33333333333334,0.09721861,0.0004202706162700405
OFF,0.5,0.6,5.0,10,186.5,0.09730193000000001,0.00040218164067992935
OFF,0.5,0.6,5.0,10,186.66666666666666,0.09716623,0.0005874251408477508
OFF,0.5,0.6,5.0,10,186.83333333333334,0.09714751000000002,0.0005857393489428551
OFF,0.5,0.6,5.0,10,187.0,0.09717313,0.0006777143307471085
OFF,0.5,0.6,5.0,10,187.16666666666666,0.09711540999999999,0.0006668827354940304
OFF,0.5,0.6,5.0,10,187.33333333333334,0.09697857000000001,0.0006397723580305721
OFF,0.5,0.6,5.0,10,187.5,0.09696442999999999,0.0006556257439271263
OFF,0.5,0.6,5.0,10,187.66666666666666,0.09707680999999999,0.0005745304960574327
OFF,0.5,0.6,5.0,10,187.83333333333334,0.09711120999999998,0.000615937197204392
OFF,0.5,0.6,5.0,10,188.0,0.09706841,0.0007539236253759378
OFF,0.5,0.6,5.0,10,188.16666666666666,0.09712956000000002,0.0008509877768804909
OFF,0.5,0.6,5.0,10,188.33333333333334,0.09702596999999999,0.000672361828259163
OFF,0.5,0.6,5.0,10,188.5,0.09687959000000002,0.0005715575989347007
OFF,0.5,0.6,5.0,10,188.66666666666666,0.09684441,0.0006666533618755717
OFF,0.5,0.6,5.0,10,188.83333333333334,0.09686544,0.000647600710623453
OFF,0.5,0.6,5.0,10,189.0,0.09698623,0.0006138924727507261
OFF,0.5,0.6,5.0,10,189.16666666666666,0.09707145,0.0006773164655462013
OFF,0.5,0.6,5.0,10,189.33333333333334,0.09686925999999998,0.0006149467980240251
OFF,0.5,0.6,5.0,10,189.5,0.09678213000000001,0.000586973982472817
OFF,0.5,0.6,5.0,10,189.66666666666666,0.09695488000000001,0.000456451707850897
OFF,0.5,0.6,5.0,10,189.83333333333334,0.09684938,0.0004343026751011352
OFF,0.5,0.6,5.0,10,190.0,0.09687538,0.0006234454150926105
OFF,0.5,0.6,5.0,10,190.16666666666666,0.09684861,0.0006065323675616997
OFF,0.5,0.6,5.0,10,190.33333333333334,0.09681118000000001,0.0006420748021842952
OFF,0.5,0.6,5.0,10,190.5,0.09693155,0.00042211828733187956
OFF,0.5,0.6,5.0,10,190.66666666666666,0.09706382,0.00045545523995229323
OFF,0.5,0.6,5.0,10,190.83333333333334,0.09695755,0.0004898500408288215
OFF,0.5,0.6,5.0,10,191.0,0.09693386999999999,0.0003753474525023468
OFF,0.5,0.6,5.0,10,191.16666666666666,0.09714333000000001,0.0003391581756349119
OFF,0.5,0.6,5.0,10,191.33333333333334,0.09732485999999999,0.0005784180360258493
OFF,0.5,0.6,5.0,10,191.5,0.09740856,0.0006159122051071888
OFF,0.5,0.6,5.0,10,191.66666666666666,0.09740474000000002,0.0006345352775062999
OFF,0.5,0.6,5.0,10,191.83333333333334,0.0972813,0.0006305708905428498
OFF,0.5,0.6,5.0,10,191.99833333333333,0.09710547,0.0007060308959953523
OFF,0.5,0.6,5.0,10,192.0,0.09709821,0.0007220650143165787
